metric,animal,session_type,LED_trial,session,relative_session,window_sessions,defined,n_sessions_used,window_first_session,window_last_session,window_session_ids,window_aborts,window_eligible_trials,fraction,raw_aborts,raw_eligible_trials,raw_fraction
isolated,92,7,0,40,-35,3,True,2,40.0,41.0,"40,41",65,778,0.08354755784061697,37,340,0.10882352941176471
isolated,92,7,0,41,-34,3,True,3,40.0,42.0,"40,41,42",103,1243,0.08286403861625101,28,438,0.0639269406392694
isolated,92,7,0,42,-33,3,True,3,41.0,43.0,"41,42,43",100,1296,0.07716049382716049,38,465,0.08172043010752689
isolated,92,7,0,43,-32,3,True,3,42.0,44.0,"42,43,44",94,1214,0.07742998352553541,34,393,0.08651399491094147
isolated,92,7,0,44,-31,3,True,3,43.0,45.0,"43,44,45",81,1184,0.06841216216216216,22,356,0.06179775280898876
isolated,92,7,0,45,-30,3,True,3,44.0,46.0,"44,45,46",89,1225,0.07265306122448979,25,435,0.05747126436781609
isolated,92,7,0,46,-29,3,True,3,45.0,47.0,"45,46,47",113,1294,0.08732612055641421,42,434,0.0967741935483871
isolated,92,7,0,47,-28,3,True,3,46.0,48.0,"46,47,48",153,1351,0.11324944485566248,46,425,0.10823529411764705
isolated,92,7,0,48,-27,3,True,3,47.0,49.0,"47,48,49",161,1359,0.11846946284032377,65,492,0.13211382113821138
isolated,92,7,0,49,-26,3,True,3,48.0,50.0,"48,49,50",166,1388,0.11959654178674352,50,442,0.11312217194570136
isolated,92,7,0,50,-25,3,True,3,49.0,51.0,"49,50,51",159,1404,0.11324786324786325,51,454,0.11233480176211454
isolated,92,7,0,51,-24,3,True,3,50.0,52.0,"50,51,52",161,1431,0.11250873515024458,58,508,0.1141732283464567
isolated,92,7,0,52,-23,3,True,3,51.0,53.0,"51,52,53",164,1377,0.11909949164851126,52,469,0.11087420042643924
isolated,92,7,0,53,-22,3,True,3,52.0,54.0,"52,53,54",160,1378,0.11611030478955008,54,400,0.135
isolated,92,7,0,54,-21,3,True,3,53.0,55.0,"53,54,55",148,1302,0.11367127496159754,54,509,0.10609037328094302
isolated,92,7,0,55,-20,3,True,3,54.0,56.0,"54,55,56",151,1357,0.11127487103905674,40,393,0.10178117048346055
isolated,92,7,0,56,-19,3,True,3,55.0,57.0,"55,56,57",144,1351,0.10658771280532939,57,455,0.12527472527472527
isolated,92,7,0,57,-18,3,True,3,56.0,58.0,"56,57,58",136,1355,0.1003690036900369,47,503,0.09343936381709742
isolated,92,7,0,58,-17,3,True,3,57.0,59.0,"57,58,59",121,1388,0.08717579250720461,32,397,0.08060453400503778
isolated,92,7,0,59,-16,3,True,3,58.0,60.0,"58,59,60",88,1144,0.07692307692307693,42,488,0.0860655737704918
isolated,92,7,0,60,-15,3,True,3,59.0,61.0,"59,60,61",121,1181,0.10245554614733277,14,259,0.05405405405405406
isolated,92,7,0,61,-14,3,True,3,60.0,62.0,"60,61,62",112,1181,0.09483488569009314,65,434,0.1497695852534562
isolated,92,7,0,62,-13,3,True,3,61.0,63.0,"61,62,63",141,1299,0.10854503464203233,33,488,0.06762295081967214
isolated,92,7,0,63,-12,3,True,3,62.0,64.0,"62,63,64",105,1203,0.08728179551122195,43,377,0.11405835543766578
isolated,92,7,0,64,-11,3,True,3,63.0,65.0,"63,64,65",118,1153,0.1023417172593235,29,338,0.08579881656804733
isolated,92,7,0,65,-10,3,True,3,64.0,66.0,"64,65,66",117,1168,0.10017123287671233,46,438,0.1050228310502283
isolated,92,7,0,66,-9,3,True,3,65.0,67.0,"65,66,67",153,1249,0.12249799839871897,42,392,0.10714285714285714
isolated,92,7,0,67,-8,3,True,3,66.0,68.0,"66,67,68",154,1329,0.11587659894657637,65,419,0.15513126491646778
isolated,92,7,0,68,-7,3,True,3,67.0,69.0,"67,68,69",162,1378,0.11756168359941944,47,518,0.09073359073359073
isolated,92,7,0,69,-6,3,True,3,68.0,70.0,"68,69,70",152,1436,0.10584958217270195,50,441,0.11337868480725624
isolated,92,7,0,70,-5,3,True,3,69.0,71.0,"69,70,71",158,1372,0.1151603498542274,55,477,0.11530398322851153
isolated,92,7,0,71,-4,3,True,3,70.0,72.0,"70,71,72",158,1475,0.10711864406779661,53,454,0.11674008810572688
isolated,92,7,0,72,-3,3,True,3,71.0,73.0,"71,72,73",139,1353,0.10273466371027347,50,544,0.09191176470588236
isolated,92,7,0,73,-2,3,True,3,72.0,74.0,"72,73,74",141,1432,0.09846368715083799,36,355,0.10140845070422536
isolated,92,7,0,74,-1,3,True,2,73.0,74.0,"73,74",91,888,0.10247747747747747,55,533,0.10318949343339587
isolated,92,7,1,40,-35,3,True,2,40.0,41.0,"40,41",39,437,0.08924485125858124,25,179,0.13966480446927373
isolated,92,7,1,41,-34,3,True,3,40.0,42.0,"40,41,42",56,675,0.08296296296296296,14,258,0.05426356589147287
isolated,92,7,1,42,-33,3,True,3,41.0,43.0,"41,42,43",56,692,0.08092485549132948,17,238,0.07142857142857142
isolated,92,7,1,43,-32,3,True,3,42.0,44.0,"42,43,44",53,614,0.08631921824104234,25,196,0.12755102040816327
isolated,92,7,1,44,-31,3,True,3,43.0,45.0,"43,44,45",47,569,0.08260105448154657,11,180,0.06111111111111111
isolated,92,7,1,45,-30,3,True,3,44.0,46.0,"44,45,46",44,559,0.07871198568872988,11,193,0.05699481865284974
isolated,92,7,1,46,-29,3,True,3,45.0,47.0,"45,46,47",57,630,0.09047619047619047,22,186,0.11827956989247312
isolated,92,7,1,47,-28,3,True,3,46.0,48.0,"46,47,48",81,682,0.1187683284457478,24,251,0.09561752988047809
isolated,92,7,1,48,-27,3,True,3,47.0,49.0,"47,48,49",81,708,0.11440677966101695,35,245,0.14285714285714285
isolated,92,7,1,49,-26,3,True,3,48.0,50.0,"48,49,50",88,704,0.125,22,212,0.10377358490566038
isolated,92,7,1,50,-25,3,True,3,49.0,51.0,"49,50,51",75,673,0.11144130757800892,31,247,0.12550607287449392
isolated,92,7,1,51,-24,3,True,3,50.0,52.0,"50,51,52",81,694,0.11671469740634005,22,214,0.102803738317757
isolated,92,7,1,52,-23,3,True,3,51.0,53.0,"51,52,53",84,685,0.12262773722627737,28,233,0.12017167381974249
isolated,92,7,1,53,-22,3,True,3,52.0,54.0,"52,53,54",94,713,0.13183730715287517,34,238,0.14285714285714285
isolated,92,7,1,54,-21,3,True,3,53.0,55.0,"53,54,55",85,678,0.12536873156342182,32,242,0.1322314049586777
isolated,92,7,1,55,-20,3,True,3,54.0,56.0,"54,55,56",84,685,0.12262773722627737,19,198,0.09595959595959595
isolated,92,7,1,56,-19,3,True,3,55.0,57.0,"55,56,57",70,700,0.1,33,245,0.1346938775510204
isolated,92,7,1,57,-18,3,True,3,56.0,58.0,"56,57,58",59,676,0.08727810650887574,18,257,0.07003891050583658
isolated,92,7,1,58,-17,3,True,3,57.0,59.0,"57,58,59",56,672,0.08333333333333333,8,174,0.04597701149425287
isolated,92,7,1,59,-16,3,True,3,58.0,60.0,"58,59,60",47,570,0.0824561403508772,30,241,0.12448132780082988
isolated,92,7,1,60,-15,3,True,3,59.0,61.0,"59,60,61",70,646,0.10835913312693499,9,155,0.05806451612903226
isolated,92,7,1,61,-14,3,True,3,60.0,62.0,"60,61,62",58,624,0.09294871794871795,31,250,0.124
isolated,92,7,1,62,-13,3,True,3,61.0,63.0,"61,62,63",70,707,0.09900990099009901,18,219,0.0821917808219178
isolated,92,7,1,63,-12,3,True,3,62.0,64.0,"62,63,64",57,644,0.08850931677018634,21,238,0.08823529411764706
isolated,92,7,1,64,-11,3,True,3,63.0,65.0,"63,64,65",52,652,0.07975460122699386,18,187,0.0962566844919786
isolated,92,7,1,65,-10,3,True,3,64.0,66.0,"64,65,66",54,605,0.08925619834710743,13,227,0.05726872246696035
isolated,92,7,1,66,-9,3,True,3,65.0,67.0,"65,66,67",71,654,0.10856269113149847,23,191,0.12041884816753927
isolated,92,7,1,67,-8,3,True,3,66.0,68.0,"66,67,68",99,688,0.1438953488372093,35,236,0.1483050847457627
isolated,92,7,1,68,-7,3,True,3,67.0,69.0,"67,68,69",110,781,0.14084507042253522,41,261,0.15708812260536398
isolated,92,7,1,69,-6,3,True,3,68.0,70.0,"68,69,70",93,756,0.12301587301587301,34,284,0.11971830985915492
isolated,92,7,1,70,-5,3,True,3,69.0,71.0,"69,70,71",85,780,0.10897435897435898,18,211,0.08530805687203792
isolated,92,7,1,71,-4,3,True,3,70.0,72.0,"70,71,72",80,776,0.10309278350515463,33,285,0.11578947368421053
isolated,92,7,1,72,-3,3,True,3,71.0,73.0,"71,72,73",92,770,0.11948051948051948,29,280,0.10357142857142858
isolated,92,7,1,73,-2,3,True,3,72.0,74.0,"72,73,74",86,722,0.11911357340720222,30,205,0.14634146341463414
isolated,92,7,1,74,-1,3,True,2,73.0,74.0,"73,74",57,442,0.12895927601809956,27,237,0.11392405063291139
isolated,92,8,0,75,0,3,True,2,75.0,76.0,"75,76",71,752,0.09441489361702128,56,464,0.1206896551724138
isolated,92,8,0,76,1,3,True,3,75.0,77.0,"75,76,77",134,1252,0.10702875399361023,15,288,0.052083333333333336
isolated,92,8,0,77,2,3,True,2,76.0,77.0,"76,77",78,788,0.09898477157360407,63,500,0.126
isolated,92,8,0,81,6,3,True,2,81.0,82.0,"81,82",77,833,0.09243697478991597,42,450,0.09333333333333334
isolated,92,8,0,82,7,3,True,3,81.0,83.0,"81,82,83",91,950,0.09578947368421052,35,383,0.09138381201044386
isolated,92,8,0,83,8,3,True,3,82.0,84.0,"82,83,84",97,954,0.10167714884696016,14,117,0.11965811965811966
isolated,92,8,0,84,9,3,True,3,83.0,85.0,"83,84,85",106,1018,0.10412573673870335,48,454,0.10572687224669604
isolated,92,8,0,85,10,3,True,2,84.0,85.0,"84,85",92,901,0.10210876803551609,44,447,0.09843400447427293
isolated,92,8,0,88,13,3,True,2,88.0,89.0,"88,89",47,508,0.09251968503937008,10,216,0.046296296296296294
isolated,92,8,0,89,14,3,True,3,88.0,90.0,"88,89,90",99,885,0.11186440677966102,37,292,0.1267123287671233
isolated,92,8,0,90,15,3,True,3,89.0,91.0,"89,90,91",143,1158,0.1234887737478411,52,377,0.13793103448275862
isolated,92,8,0,91,16,3,True,3,90.0,92.0,"90,91,92",143,1266,0.11295418641390205,54,489,0.11042944785276074
isolated,92,8,0,92,17,3,True,3,91.0,93.0,"91,92,93",125,1352,0.09245562130177515,37,400,0.0925
isolated,92,8,0,93,18,3,True,3,92.0,94.0,"92,93,94",95,1281,0.0741608118657299,34,463,0.0734341252699784
isolated,92,8,0,94,19,3,True,2,93.0,94.0,"93,94",58,881,0.06583427922814983,24,418,0.05741626794258373
isolated,92,8,0,96,21,3,True,2,96.0,97.0,"96,97",86,803,0.10709838107098381,46,464,0.09913793103448276
isolated,92,8,0,97,22,3,True,3,96.0,98.0,"96,97,98",122,1280,0.0953125,40,339,0.11799410029498525
isolated,92,8,0,98,23,3,True,3,97.0,99.0,"97,98,99",117,1313,0.0891089108910891,36,477,0.07547169811320754
isolated,92,8,0,99,24,3,True,3,98.0,100.0,"98,99,100",117,1426,0.0820476858345021,41,497,0.08249496981891348
isolated,92,8,0,100,25,3,True,3,99.0,101.0,"99,100,101",107,1275,0.08392156862745098,40,452,0.08849557522123894
isolated,92,8,0,101,26,3,True,3,100.0,102.0,"100,101,102",93,939,0.09904153354632587,26,326,0.07975460122699386
isolated,92,8,0,102,27,3,True,3,101.0,103.0,"101,102,103",82,934,0.08779443254817987,27,161,0.16770186335403728
isolated,92,8,0,103,28,3,True,3,102.0,104.0,"102,103,104",85,999,0.08508508508508508,29,447,0.06487695749440715
isolated,92,8,0,104,29,3,True,2,103.0,104.0,"103,104",58,838,0.06921241050119331,29,391,0.0741687979539642
isolated,92,8,1,75,0,3,True,2,75.0,76.0,"75,76",35,507,0.06903353057199212,24,228,0.10526315789473684
isolated,92,8,1,76,1,3,True,3,75.0,77.0,"75,76,77",60,747,0.08032128514056225,11,279,0.03942652329749104
isolated,92,8,1,77,2,3,True,2,76.0,77.0,"76,77",36,519,0.06936416184971098,25,240,0.10416666666666667
isolated,92,8,1,81,6,3,True,2,81.0,82.0,"81,82",43,503,0.08548707753479125,22,247,0.08906882591093117
isolated,92,8,1,82,7,3,True,3,81.0,83.0,"81,82,83",51,573,0.08900523560209424,21,256,0.08203125
isolated,92,8,1,83,8,3,True,3,82.0,84.0,"82,83,84",51,599,0.08514190317195326,8,70,0.11428571428571428
isolated,92,8,1,84,9,3,True,3,83.0,85.0,"83,84,85",52,599,0.08681135225375626,22,273,0.08058608058608059
isolated,92,8,1,85,10,3,True,2,84.0,85.0,"84,85",44,529,0.0831758034026465,22,256,0.0859375
isolated,92,8,1,88,13,3,True,2,88.0,89.0,"88,89",14,319,0.0438871473354232,1,127,0.007874015748031496
isolated,92,8,1,89,14,3,True,3,88.0,90.0,"88,89,90",38,584,0.06506849315068493,13,192,0.06770833333333333
isolated,92,8,1,90,15,3,True,3,89.0,91.0,"89,90,91",62,745,0.08322147651006712,24,265,0.09056603773584905
isolated,92,8,1,91,16,3,True,3,90.0,92.0,"90,91,92",69,776,0.08891752577319588,25,288,0.08680555555555555
isolated,92,8,1,92,17,3,True,3,91.0,93.0,"91,92,93",70,775,0.09032258064516129,20,223,0.08968609865470852
isolated,92,8,1,93,18,3,True,3,92.0,94.0,"92,93,94",63,742,0.08490566037735849,25,264,0.0946969696969697
isolated,92,8,1,94,19,3,True,3,93.0,95.0,"93,94,95",43,534,0.08052434456928839,18,255,0.07058823529411765
isolated,92,8,1,95,20,3,True,3,94.0,96.0,"94,95,96",36,507,0.07100591715976332,0,15,0.0
isolated,92,8,1,96,21,3,True,3,95.0,97.0,"95,96,97",28,452,0.061946902654867256,18,237,0.0759493670886076
isolated,92,8,1,97,22,3,True,3,96.0,98.0,"96,97,98",48,714,0.06722689075630252,10,200,0.05
isolated,92,8,1,98,23,3,True,3,97.0,99.0,"97,98,99",50,718,0.06963788300835655,20,277,0.07220216606498195
isolated,92,8,1,99,24,3,True,3,98.0,100.0,"98,99,100",59,760,0.07763157894736843,20,241,0.08298755186721991
isolated,92,8,1,100,25,3,True,3,99.0,101.0,"99,100,101",50,730,0.0684931506849315,19,242,0.07851239669421488
isolated,92,8,1,101,26,3,True,3,100.0,102.0,"100,101,102",42,581,0.07228915662650602,11,247,0.044534412955465584
isolated,92,8,1,102,27,3,True,3,101.0,103.0,"101,102,103",44,601,0.07321131447587355,12,92,0.13043478260869565
isolated,92,8,1,103,28,3,True,3,102.0,104.0,"102,103,104",55,621,0.08856682769726248,21,262,0.08015267175572519
isolated,92,8,1,104,29,3,True,2,103.0,104.0,"103,104",43,529,0.08128544423440454,22,267,0.08239700374531835
isolated,93,7,0,28,-27,3,True,2,28.0,29.0,"28,29",97,838,0.11575178997613365,54,439,0.12300683371298406
isolated,93,7,0,29,-26,3,True,3,28.0,30.0,"28,29,30",141,1276,0.11050156739811912,43,399,0.10776942355889724
isolated,93,7,0,30,-25,3,True,3,29.0,31.0,"29,30,31",118,1235,0.09554655870445344,44,438,0.1004566210045662
isolated,93,7,0,31,-24,3,True,3,30.0,32.0,"30,31,32",97,1182,0.08206429780033841,31,398,0.07788944723618091
isolated,93,7,0,32,-23,3,True,3,31.0,33.0,"31,32,33",101,1170,0.08632478632478632,22,346,0.06358381502890173
isolated,93,7,0,33,-22,3,True,3,32.0,34.0,"32,33,34",117,1208,0.09685430463576158,48,426,0.11267605633802817
isolated,93,7,0,34,-21,3,True,3,33.0,35.0,"33,34,35",141,1294,0.10896445131375579,47,436,0.10779816513761468
isolated,93,7,0,35,-20,3,True,3,34.0,36.0,"34,35,36",131,1361,0.09625275532696546,46,432,0.10648148148148148
isolated,93,7,0,36,-19,3,True,3,35.0,37.0,"35,36,37",127,1356,0.09365781710914454,38,493,0.07707910750507099
isolated,93,7,0,37,-18,3,True,3,36.0,38.0,"36,37,38",119,1364,0.0872434017595308,43,431,0.09976798143851508
isolated,93,7,0,38,-17,3,True,3,37.0,39.0,"37,38,39",122,1203,0.10141313383208644,38,440,0.08636363636363636
isolated,93,7,0,39,-16,3,True,3,38.0,40.0,"38,39,40",135,1216,0.11101973684210527,41,332,0.12349397590361445
isolated,93,7,0,40,-15,3,True,3,39.0,41.0,"39,40,41",129,1088,0.11856617647058823,56,444,0.12612612612612611
isolated,93,7,0,41,-14,3,True,3,40.0,42.0,"40,41,42",148,1197,0.12364243943191311,32,312,0.10256410256410256
isolated,93,7,0,42,-13,3,True,3,41.0,43.0,"41,42,43",153,1196,0.12792642140468227,60,441,0.1360544217687075
isolated,93,7,0,43,-12,3,True,3,42.0,44.0,"42,43,44",171,1343,0.12732688011913626,61,443,0.13769751693002258
isolated,93,7,0,44,-11,3,True,3,43.0,45.0,"43,44,45",143,1220,0.11721311475409836,50,459,0.10893246187363835
isolated,93,7,0,45,-10,3,True,3,44.0,46.0,"44,45,46",118,1217,0.09695973705834018,32,318,0.10062893081761007
isolated,93,7,0,46,-9,3,True,3,45.0,47.0,"45,46,47",101,1108,0.09115523465703972,36,440,0.08181818181818182
isolated,93,7,0,47,-8,3,True,3,46.0,48.0,"46,47,48",119,1204,0.09883720930232558,33,350,0.09428571428571429
isolated,93,7,0,48,-7,3,True,3,47.0,49.0,"47,48,49",127,1217,0.10435497124075596,50,414,0.12077294685990338
isolated,93,7,0,49,-6,3,True,3,48.0,50.0,"48,49,50",136,1359,0.10007358351729213,44,453,0.09713024282560706
isolated,93,7,0,50,-5,3,True,3,49.0,51.0,"49,50,51",117,1426,0.0820476858345021,42,492,0.08536585365853659
isolated,93,7,0,51,-4,3,True,3,50.0,52.0,"50,51,52",105,1444,0.07271468144044321,31,481,0.06444906444906445
isolated,93,7,0,52,-3,3,True,3,51.0,53.0,"51,52,53",96,1416,0.06779661016949153,32,471,0.06794055201698514
isolated,93,7,0,53,-2,3,True,3,52.0,54.0,"52,53,54",100,1437,0.06958942240779402,33,464,0.07112068965517242
isolated,93,7,0,54,-1,3,True,2,53.0,54.0,"53,54",68,966,0.07039337474120083,35,502,0.0697211155378486
isolated,93,7,1,28,-27,3,True,2,28.0,29.0,"28,29",53,449,0.11804008908685969,26,220,0.11818181818181818
isolated,93,7,1,29,-26,3,True,3,28.0,30.0,"28,29,30",71,663,0.10708898944193061,27,229,0.11790393013100436
isolated,93,7,1,30,-25,3,True,3,29.0,31.0,"29,30,31",64,671,0.09538002980625931,18,214,0.08411214953271028
isolated,93,7,1,31,-24,3,True,3,30.0,32.0,"30,31,32",57,634,0.08990536277602523,19,228,0.08333333333333333
isolated,93,7,1,32,-23,3,True,3,31.0,33.0,"31,32,33",59,665,0.0887218045112782,20,192,0.10416666666666667
isolated,93,7,1,33,-22,3,True,3,32.0,34.0,"32,33,34",62,670,0.09253731343283582,20,245,0.08163265306122448
isolated,93,7,1,34,-21,3,True,3,33.0,35.0,"33,34,35",72,716,0.1005586592178771,22,233,0.0944206008583691
isolated,93,7,1,35,-20,3,True,3,34.0,36.0,"34,35,36",71,660,0.10757575757575757,30,238,0.12605042016806722
isolated,93,7,1,36,-19,3,True,3,35.0,37.0,"35,36,37",73,656,0.11128048780487805,19,189,0.10052910052910052
isolated,93,7,1,37,-18,3,True,3,36.0,38.0,"36,37,38",62,631,0.098256735340729,24,229,0.10480349344978165
isolated,93,7,1,38,-17,3,True,3,37.0,39.0,"37,38,39",67,662,0.10120845921450151,19,213,0.0892018779342723
isolated,93,7,1,39,-16,3,True,3,38.0,40.0,"38,39,40",68,660,0.10303030303030303,24,220,0.10909090909090909
isolated,93,7,1,40,-15,3,True,3,39.0,41.0,"39,40,41",62,627,0.09888357256778309,25,227,0.11013215859030837
isolated,93,7,1,41,-14,3,True,3,40.0,42.0,"40,41,42",56,657,0.0852359208523592,13,180,0.07222222222222222
isolated,93,7,1,42,-13,3,True,3,41.0,43.0,"41,42,43",63,656,0.09603658536585366,18,250,0.072
isolated,93,7,1,43,-12,3,True,3,42.0,44.0,"42,43,44",82,733,0.11186903137789904,32,226,0.1415929203539823
isolated,93,7,1,44,-11,3,True,3,43.0,45.0,"43,44,45",75,673,0.11144130757800892,32,257,0.1245136186770428
isolated,93,7,1,45,-10,3,True,3,44.0,46.0,"44,45,46",78,710,0.10985915492957747,11,190,0.05789473684210526
isolated,93,7,1,46,-9,3,True,3,45.0,47.0,"45,46,47",69,652,0.1058282208588957,35,263,0.13307984790874525
isolated,93,7,1,47,-8,3,True,3,46.0,48.0,"46,47,48",89,702,0.1267806267806268,23,199,0.11557788944723618
isolated,93,7,1,48,-7,3,True,3,47.0,49.0,"47,48,49",81,676,0.11982248520710059,31,240,0.12916666666666668
isolated,93,7,1,49,-6,3,True,3,48.0,50.0,"48,49,50",79,690,0.1144927536231884,27,237,0.11392405063291139
isolated,93,7,1,50,-5,3,True,3,49.0,51.0,"49,50,51",65,683,0.0951683748169839,21,213,0.09859154929577464
isolated,93,7,1,51,-4,3,True,3,50.0,52.0,"50,51,52",55,673,0.08172362555720654,17,233,0.07296137339055794
isolated,93,7,1,52,-3,3,True,3,51.0,53.0,"51,52,53",66,697,0.09469153515064563,17,227,0.07488986784140969
isolated,93,7,1,53,-2,3,True,3,52.0,54.0,"52,53,54",70,707,0.09900990099009901,32,237,0.1350210970464135
isolated,93,7,1,54,-1,3,True,2,53.0,54.0,"53,54",53,480,0.11041666666666666,21,243,0.08641975308641975
isolated,93,8,0,55,0,3,True,2,55.0,56.0,"55,56",52,753,0.06905710491367861,26,368,0.07065217391304347
isolated,93,8,0,56,1,3,True,3,55.0,57.0,"55,56,57",83,1068,0.07771535580524344,26,385,0.06753246753246753
isolated,93,8,0,57,2,3,True,3,56.0,58.0,"56,57,58",73,991,0.07366296670030273,31,315,0.09841269841269841
isolated,93,8,0,58,3,3,True,3,57.0,59.0,"57,58,59",80,1061,0.07540056550424128,16,291,0.054982817869415807
isolated,93,8,0,59,4,3,True,3,58.0,60.0,"58,59,60",93,1257,0.07398568019093078,33,455,0.07252747252747253
isolated,93,8,0,60,5,3,True,3,59.0,61.0,"59,60,61",88,1314,0.0669710806697108,44,511,0.08610567514677103
isolated,93,8,0,61,6,3,True,3,60.0,62.0,"60,61,62",80,1196,0.06688963210702341,11,348,0.031609195402298854
isolated,93,8,0,62,7,3,True,3,61.0,63.0,"61,62,63",65,1169,0.055603079555175364,25,337,0.07418397626112759
isolated,93,8,0,63,8,3,True,3,62.0,64.0,"62,63,64",92,1248,0.07371794871794872,29,484,0.05991735537190083
isolated,93,8,0,64,9,3,True,3,63.0,65.0,"63,64,65",104,1352,0.07692307692307693,38,427,0.08899297423887588
isolated,93,8,0,65,10,3,True,3,64.0,66.0,"64,65,66",104,1176,0.08843537414965986,37,441,0.08390022675736962
isolated,93,8,0,66,11,3,True,3,65.0,67.0,"65,66,67",99,1087,0.09107635694572216,29,308,0.09415584415584416
isolated,93,8,0,67,12,3,True,3,66.0,68.0,"66,67,68",100,1070,0.09345794392523364,33,338,0.09763313609467456
isolated,93,8,0,68,13,3,True,3,67.0,69.0,"67,68,69",107,1181,0.09060118543607112,38,424,0.08962264150943396
isolated,93,8,0,69,14,3,True,3,68.0,70.0,"68,69,70",115,1350,0.08518518518518518,36,419,0.08591885441527446
isolated,93,8,0,70,15,3,True,3,69.0,71.0,"69,70,71",115,1438,0.0799721835883171,41,507,0.08086785009861933
isolated,93,8,0,71,16,3,True,3,70.0,72.0,"70,71,72",131,1421,0.09218859957776214,38,512,0.07421875
isolated,93,8,0,72,17,3,True,3,71.0,73.0,"71,72,73",125,1346,0.09286775631500743,52,402,0.12935323383084577
isolated,93,8,0,73,18,3,True,3,72.0,74.0,"72,73,74",129,1209,0.10669975186104218,35,432,0.08101851851851852
isolated,93,8,0,74,19,3,True,3,73.0,75.0,"73,74,75",109,1243,0.08769106999195495,42,375,0.112
isolated,93,8,0,75,20,3,True,3,74.0,76.0,"74,75,76",130,1270,0.10236220472440945,32,436,0.07339449541284404
isolated,93,8,0,76,21,3,True,3,75.0,77.0,"75,76,77",108,1304,0.08282208588957055,56,459,0.12200435729847495
isolated,93,8,0,77,22,3,True,3,76.0,78.0,"76,77,78",107,1299,0.08237105465742879,20,409,0.0488997555012225
isolated,93,8,0,78,23,3,True,3,77.0,79.0,"77,78,79",108,1246,0.08667736757624397,31,431,0.07192575406032482
isolated,93,8,0,79,24,3,True,3,78.0,80.0,"78,79,80",148,1322,0.11195158850226929,57,406,0.14039408866995073
isolated,93,8,0,80,25,3,True,3,79.0,81.0,"79,80,81",161,1297,0.12413261372397841,60,485,0.12371134020618557
isolated,93,8,0,81,26,3,True,3,80.0,82.0,"80,81,82",133,1262,0.10538827258320127,44,406,0.10837438423645321
isolated,93,8,0,82,27,3,True,2,81.0,82.0,"81,82",73,777,0.09395109395109395,29,371,0.07816711590296496
isolated,93,8,1,55,0,3,True,2,55.0,56.0,"55,56",30,427,0.0702576112412178,18,199,0.09045226130653267
isolated,93,8,1,56,1,3,True,3,55.0,57.0,"55,56,57",53,626,0.08466453674121406,12,228,0.05263157894736842
isolated,93,8,1,57,2,3,True,3,56.0,58.0,"56,57,58",46,581,0.07917383820998279,23,199,0.11557788944723618
isolated,93,8,1,58,3,3,True,3,57.0,59.0,"57,58,59",50,614,0.08143322475570032,11,154,0.07142857142857142
isolated,93,8,1,59,4,3,True,3,58.0,60.0,"58,59,60",54,697,0.07747489239598278,16,261,0.06130268199233716
isolated,93,8,1,60,5,3,True,3,59.0,61.0,"59,60,61",52,765,0.06797385620915032,27,282,0.09574468085106383
isolated,93,8,1,61,6,3,True,3,60.0,62.0,"60,61,62",47,726,0.06473829201101929,9,222,0.04054054054054054
isolated,93,8,1,62,7,3,True,3,61.0,63.0,"61,62,63",40,689,0.05805515239477504,11,222,0.04954954954954955
isolated,93,8,1,63,8,3,True,3,62.0,64.0,"62,63,64",51,732,0.06967213114754098,20,245,0.08163265306122448
isolated,93,8,1,64,9,3,True,3,63.0,65.0,"63,64,65",60,731,0.08207934336525308,20,265,0.07547169811320754
isolated,93,8,1,65,10,3,True,3,64.0,66.0,"64,65,66",52,689,0.07547169811320754,20,221,0.09049773755656108
isolated,93,8,1,66,11,3,True,3,65.0,67.0,"65,66,67",53,628,0.08439490445859872,12,203,0.059113300492610835
isolated,93,8,1,67,12,3,True,3,66.0,68.0,"66,67,68",58,704,0.08238636363636363,21,204,0.10294117647058823
isolated,93,8,1,68,13,3,True,3,67.0,69.0,"67,68,69",77,781,0.09859154929577464,25,297,0.08417508417508418
isolated,93,8,1,69,14,3,True,3,68.0,70.0,"68,69,70",76,860,0.08837209302325581,31,280,0.11071428571428571
isolated,93,8,1,70,15,3,True,3,69.0,71.0,"69,70,71",84,840,0.1,20,283,0.0706713780918728
isolated,93,8,1,71,16,3,True,3,70.0,72.0,"70,71,72",86,839,0.10250297973778308,33,277,0.11913357400722022
isolated,93,8,1,72,17,3,True,3,71.0,73.0,"71,72,73",85,788,0.10786802030456853,33,279,0.11827956989247312
isolated,93,8,1,73,18,3,True,3,72.0,74.0,"72,73,74",83,758,0.10949868073878628,19,232,0.08189655172413793
isolated,93,8,1,74,19,3,True,3,73.0,75.0,"73,74,75",85,753,0.11288180610889774,31,247,0.12550607287449392
isolated,93,8,1,75,20,3,True,3,74.0,76.0,"74,75,76",98,803,0.12204234122042341,35,274,0.12773722627737227
isolated,93,8,1,76,21,3,True,3,75.0,77.0,"75,76,77",88,864,0.10185185185185185,32,282,0.11347517730496454
isolated,93,8,1,77,22,3,True,3,76.0,78.0,"76,77,78",82,861,0.09523809523809523,21,308,0.06818181818181818
isolated,93,8,1,78,23,3,True,3,77.0,79.0,"77,78,79",90,858,0.1048951048951049,29,271,0.1070110701107011
isolated,93,8,1,79,24,3,True,3,78.0,80.0,"78,79,80",96,800,0.12,40,279,0.14336917562724014
isolated,93,8,1,80,25,3,True,3,79.0,81.0,"79,80,81",104,805,0.12919254658385093,27,250,0.108
isolated,93,8,1,81,26,3,True,3,80.0,82.0,"80,81,82",83,763,0.10878112712975098,37,276,0.13405797101449277
isolated,93,8,1,82,27,3,True,2,81.0,82.0,"81,82",56,513,0.10916179337231968,19,237,0.08016877637130802
isolated,98,7,0,28,-20,3,True,2,28.0,29.0,"28,29",87,893,0.09742441209406495,27,410,0.06585365853658537
isolated,98,7,0,29,-19,3,True,3,28.0,30.0,"28,29,30",134,1399,0.09578270192994996,60,483,0.12422360248447205
isolated,98,7,0,30,-18,3,True,3,29.0,31.0,"29,30,31",138,1256,0.10987261146496816,47,506,0.09288537549407115
isolated,98,7,0,31,-17,3,True,3,30.0,32.0,"30,31,32",121,1272,0.09512578616352202,31,267,0.11610486891385768
isolated,98,7,0,32,-16,3,True,3,31.0,33.0,"31,32,33",103,1154,0.08925476603119584,43,499,0.08617234468937876
isolated,98,7,0,33,-15,3,True,3,32.0,34.0,"32,33,34",151,1358,0.11119293078055964,29,388,0.07474226804123711
isolated,98,7,0,34,-14,3,True,3,33.0,35.0,"33,34,35",194,1425,0.13614035087719298,79,471,0.16772823779193205
isolated,98,7,0,35,-13,3,True,3,34.0,36.0,"34,35,36",216,1577,0.13696892834495877,86,566,0.1519434628975265
isolated,98,7,0,36,-12,3,True,3,35.0,37.0,"35,36,37",181,1625,0.11138461538461539,51,540,0.09444444444444444
isolated,98,7,0,37,-11,3,True,3,36.0,38.0,"36,37,38",132,1550,0.08516129032258064,44,519,0.08477842003853564
isolated,98,7,0,38,-10,3,True,3,37.0,39.0,"37,38,39",123,1386,0.08874458874458875,37,491,0.07535641547861507
isolated,98,7,0,39,-9,3,True,3,38.0,40.0,"38,39,40",145,1404,0.10327635327635327,42,376,0.11170212765957446
isolated,98,7,0,40,-8,3,True,3,39.0,41.0,"39,40,41",185,1405,0.13167259786476868,66,537,0.12290502793296089
isolated,98,7,0,41,-7,3,True,3,40.0,42.0,"40,41,42",185,1540,0.12012987012987013,77,492,0.1565040650406504
isolated,98,7,0,42,-6,3,True,3,41.0,43.0,"41,42,43",167,1530,0.10915032679738562,42,511,0.0821917808219178
isolated,98,7,0,43,-5,3,True,3,42.0,44.0,"42,43,44",145,1589,0.09125235997482693,48,527,0.09108159392789374
isolated,98,7,0,44,-4,3,True,3,43.0,45.0,"43,44,45",160,1656,0.0966183574879227,55,551,0.0998185117967332
isolated,98,7,0,45,-3,3,True,3,44.0,46.0,"44,45,46",172,1720,0.1,57,578,0.0986159169550173
isolated,98,7,0,46,-2,3,True,3,45.0,47.0,"45,46,47",153,1696,0.0902122641509434,60,591,0.10152284263959391
isolated,98,7,0,47,-1,3,True,2,46.0,47.0,"46,47",96,1118,0.08586762075134168,36,527,0.0683111954459203
isolated,98,7,1,28,-20,3,True,2,28.0,29.0,"28,29",44,468,0.09401709401709402,18,225,0.08
isolated,98,7,1,29,-19,3,True,3,28.0,30.0,"28,29,30",67,696,0.09626436781609195,26,243,0.10699588477366255
isolated,98,7,1,30,-18,3,True,3,29.0,31.0,"29,30,31",68,674,0.10089020771513353,23,228,0.10087719298245613
isolated,98,7,1,31,-17,3,True,3,30.0,32.0,"30,31,32",68,670,0.10149253731343283,19,203,0.09359605911330049
isolated,98,7,1,32,-16,3,True,3,31.0,33.0,"31,32,33",65,644,0.10093167701863354,26,239,0.1087866108786611
isolated,98,7,1,33,-15,3,True,3,32.0,34.0,"32,33,34",76,685,0.11094890510948906,20,202,0.09900990099009901
isolated,98,7,1,34,-14,3,True,3,33.0,35.0,"33,34,35",77,707,0.10891089108910891,30,244,0.12295081967213115
isolated,98,7,1,35,-13,3,True,3,34.0,36.0,"34,35,36",85,807,0.10532837670384139,27,261,0.10344827586206896
isolated,98,7,1,36,-12,3,True,3,35.0,37.0,"35,36,37",74,816,0.09068627450980392,28,302,0.09271523178807947
isolated,98,7,1,37,-11,3,True,3,36.0,38.0,"36,37,38",67,819,0.08180708180708181,19,253,0.07509881422924901
isolated,98,7,1,38,-10,3,True,3,37.0,39.0,"37,38,39",61,684,0.0891812865497076,20,264,0.07575757575757576
isolated,98,7,1,39,-9,3,True,3,38.0,40.0,"38,39,40",76,667,0.11394302848575712,22,167,0.1317365269461078
isolated,98,7,1,40,-8,3,True,3,39.0,41.0,"39,40,41",91,678,0.13421828908554573,34,236,0.1440677966101695
isolated,98,7,1,41,-7,3,True,3,40.0,42.0,"40,41,42",97,777,0.12483912483912483,35,275,0.12727272727272726
isolated,98,7,1,42,-6,3,True,3,41.0,43.0,"41,42,43",94,812,0.11576354679802955,28,266,0.10526315789473684
isolated,98,7,1,43,-5,3,True,3,42.0,44.0,"42,43,44",83,786,0.10559796437659033,31,271,0.11439114391143912
isolated,98,7,1,44,-4,3,True,3,43.0,45.0,"43,44,45",85,759,0.11198945981554677,24,249,0.0963855421686747
isolated,98,7,1,45,-3,3,True,3,44.0,46.0,"44,45,46",82,779,0.10526315789473684,30,239,0.12552301255230125
isolated,98,7,1,46,-2,3,True,3,45.0,47.0,"45,46,47",81,787,0.10292249047013977,28,291,0.09621993127147767
isolated,98,7,1,47,-1,3,True,2,46.0,47.0,"46,47",51,548,0.09306569343065693,23,257,0.08949416342412451
isolated,98,8,0,48,0,3,True,2,48.0,49.0,"48,49",47,652,0.07208588957055215,32,364,0.08791208791208792
isolated,98,8,0,49,1,3,True,3,48.0,50.0,"48,49,50",67,988,0.06781376518218624,15,288,0.052083333333333336
isolated,98,8,0,50,2,3,True,3,49.0,51.0,"49,50,51",59,1055,0.055924170616113746,20,336,0.05952380952380952
isolated,98,8,0,51,3,3,True,3,50.0,52.0,"50,51,52",69,1191,0.05793450881612091,24,431,0.05568445475638051
isolated,98,8,0,52,4,3,True,3,51.0,53.0,"51,52,53",102,1330,0.07669172932330827,25,424,0.0589622641509434
isolated,98,8,0,53,5,3,True,3,52.0,54.0,"52,53,54",142,1293,0.10982211910286156,53,475,0.11157894736842106
isolated,98,8,0,54,6,3,True,3,53.0,55.0,"53,54,55",172,1313,0.130997715156131,64,394,0.16243654822335024
isolated,98,8,0,55,7,3,True,3,54.0,56.0,"54,55,56",164,1210,0.13553719008264462,55,444,0.12387387387387387
isolated,98,8,0,56,8,3,True,3,55.0,57.0,"55,56,57",160,1257,0.12728719172633254,45,372,0.12096774193548387
isolated,98,8,0,57,9,3,True,3,56.0,58.0,"56,57,58",143,1159,0.12338222605694564,60,441,0.1360544217687075
isolated,98,8,0,58,10,3,True,3,57.0,59.0,"57,58,59",145,1131,0.1282051282051282,38,346,0.10982658959537572
isolated,98,8,0,59,11,3,True,3,58.0,60.0,"58,59,60",141,1114,0.12657091561938957,47,344,0.13662790697674418
isolated,98,8,0,60,12,3,True,3,59.0,61.0,"59,60,61",168,1212,0.13861386138613863,56,424,0.1320754716981132
isolated,98,8,0,61,13,3,True,3,60.0,62.0,"60,61,62",179,1304,0.13726993865030676,65,444,0.1463963963963964
isolated,98,8,0,62,14,3,True,3,61.0,63.0,"61,62,63",184,1299,0.14164742109314857,58,436,0.13302752293577982
isolated,98,8,0,63,15,3,True,3,62.0,64.0,"62,63,64",166,1271,0.13060582218725414,61,419,0.14558472553699284
isolated,98,8,0,64,16,3,True,3,63.0,65.0,"63,64,65",151,1228,0.12296416938110749,47,416,0.11298076923076923
isolated,98,8,0,65,17,3,True,3,64.0,66.0,"64,65,66",95,901,0.10543840177580466,43,393,0.10941475826972011
isolated,98,8,0,66,18,3,True,3,65.0,67.0,"65,66,67",109,947,0.11510031678986272,5,92,0.05434782608695652
isolated,98,8,0,67,19,3,True,2,66.0,67.0,"66,67",66,554,0.11913357400722022,61,462,0.13203463203463203
isolated,98,8,0,69,21,3,True,2,69.0,70.0,"69,70",126,916,0.13755458515283842,63,446,0.1412556053811659
isolated,98,8,0,70,22,3,True,3,69.0,71.0,"69,70,71",199,1321,0.1506434519303558,63,470,0.13404255319148936
isolated,98,8,0,71,23,3,True,3,70.0,72.0,"70,71,72",202,1296,0.1558641975308642,73,405,0.18024691358024691
isolated,98,8,0,72,24,3,True,3,71.0,73.0,"71,72,73",208,1332,0.15615615615615616,66,421,0.15676959619952494
isolated,98,8,0,73,25,3,True,3,72.0,74.0,"72,73,74",198,1417,0.1397318278052223,69,506,0.13636363636363635
isolated,98,8,0,74,26,3,True,2,73.0,74.0,"73,74",132,996,0.13253012048192772,63,490,0.12857142857142856
isolated,98,8,1,48,0,3,True,2,48.0,49.0,"48,49",30,504,0.05952380952380952,24,261,0.09195402298850575
isolated,98,8,1,49,1,3,True,3,48.0,50.0,"48,49,50",52,723,0.07192254495159059,6,243,0.024691358024691357
isolated,98,8,1,50,2,3,True,3,49.0,51.0,"49,50,51",55,776,0.07087628865979381,22,219,0.1004566210045662
isolated,98,8,1,51,3,3,True,3,50.0,52.0,"50,51,52",77,828,0.0929951690821256,27,314,0.08598726114649681
isolated,98,8,1,52,4,3,True,3,51.0,53.0,"51,52,53",88,901,0.097669256381798,28,295,0.09491525423728814
isolated,98,8,1,53,5,3,True,3,52.0,54.0,"52,53,54",105,878,0.11958997722095673,33,292,0.11301369863013698
isolated,98,8,1,54,6,3,True,3,53.0,55.0,"53,54,55",125,919,0.13601741022850924,44,291,0.15120274914089346
isolated,98,8,1,55,7,3,True,3,54.0,56.0,"54,55,56",131,949,0.1380400421496312,48,336,0.14285714285714285
isolated,98,8,1,56,8,3,True,3,55.0,57.0,"55,56,57",135,1000,0.135,39,322,0.12111801242236025
isolated,98,8,1,57,9,3,True,3,56.0,58.0,"56,57,58",120,889,0.13498312710911137,48,342,0.14035087719298245
isolated,98,8,1,58,10,3,True,3,57.0,59.0,"57,58,59",110,798,0.13784461152882205,33,225,0.14666666666666667
isolated,98,8,1,59,11,3,True,3,58.0,60.0,"58,59,60",113,769,0.1469440832249675,29,231,0.12554112554112554
isolated,98,8,1,60,12,3,True,3,59.0,61.0,"59,60,61",126,882,0.14285714285714285,51,313,0.16293929712460065
isolated,98,8,1,61,13,3,True,3,60.0,62.0,"60,61,62",130,947,0.13727560718057022,46,338,0.13609467455621302
isolated,98,8,1,62,14,3,True,3,61.0,63.0,"61,62,63",118,950,0.12421052631578948,33,296,0.11148648648648649
isolated,98,8,1,63,15,3,True,3,62.0,64.0,"62,63,64",107,926,0.11555075593952484,39,316,0.12341772151898735
isolated,98,8,1,64,16,3,True,3,63.0,65.0,"63,64,65",107,873,0.12256586483390607,35,314,0.11146496815286625
isolated,98,8,1,65,17,3,True,3,64.0,66.0,"64,65,66",71,736,0.09646739130434782,33,243,0.13580246913580246
isolated,98,8,1,66,18,3,True,3,65.0,67.0,"65,66,67",71,725,0.09793103448275862,3,179,0.01675977653631285
isolated,98,8,1,67,19,3,True,3,66.0,68.0,"66,67,68",38,486,0.07818930041152264,35,303,0.11551155115511551
isolated,98,8,1,68,20,3,True,3,67.0,69.0,"67,68,69",80,631,0.12678288431061807,0,4,0.0
isolated,98,8,1,69,21,3,True,3,68.0,70.0,"68,69,70",83,638,0.13009404388714735,45,324,0.1388888888888889
isolated,98,8,1,70,22,3,True,3,69.0,71.0,"69,70,71",128,975,0.13128205128205128,38,310,0.12258064516129032
isolated,98,8,1,71,23,3,True,3,70.0,72.0,"70,71,72",124,956,0.1297071129707113,45,341,0.13196480938416422
isolated,98,8,1,72,24,3,True,3,71.0,73.0,"71,72,73",117,913,0.12814895947426067,41,305,0.13442622950819672
isolated,98,8,1,73,25,3,True,3,72.0,74.0,"72,73,74",103,871,0.1182548794489093,31,267,0.11610486891385768
isolated,98,8,1,74,26,3,True,2,73.0,74.0,"73,74",62,566,0.10954063604240283,31,299,0.10367892976588629
isolated,99,7,0,28,-19,3,True,2,28.0,29.0,"28,29",158,930,0.16989247311827957,80,476,0.16806722689075632
isolated,99,7,0,29,-18,3,True,3,28.0,30.0,"28,29,30",204,1382,0.1476121562952243,78,454,0.17180616740088106
isolated,99,7,0,30,-17,3,True,3,29.0,31.0,"29,30,31",196,1480,0.13243243243243244,46,452,0.10176991150442478
isolated,99,7,0,31,-16,3,True,3,30.0,32.0,"30,31,32",167,1474,0.11329715061058344,72,574,0.1254355400696864
isolated,99,7,0,32,-15,3,True,3,31.0,33.0,"31,32,33",190,1538,0.1235370611183355,49,448,0.109375
isolated,99,7,0,33,-14,3,True,3,32.0,34.0,"32,33,34",164,1534,0.10691003911342895,69,516,0.13372093023255813
isolated,99,7,0,34,-13,3,True,3,33.0,35.0,"33,34,35",143,1464,0.0976775956284153,46,570,0.08070175438596491
isolated,99,7,0,35,-12,3,True,3,34.0,36.0,"34,35,36",133,1475,0.09016949152542372,28,378,0.07407407407407407
isolated,99,7,0,36,-11,3,True,3,35.0,37.0,"35,36,37",154,1485,0.1037037037037037,59,527,0.11195445920303605
isolated,99,7,0,37,-10,3,True,3,36.0,38.0,"36,37,38",165,1513,0.10905485789821547,67,580,0.11551724137931034
isolated,99,7,0,38,-9,3,True,3,37.0,39.0,"37,38,39",161,1591,0.10119421747328725,39,406,0.0960591133004926
isolated,99,7,0,39,-8,3,True,3,38.0,40.0,"38,39,40",139,1639,0.0848078096400244,55,605,0.09090909090909091
isolated,99,7,0,40,-7,3,True,3,39.0,41.0,"39,40,41",168,1829,0.09185347184253691,45,628,0.07165605095541401
isolated,99,7,0,41,-6,3,True,3,40.0,42.0,"40,41,42",187,1787,0.10464465584778959,68,596,0.11409395973154363
isolated,99,7,0,42,-5,3,True,3,41.0,43.0,"41,42,43",198,1635,0.12110091743119267,74,563,0.13143872113676733
isolated,99,7,0,43,-4,3,True,3,42.0,44.0,"42,43,44",178,1641,0.10847044485070079,56,476,0.11764705882352941
isolated,99,7,0,44,-3,3,True,3,43.0,45.0,"43,44,45",164,1674,0.0979689366786141,48,602,0.07973421926910298
isolated,99,7,0,45,-2,3,True,3,44.0,46.0,"44,45,46",154,1768,0.08710407239819004,60,596,0.10067114093959731
isolated,99,7,0,46,-1,3,True,2,45.0,46.0,"45,46",106,1166,0.09090909090909091,46,570,0.08070175438596491
isolated,99,7,1,28,-19,3,True,2,28.0,29.0,"28,29",57,458,0.12445414847161572,28,234,0.11965811965811966
isolated,99,7,1,29,-18,3,True,3,28.0,30.0,"28,29,30",85,671,0.12667660208643816,29,224,0.12946428571428573
isolated,99,7,1,30,-17,3,True,3,29.0,31.0,"29,30,31",91,724,0.12569060773480664,28,213,0.13145539906103287
isolated,99,7,1,31,-16,3,True,3,30.0,32.0,"30,31,32",83,711,0.11673699015471167,34,287,0.11846689895470383
isolated,99,7,1,32,-15,3,True,3,31.0,33.0,"31,32,33",82,774,0.10594315245478036,21,211,0.0995260663507109
isolated,99,7,1,33,-14,3,True,3,32.0,34.0,"32,33,34",82,816,0.10049019607843138,27,276,0.09782608695652174
isolated,99,7,1,34,-13,3,True,3,33.0,35.0,"33,34,35",78,849,0.09187279151943463,34,329,0.1033434650455927
isolated,99,7,1,35,-12,3,True,3,34.0,36.0,"34,35,36",81,882,0.09183673469387756,17,244,0.06967213114754098
isolated,99,7,1,36,-11,3,True,3,35.0,37.0,"35,36,37",72,808,0.0891089108910891,30,309,0.0970873786407767
isolated,99,7,1,37,-10,3,True,3,36.0,38.0,"36,37,38",81,795,0.1018867924528302,25,255,0.09803921568627451
isolated,99,7,1,38,-9,3,True,3,37.0,39.0,"37,38,39",83,772,0.10751295336787564,26,231,0.11255411255411256
isolated,99,7,1,39,-8,3,True,3,38.0,40.0,"38,39,40",90,848,0.10613207547169812,32,286,0.11188811188811189
isolated,99,7,1,40,-7,3,True,3,39.0,41.0,"39,40,41",91,923,0.09859154929577464,32,331,0.09667673716012085
isolated,99,7,1,41,-6,3,True,3,40.0,42.0,"40,41,42",84,915,0.09180327868852459,27,306,0.08823529411764706
isolated,99,7,1,42,-5,3,True,3,41.0,43.0,"41,42,43",73,860,0.08488372093023255,25,278,0.08992805755395683
isolated,99,7,1,43,-4,3,True,3,42.0,44.0,"42,43,44",82,894,0.09172259507829977,21,276,0.07608695652173914
isolated,99,7,1,44,-3,3,True,3,43.0,45.0,"43,44,45",93,868,0.10714285714285714,36,340,0.10588235294117647
isolated,99,7,1,45,-2,3,True,3,44.0,46.0,"44,45,46",97,878,0.11047835990888383,36,252,0.14285714285714285
isolated,99,7,1,46,-1,3,True,2,45.0,46.0,"45,46",61,538,0.11338289962825279,25,286,0.08741258741258741
isolated,99,8,0,47,0,3,True,2,47.0,48.0,"47,48",99,1001,0.0989010989010989,47,434,0.10829493087557604
isolated,99,8,0,48,1,3,True,3,47.0,49.0,"47,48,49",119,1388,0.08573487031700289,52,567,0.09171075837742504
isolated,99,8,0,49,2,3,True,3,48.0,50.0,"48,49,50",121,1482,0.0816464237516869,20,387,0.05167958656330749
isolated,99,8,0,50,3,3,True,3,49.0,51.0,"49,50,51",104,1460,0.07123287671232877,49,528,0.0928030303030303
isolated,99,8,0,51,4,3,True,3,50.0,52.0,"50,51,52",130,1616,0.08044554455445545,35,545,0.06422018348623854
isolated,99,8,0,52,5,3,True,3,51.0,53.0,"51,52,53",117,1656,0.07065217391304347,46,543,0.0847145488029466
isolated,99,8,0,53,6,3,True,3,52.0,54.0,"52,53,54",125,1658,0.07539203860072376,36,568,0.06338028169014084
isolated,99,8,0,54,7,3,True,3,53.0,55.0,"53,54,55",119,1647,0.07225258044930176,43,547,0.07861060329067641
isolated,99,8,0,55,8,3,True,3,54.0,56.0,"54,55,56",137,1650,0.08303030303030302,40,532,0.07518796992481203
isolated,99,8,0,56,9,3,True,3,55.0,57.0,"55,56,57",116,1335,0.08689138576779026,54,571,0.09457092819614711
isolated,99,8,0,57,10,3,True,3,56.0,58.0,"56,57,58",119,1299,0.09160892994611239,22,232,0.09482758620689655
isolated,99,8,0,58,11,3,True,3,57.0,59.0,"57,58,59",114,1268,0.08990536277602523,43,496,0.08669354838709678
isolated,99,8,0,59,12,3,True,3,58.0,60.0,"58,59,60",157,1585,0.09905362776025237,49,540,0.09074074074074075
isolated,99,8,0,60,13,3,True,3,59.0,61.0,"59,60,61",179,1657,0.108026554013277,65,549,0.11839708561020036
isolated,99,8,0,61,14,3,True,3,60.0,62.0,"60,61,62",186,1683,0.11051693404634581,65,568,0.11443661971830986
isolated,99,8,0,62,15,3,True,3,61.0,63.0,"61,62,63",155,1695,0.09144542772861357,56,566,0.0989399293286219
isolated,99,8,0,63,16,3,True,3,62.0,64.0,"62,63,64",106,1563,0.06781829814459372,34,561,0.06060606060606061
isolated,99,8,0,64,17,3,True,3,63.0,65.0,"63,64,65",88,1348,0.06528189910979229,16,436,0.03669724770642202
isolated,99,8,0,65,18,3,True,3,64.0,66.0,"64,65,66",89,1283,0.06936866718628215,38,351,0.10826210826210826
isolated,99,8,0,66,19,3,True,3,65.0,67.0,"65,66,67",123,1382,0.08900144717800289,35,496,0.07056451612903226
isolated,99,8,0,67,20,3,True,3,66.0,68.0,"66,67,68",125,1501,0.0832778147901399,50,535,0.09345794392523364
isolated,99,8,0,68,21,3,True,3,67.0,69.0,"67,68,69",133,1546,0.08602846054333764,40,470,0.0851063829787234
isolated,99,8,0,69,22,3,True,3,68.0,70.0,"68,69,70",94,1227,0.07660961695191525,43,541,0.07948243992606285
isolated,99,8,0,70,23,3,True,3,69.0,71.0,"69,70,71",101,1335,0.07565543071161049,11,216,0.05092592592592592
isolated,99,8,0,71,24,3,True,3,70.0,72.0,"70,71,72",88,1205,0.07302904564315353,47,578,0.08131487889273356
isolated,99,8,0,72,25,3,True,2,71.0,72.0,"71,72",77,989,0.07785642062689585,30,411,0.072992700729927
isolated,99,8,1,47,0,3,True,2,47.0,48.0,"47,48",58,594,0.09764309764309764,26,288,0.09027777777777778
isolated,99,8,1,48,1,3,True,3,47.0,49.0,"47,48,49",83,850,0.0976470588235294,32,306,0.10457516339869281
isolated,99,8,1,49,2,3,True,3,48.0,50.0,"48,49,50",89,885,0.10056497175141244,25,256,0.09765625
isolated,99,8,1,50,3,3,True,3,49.0,51.0,"49,50,51",85,920,0.09239130434782608,32,323,0.09907120743034056
isolated,99,8,1,51,4,3,True,3,50.0,52.0,"50,51,52",96,1019,0.09421000981354269,28,341,0.08211143695014662
isolated,99,8,1,52,5,3,True,3,51.0,53.0,"51,52,53",89,1056,0.08428030303030302,36,355,0.10140845070422536
isolated,99,8,1,53,6,3,True,3,52.0,54.0,"52,53,54",87,1060,0.0820754716981132,25,360,0.06944444444444445
isolated,99,8,1,54,7,3,True,3,53.0,55.0,"53,54,55",81,1036,0.07818532818532818,26,345,0.07536231884057971
isolated,99,8,1,55,8,3,True,3,54.0,56.0,"54,55,56",92,1029,0.08940719144800778,30,331,0.09063444108761329
isolated,99,8,1,56,9,3,True,3,55.0,57.0,"55,56,57",74,852,0.08685446009389672,36,353,0.10198300283286119
isolated,99,8,1,57,10,3,True,3,56.0,58.0,"56,57,58",66,773,0.08538163001293661,8,168,0.047619047619047616
isolated,99,8,1,58,11,3,True,3,57.0,59.0,"57,58,59",70,721,0.0970873786407767,22,252,0.0873015873015873
isolated,99,8,1,59,12,3,True,3,58.0,60.0,"58,59,60",109,857,0.12718786464410736,40,301,0.132890365448505
isolated,99,8,1,60,13,3,True,3,59.0,61.0,"59,60,61",125,955,0.13089005235602094,47,304,0.15460526315789475
isolated,99,8,1,61,14,3,True,3,60.0,62.0,"60,61,62",110,960,0.11458333333333333,38,350,0.10857142857142857
isolated,99,8,1,62,15,3,True,3,61.0,63.0,"61,62,63",81,949,0.08535300316122234,25,306,0.08169934640522876
isolated,99,8,1,63,16,3,True,3,62.0,64.0,"62,63,64",61,847,0.07201889020070838,18,293,0.06143344709897611
isolated,99,8,1,64,17,3,True,3,63.0,65.0,"63,64,65",58,792,0.07323232323232323,18,248,0.07258064516129033
isolated,99,8,1,65,18,3,True,3,64.0,66.0,"64,65,66",64,783,0.08173690932311622,22,251,0.08764940239043825
isolated,99,8,1,66,19,3,True,3,65.0,67.0,"65,66,67",88,897,0.09810479375696766,24,284,0.08450704225352113
isolated,99,8,1,67,20,3,True,3,66.0,68.0,"66,67,68",88,963,0.09138110072689512,42,362,0.11602209944751381
isolated,99,8,1,68,21,3,True,3,67.0,69.0,"67,68,69",95,998,0.09519038076152304,22,317,0.0694006309148265
isolated,99,8,1,69,22,3,True,3,68.0,70.0,"68,69,70",62,745,0.08322147651006712,31,319,0.09717868338557993
isolated,99,8,1,70,23,3,True,3,69.0,71.0,"69,70,71",70,739,0.09472259810554803,9,109,0.08256880733944955
isolated,99,8,1,71,24,3,True,3,70.0,72.0,"70,71,72",65,661,0.09833585476550681,30,311,0.09646302250803858
isolated,99,8,1,72,25,3,True,2,71.0,72.0,"71,72",56,552,0.10144927536231885,26,241,0.1078838174273859
isolated,100,7,0,28,-15,3,True,2,28.0,29.0,"28,29",81,880,0.09204545454545454,29,297,0.09764309764309764
isolated,100,7,0,29,-14,3,True,3,28.0,30.0,"28,29,30",111,1274,0.08712715855572999,52,583,0.08919382504288165
isolated,100,7,0,30,-13,3,True,3,29.0,31.0,"29,30,31",103,1229,0.0838079739625712,30,394,0.07614213197969544
isolated,100,7,0,31,-12,3,True,3,30.0,32.0,"30,31,32",95,1213,0.07831821929101401,21,252,0.08333333333333333
isolated,100,7,0,32,-11,3,True,3,31.0,33.0,"31,32,33",99,1314,0.07534246575342465,44,567,0.07760141093474426
isolated,100,7,0,33,-10,3,True,3,32.0,34.0,"32,33,34",108,1476,0.07317073170731707,34,495,0.06868686868686869
isolated,100,7,0,34,-9,3,True,3,33.0,35.0,"33,34,35",101,1352,0.07470414201183433,30,414,0.07246376811594203
isolated,100,7,0,35,-8,3,True,3,34.0,36.0,"34,35,36",110,1187,0.09267059814658804,37,443,0.0835214446952596
isolated,100,7,0,36,-7,3,True,3,35.0,37.0,"35,36,37",118,1249,0.0944755804643715,43,330,0.1303030303030303
isolated,100,7,0,37,-6,3,True,3,36.0,38.0,"36,37,38",101,1133,0.08914386584289496,38,476,0.07983193277310924
isolated,100,7,0,38,-5,3,True,3,37.0,39.0,"37,38,39",74,988,0.07489878542510121,20,327,0.06116207951070336
isolated,100,7,0,39,-4,3,True,3,38.0,40.0,"38,39,40",80,1051,0.07611798287345385,16,185,0.08648648648648649
isolated,100,7,0,40,-3,3,True,3,39.0,41.0,"39,40,41",92,1242,0.07407407407407407,44,539,0.08163265306122448
isolated,100,7,0,41,-2,3,True,3,40.0,42.0,"40,41,42",100,1464,0.06830601092896176,32,518,0.06177606177606178
isolated,100,7,0,42,-1,3,True,2,41.0,42.0,"41,42",56,925,0.06054054054054054,24,407,0.05896805896805897
isolated,100,7,1,28,-15,3,True,2,28.0,29.0,"28,29",45,446,0.10089686098654709,19,137,0.1386861313868613
isolated,100,7,1,29,-14,3,True,3,28.0,30.0,"28,29,30",63,669,0.09417040358744394,26,309,0.08414239482200647
isolated,100,7,1,30,-13,3,True,3,29.0,31.0,"29,30,31",63,673,0.09361069836552749,18,223,0.08071748878923767
isolated,100,7,1,31,-12,3,True,3,30.0,32.0,"30,31,32",59,638,0.09247648902821316,19,141,0.1347517730496454
isolated,100,7,1,32,-11,3,True,3,31.0,33.0,"31,32,33",53,657,0.0806697108066971,22,274,0.08029197080291971
isolated,100,7,1,33,-10,3,True,3,32.0,34.0,"32,33,34",53,705,0.075177304964539,12,242,0.049586776859504134
isolated,100,7,1,34,-9,3,True,3,33.0,35.0,"33,34,35",55,695,0.07913669064748201,19,189,0.10052910052910052
isolated,100,7,1,35,-8,3,True,3,34.0,36.0,"34,35,36",53,715,0.07412587412587412,24,264,0.09090909090909091
isolated,100,7,1,36,-7,3,True,3,35.0,37.0,"35,36,37",43,770,0.05584415584415584,10,262,0.03816793893129771
isolated,100,7,1,37,-6,3,True,3,36.0,38.0,"36,37,38",31,738,0.04200542005420054,9,244,0.036885245901639344
isolated,100,7,1,38,-5,3,True,3,37.0,39.0,"37,38,39",27,602,0.044850498338870434,12,232,0.05172413793103448
isolated,100,7,1,39,-4,3,True,3,38.0,40.0,"38,39,40",37,609,0.060755336617405585,6,126,0.047619047619047616
isolated,100,7,1,40,-3,3,True,3,39.0,41.0,"39,40,41",43,630,0.06825396825396825,19,251,0.07569721115537849
isolated,100,7,1,41,-2,3,True,3,40.0,42.0,"40,41,42",51,734,0.06948228882833787,18,253,0.07114624505928854
isolated,100,7,1,42,-1,3,True,2,41.0,42.0,"41,42",32,483,0.06625258799171843,14,230,0.06086956521739131
isolated,100,8,0,43,0,3,True,2,43.0,44.0,"43,44",72,775,0.09290322580645162,36,388,0.09278350515463918
isolated,100,8,0,44,1,3,True,3,43.0,45.0,"43,44,45",124,1225,0.10122448979591837,36,387,0.09302325581395349
isolated,100,8,0,45,2,3,True,3,44.0,46.0,"44,45,46",120,1306,0.09188361408882083,52,450,0.11555555555555555
isolated,100,8,0,46,3,3,True,3,45.0,47.0,"45,46,47",121,1420,0.0852112676056338,32,469,0.06823027718550106
isolated,100,8,0,47,4,3,True,3,46.0,48.0,"46,47,48",114,1472,0.07744565217391304,37,501,0.07385229540918163
isolated,100,8,0,48,5,3,True,3,47.0,49.0,"47,48,49",113,1470,0.07687074829931972,45,502,0.08964143426294821
isolated,100,8,0,49,6,3,True,3,48.0,50.0,"48,49,50",104,1377,0.07552650689905592,31,467,0.06638115631691649
isolated,100,8,0,50,7,3,True,3,49.0,51.0,"49,50,51",97,1323,0.07331821617535904,28,408,0.06862745098039216
isolated,100,8,0,51,8,3,True,3,50.0,52.0,"50,51,52",104,1296,0.08024691358024691,38,448,0.08482142857142858
isolated,100,8,0,52,9,3,True,3,51.0,53.0,"51,52,53",122,1367,0.08924652523774688,38,440,0.08636363636363636
isolated,100,8,0,53,10,3,True,3,52.0,54.0,"52,53,54",116,1387,0.083633741888969,46,479,0.09603340292275574
isolated,100,8,0,54,11,3,True,3,53.0,55.0,"53,54,55",110,1440,0.0763888888888889,32,468,0.06837606837606838
isolated,100,8,0,55,12,3,True,3,54.0,56.0,"54,55,56",90,1253,0.07182761372705507,32,493,0.06490872210953347
isolated,100,8,0,56,13,3,True,2,55.0,56.0,"55,56",58,785,0.07388535031847134,26,292,0.08904109589041095
isolated,100,8,0,58,15,3,True,2,58.0,59.0,"58,59",73,869,0.08400460299194476,30,428,0.07009345794392523
isolated,100,8,0,59,16,3,True,3,58.0,60.0,"58,59,60",118,1297,0.09097918272937548,43,441,0.09750566893424037
isolated,100,8,0,60,17,3,True,3,59.0,61.0,"59,60,61",123,1380,0.0891304347826087,45,428,0.10514018691588785
isolated,100,8,0,61,18,3,True,3,60.0,62.0,"60,61,62",107,1398,0.0765379113018598,35,511,0.0684931506849315
isolated,100,8,0,62,19,3,True,3,61.0,63.0,"61,62,63",86,1434,0.0599721059972106,27,459,0.058823529411764705
isolated,100,8,0,63,20,3,True,3,62.0,64.0,"62,63,64",86,1419,0.06060606060606061,24,464,0.05172413793103448
isolated,100,8,0,64,21,3,True,3,63.0,65.0,"63,64,65",91,1422,0.0639943741209564,35,496,0.07056451612903226
isolated,100,8,0,65,22,3,True,3,64.0,66.0,"64,65,66",100,1394,0.07173601147776183,32,462,0.06926406926406926
isolated,100,8,0,66,23,3,True,3,65.0,67.0,"65,66,67",94,1357,0.06927044952100221,33,436,0.07568807339449542
isolated,100,8,0,67,24,3,True,3,66.0,68.0,"66,67,68",93,1300,0.07153846153846154,29,459,0.06318082788671024
isolated,100,8,0,68,25,3,True,3,67.0,69.0,"67,68,69",78,1203,0.06483790523690773,31,405,0.07654320987654321
isolated,100,8,0,69,26,3,True,3,68.0,70.0,"68,69,70",77,1127,0.06832298136645963,18,339,0.05309734513274336
isolated,100,8,0,70,27,3,True,3,69.0,71.0,"69,70,71",64,1157,0.055315471045808126,28,383,0.0731070496083551
isolated,100,8,0,71,28,3,True,3,70.0,72.0,"70,71,72",66,1193,0.055322715842414084,18,435,0.041379310344827586
isolated,100,8,0,72,29,3,True,2,71.0,72.0,"71,72",38,810,0.04691358024691358,20,375,0.05333333333333334
isolated,100,8,1,43,0,3,True,2,43.0,44.0,"43,44",31,479,0.06471816283924843,18,234,0.07692307692307693
isolated,100,8,1,44,1,3,True,3,43.0,45.0,"43,44,45",57,758,0.07519788918205805,13,245,0.053061224489795916
isolated,100,8,1,45,2,3,True,3,44.0,46.0,"44,45,46",62,796,0.07788944723618091,26,279,0.0931899641577061
isolated,100,8,1,46,3,3,True,3,45.0,47.0,"45,46,47",65,824,0.07888349514563107,23,272,0.08455882352941177
isolated,100,8,1,47,4,3,True,3,46.0,48.0,"46,47,48",54,784,0.06887755102040816,16,273,0.05860805860805861
isolated,100,8,1,48,5,3,True,3,47.0,49.0,"47,48,49",57,769,0.0741222366710013,15,239,0.06276150627615062
isolated,100,8,1,49,6,3,True,3,48.0,50.0,"48,49,50",61,747,0.08165997322623829,26,257,0.10116731517509728
isolated,100,8,1,50,7,3,True,3,49.0,51.0,"49,50,51",71,776,0.09149484536082474,20,251,0.0796812749003984
isolated,100,8,1,51,8,3,True,3,50.0,52.0,"50,51,52",73,772,0.09455958549222798,25,268,0.09328358208955224
isolated,100,8,1,52,9,3,True,3,51.0,53.0,"51,52,53",70,779,0.08985879332477535,28,253,0.11067193675889328
isolated,100,8,1,53,10,3,True,3,52.0,54.0,"52,53,54",67,782,0.08567774936061381,17,258,0.06589147286821706
isolated,100,8,1,54,11,3,True,3,53.0,55.0,"53,54,55",64,794,0.08060453400503778,22,271,0.08118081180811808
isolated,100,8,1,55,12,3,True,3,54.0,56.0,"54,55,56",53,698,0.07593123209169055,25,265,0.09433962264150944
isolated,100,8,1,56,13,3,True,2,55.0,56.0,"55,56",31,427,0.07259953161592506,6,162,0.037037037037037035
isolated,100,8,1,58,15,3,True,2,58.0,59.0,"58,59",44,503,0.0874751491053678,22,255,0.08627450980392157
isolated,100,8,1,59,16,3,True,3,58.0,60.0,"58,59,60",71,766,0.0926892950391645,22,248,0.08870967741935484
isolated,100,8,1,60,17,3,True,3,59.0,61.0,"59,60,61",66,776,0.08505154639175258,27,263,0.10266159695817491
isolated,100,8,1,61,18,3,True,3,60.0,62.0,"60,61,62",76,811,0.093711467324291,17,265,0.06415094339622641
isolated,100,8,1,62,19,3,True,3,61.0,63.0,"61,62,63",74,822,0.09002433090024331,32,283,0.11307420494699646
isolated,100,8,1,63,20,3,True,3,62.0,64.0,"62,63,64",79,807,0.09789343246592318,25,274,0.09124087591240876
isolated,100,8,1,64,21,3,True,3,63.0,65.0,"63,64,65",65,776,0.08376288659793814,22,250,0.088
isolated,100,8,1,65,22,3,True,3,64.0,66.0,"64,65,66",67,781,0.08578745198463508,18,252,0.07142857142857142
isolated,100,8,1,66,23,3,True,3,65.0,67.0,"65,66,67",64,786,0.08142493638676845,27,279,0.0967741935483871
isolated,100,8,1,67,24,3,True,3,66.0,68.0,"66,67,68",66,765,0.08627450980392157,19,255,0.07450980392156863
isolated,100,8,1,68,25,3,True,3,67.0,69.0,"67,68,69",63,767,0.08213820078226858,20,231,0.08658008658008658
isolated,100,8,1,69,26,3,True,3,68.0,70.0,"68,69,70",77,795,0.09685534591194969,24,281,0.08540925266903915
isolated,100,8,1,70,27,3,True,3,69.0,71.0,"69,70,71",69,809,0.08529048207663782,33,283,0.1166077738515901
isolated,100,8,1,71,28,3,True,3,70.0,72.0,"70,71,72",65,771,0.08430609597924774,12,245,0.04897959183673469
isolated,100,8,1,72,29,3,True,2,71.0,72.0,"71,72",32,488,0.06557377049180328,20,243,0.0823045267489712
isolated,103,7,0,26,-27,3,True,2,26.0,27.0,"26,27",56,725,0.07724137931034483,21,306,0.06862745098039216
isolated,103,7,0,27,-26,3,True,3,26.0,28.0,"26,27,28",91,1230,0.07398373983739838,35,419,0.08353221957040573
isolated,103,7,0,28,-25,3,True,3,27.0,29.0,"27,28,29",100,1337,0.07479431563201197,35,505,0.06930693069306931
isolated,103,7,0,29,-24,3,True,3,28.0,30.0,"28,29,30",85,1275,0.06666666666666667,30,413,0.07263922518159806
isolated,103,7,0,30,-23,3,True,3,29.0,31.0,"29,30,31",90,1241,0.072522159548751,20,357,0.056022408963585436
isolated,103,7,0,31,-22,3,True,3,30.0,32.0,"30,31,32",116,1348,0.08605341246290801,40,471,0.08492569002123142
isolated,103,7,0,32,-21,3,True,3,31.0,33.0,"31,32,33",169,1468,0.11512261580381472,56,520,0.1076923076923077
isolated,103,7,0,33,-20,3,True,3,32.0,34.0,"32,33,34",167,1359,0.12288447387785136,73,477,0.1530398322851153
isolated,103,7,0,34,-19,3,True,3,33.0,35.0,"33,34,35",187,1359,0.13760117733627666,38,362,0.10497237569060773
isolated,103,7,0,35,-18,3,True,3,34.0,36.0,"34,35,36",159,1490,0.10671140939597315,76,520,0.14615384615384616
isolated,103,7,0,36,-17,3,True,3,35.0,37.0,"35,36,37",165,1681,0.09815585960737656,45,608,0.07401315789473684
isolated,103,7,0,37,-16,3,True,3,36.0,38.0,"36,37,38",117,1482,0.07894736842105263,44,553,0.07956600361663653
isolated,103,7,0,38,-15,3,True,3,37.0,39.0,"37,38,39",156,1470,0.10612244897959183,28,321,0.08722741433021806
isolated,103,7,0,39,-14,3,True,3,38.0,40.0,"38,39,40",147,1494,0.09839357429718876,84,596,0.14093959731543623
isolated,103,7,0,40,-13,3,True,3,39.0,41.0,"39,40,41",152,1663,0.09140108238123873,35,577,0.060658578856152515
isolated,103,7,0,41,-12,3,True,3,40.0,42.0,"40,41,42",111,1507,0.07365627073656271,33,490,0.0673469387755102
isolated,103,7,0,42,-11,3,True,3,41.0,43.0,"41,42,43",117,1419,0.0824524312896406,43,440,0.09772727272727273
isolated,103,7,0,43,-10,3,True,3,42.0,44.0,"42,43,44",128,1389,0.09215262778977681,41,489,0.08384458077709611
isolated,103,7,0,44,-9,3,True,3,43.0,45.0,"43,44,45",166,1548,0.10723514211886305,44,460,0.09565217391304348
isolated,103,7,0,45,-8,3,True,3,44.0,46.0,"44,45,46",184,1761,0.10448608745031232,81,599,0.1352253756260434
isolated,103,7,0,46,-7,3,True,3,45.0,47.0,"45,46,47",177,1834,0.0965103598691385,59,702,0.08404558404558404
isolated,103,7,0,47,-6,3,True,3,46.0,48.0,"46,47,48",144,1837,0.0783886771910724,37,533,0.06941838649155722
isolated,103,7,0,48,-5,3,True,3,47.0,49.0,"47,48,49",128,1703,0.07516147974163241,48,602,0.07973421926910298
isolated,103,7,0,49,-4,3,True,3,48.0,50.0,"48,49,50",153,1776,0.08614864864864864,43,568,0.07570422535211267
isolated,103,7,0,50,-3,3,True,3,49.0,51.0,"49,50,51",135,1587,0.08506616257088846,62,606,0.10231023102310231
isolated,103,7,0,51,-2,3,True,3,50.0,52.0,"50,51,52",134,1507,0.08891838088918382,30,413,0.07263922518159806
isolated,103,7,0,52,-1,3,True,2,51.0,52.0,"51,52",72,901,0.07991120976692564,42,488,0.0860655737704918
isolated,103,7,1,26,-27,3,True,2,26.0,27.0,"26,27",29,459,0.06318082788671024,13,233,0.055793991416309016
isolated,103,7,1,27,-26,3,True,3,26.0,28.0,"26,27,28",52,724,0.0718232044198895,16,226,0.07079646017699115
isolated,103,7,1,28,-25,3,True,3,27.0,29.0,"27,28,29",58,694,0.08357348703170028,23,265,0.08679245283018867
isolated,103,7,1,29,-24,3,True,3,28.0,30.0,"28,29,30",63,648,0.09722222222222222,19,203,0.09359605911330049
isolated,103,7,1,30,-23,3,True,3,29.0,31.0,"29,30,31",59,594,0.09932659932659933,21,180,0.11666666666666667
isolated,103,7,1,31,-22,3,True,3,30.0,32.0,"30,31,32",66,622,0.10610932475884244,19,211,0.09004739336492891
isolated,103,7,1,32,-21,3,True,3,31.0,33.0,"31,32,33",76,709,0.1071932299012694,26,231,0.11255411255411256
isolated,103,7,1,33,-20,3,True,3,32.0,34.0,"32,33,34",86,721,0.11927877947295423,31,267,0.11610486891385768
isolated,103,7,1,34,-19,3,True,3,33.0,35.0,"33,34,35",95,753,0.12616201859229748,29,223,0.13004484304932734
isolated,103,7,1,35,-18,3,True,3,34.0,36.0,"34,35,36",88,721,0.12205270457697642,35,263,0.13307984790874525
isolated,103,7,1,36,-17,3,True,3,35.0,37.0,"35,36,37",79,746,0.10589812332439678,24,235,0.10212765957446808
isolated,103,7,1,37,-16,3,True,3,36.0,38.0,"36,37,38",61,654,0.09327217125382263,20,248,0.08064516129032258
isolated,103,7,1,38,-15,3,True,3,37.0,39.0,"37,38,39",67,705,0.0950354609929078,17,171,0.09941520467836257
isolated,103,7,1,39,-14,3,True,3,38.0,40.0,"38,39,40",63,751,0.08388814913448735,30,286,0.1048951048951049
isolated,103,7,1,40,-13,3,True,3,39.0,41.0,"39,40,41",67,838,0.07995226730310262,16,294,0.05442176870748299
isolated,103,7,1,41,-12,3,True,3,40.0,42.0,"40,41,42",52,741,0.07017543859649122,21,258,0.08139534883720931
isolated,103,7,1,42,-11,3,True,3,41.0,43.0,"41,42,43",59,711,0.0829817158931083,15,189,0.07936507936507936
isolated,103,7,1,43,-10,3,True,3,42.0,44.0,"42,43,44",60,657,0.091324200913242,23,264,0.08712121212121213
isolated,103,7,1,44,-9,3,True,3,43.0,45.0,"43,44,45",85,768,0.11067708333333333,22,204,0.10784313725490197
isolated,103,7,1,45,-8,3,True,3,44.0,46.0,"44,45,46",81,779,0.10397946084724005,40,300,0.13333333333333333
isolated,103,7,1,46,-7,3,True,3,45.0,47.0,"45,46,47",86,855,0.10058479532163743,19,275,0.06909090909090909
isolated,103,7,1,47,-6,3,True,3,46.0,48.0,"46,47,48",64,816,0.0784313725490196,27,280,0.09642857142857143
isolated,103,7,1,48,-5,3,True,3,47.0,49.0,"47,48,49",65,792,0.08207070707070707,18,261,0.06896551724137931
isolated,103,7,1,49,-4,3,True,3,48.0,50.0,"48,49,50",60,821,0.0730816077953715,20,251,0.0796812749003984
isolated,103,7,1,50,-3,3,True,3,49.0,51.0,"49,50,51",63,777,0.08108108108108109,22,309,0.07119741100323625
isolated,103,7,1,51,-2,3,True,3,50.0,52.0,"50,51,52",66,782,0.08439897698209718,21,217,0.0967741935483871
isolated,103,7,1,52,-1,3,True,2,51.0,52.0,"51,52",44,473,0.09302325581395349,23,256,0.08984375
isolated,103,8,0,53,0,3,True,2,53.0,54.0,"53,54",83,895,0.09273743016759776,39,426,0.09154929577464789
isolated,103,8,0,54,1,3,True,3,53.0,55.0,"53,54,55",140,1506,0.09296148738379814,44,469,0.09381663113006397
isolated,103,8,0,55,2,3,True,3,54.0,56.0,"54,55,56",126,1452,0.08677685950413223,57,611,0.09328968903436989
isolated,103,8,0,56,3,3,True,3,55.0,57.0,"55,56,57",118,1457,0.08098833218943034,25,372,0.06720430107526881
isolated,103,8,0,57,4,3,True,3,56.0,58.0,"56,57,58",118,1366,0.08638360175695461,36,474,0.0759493670886076
isolated,103,8,0,58,5,3,True,3,57.0,59.0,"57,58,59",134,1541,0.08695652173913043,57,520,0.10961538461538461
isolated,103,8,0,59,6,3,True,3,58.0,60.0,"58,59,60",137,1620,0.08456790123456791,41,547,0.07495429616087751
isolated,103,8,0,60,7,3,True,3,59.0,61.0,"59,60,61",141,1660,0.08493975903614458,39,553,0.0705244122965642
isolated,103,8,0,61,8,3,True,3,60.0,62.0,"60,61,62",150,1701,0.08818342151675485,61,560,0.10892857142857143
isolated,103,8,0,62,9,3,True,3,61.0,63.0,"61,62,63",169,1743,0.09695926563396443,50,588,0.08503401360544217
isolated,103,8,0,63,10,3,True,3,62.0,64.0,"62,63,64",149,1767,0.08432371250707414,58,595,0.09747899159663866
isolated,103,8,0,64,11,3,True,3,63.0,65.0,"63,64,65",135,1666,0.08103241296518607,41,584,0.0702054794520548
isolated,103,8,0,65,12,3,True,3,64.0,66.0,"64,65,66",105,1306,0.08039816232771822,36,487,0.07392197125256673
isolated,103,8,0,66,13,3,True,3,65.0,67.0,"65,66,67",124,1239,0.10008071025020178,28,235,0.11914893617021277
isolated,103,8,0,67,14,3,True,3,66.0,68.0,"66,67,68",142,1205,0.11784232365145228,60,517,0.11605415860735009
isolated,103,8,0,68,15,3,True,3,67.0,69.0,"67,68,69",158,1563,0.10108765195137556,54,453,0.11920529801324503
isolated,103,8,0,69,16,3,True,3,68.0,70.0,"68,69,70",137,1329,0.10308502633559068,44,593,0.07419898819561552
isolated,103,8,0,70,17,3,True,3,69.0,71.0,"69,70,71",118,1451,0.08132322536181943,39,283,0.13780918727915195
isolated,103,8,0,71,18,3,True,3,70.0,72.0,"70,71,72",109,1356,0.0803834808259587,35,575,0.06086956521739131
isolated,103,8,0,72,19,3,True,3,71.0,73.0,"71,72,73",103,1522,0.06767411300919843,35,498,0.07028112449799197
isolated,103,8,0,73,20,3,True,3,72.0,74.0,"72,73,74",107,1423,0.07519325368938862,33,449,0.07349665924276169
isolated,103,8,0,74,21,3,True,3,73.0,75.0,"73,74,75",110,1427,0.07708479327259986,39,476,0.0819327731092437
isolated,103,8,0,75,22,3,True,3,74.0,76.0,"74,75,76",104,1448,0.0718232044198895,38,502,0.07569721115537849
isolated,103,8,0,76,23,3,True,3,75.0,77.0,"75,76,77",94,1441,0.0652324774462179,27,470,0.0574468085106383
isolated,103,8,0,77,24,3,True,3,76.0,78.0,"76,77,78",89,1298,0.06856702619414484,29,469,0.06183368869936034
isolated,103,8,0,78,25,3,True,3,77.0,79.0,"77,78,79",86,1185,0.07257383966244725,33,359,0.09192200557103064
isolated,103,8,0,79,26,3,True,3,78.0,80.0,"78,79,80",115,1200,0.09583333333333334,24,357,0.06722689075630252
isolated,103,8,0,80,27,3,True,3,79.0,81.0,"79,80,81",166,1469,0.11300204220558203,58,484,0.11983471074380166
isolated,103,8,0,81,28,3,True,2,80.0,81.0,"80,81",142,1112,0.12769784172661872,84,628,0.1337579617834395
isolated,103,8,1,53,0,3,True,2,53.0,54.0,"53,54",42,539,0.07792207792207792,17,265,0.06415094339622641
isolated,103,8,1,54,1,3,True,3,53.0,55.0,"53,54,55",83,902,0.09201773835920177,25,274,0.09124087591240876
isolated,103,8,1,55,2,3,True,3,54.0,56.0,"54,55,56",83,875,0.09485714285714286,41,363,0.11294765840220386
isolated,103,8,1,56,3,3,True,3,55.0,57.0,"55,56,57",84,903,0.09302325581395349,17,238,0.07142857142857142
isolated,103,8,1,57,4,3,True,3,56.0,58.0,"56,57,58",91,866,0.10508083140877598,26,302,0.08609271523178808
isolated,103,8,1,58,5,3,True,3,57.0,59.0,"57,58,59",96,914,0.1050328227571116,48,326,0.147239263803681
isolated,103,8,1,59,6,3,True,3,58.0,60.0,"58,59,60",101,902,0.11197339246119734,22,286,0.07692307692307693
isolated,103,8,1,60,7,3,True,3,59.0,61.0,"59,60,61",85,884,0.09615384615384616,31,290,0.10689655172413794
isolated,103,8,1,61,8,3,True,3,60.0,62.0,"60,61,62",96,889,0.10798650168728909,32,308,0.1038961038961039
isolated,103,8,1,62,9,3,True,3,61.0,63.0,"61,62,63",96,937,0.10245464247598719,33,291,0.1134020618556701
isolated,103,8,1,63,10,3,True,3,62.0,64.0,"62,63,64",99,945,0.10476190476190476,31,338,0.09171597633136094
isolated,103,8,1,64,11,3,True,3,63.0,65.0,"63,64,65",96,938,0.1023454157782516,35,316,0.11075949367088607
isolated,103,8,1,65,12,3,True,3,64.0,66.0,"64,65,66",87,745,0.11677852348993288,30,284,0.1056338028169014
isolated,103,8,1,66,13,3,True,3,65.0,67.0,"65,66,67",88,730,0.12054794520547946,22,145,0.15172413793103448
isolated,103,8,1,67,14,3,True,3,66.0,68.0,"66,67,68",100,773,0.129366106080207,36,301,0.11960132890365449
isolated,103,8,1,68,15,3,True,3,67.0,69.0,"67,68,69",112,944,0.11864406779661017,42,327,0.12844036697247707
isolated,103,8,1,69,16,3,True,3,68.0,70.0,"68,69,70",100,833,0.12004801920768307,34,316,0.10759493670886076
isolated,103,8,1,70,17,3,True,3,69.0,71.0,"69,70,71",77,814,0.0945945945945946,24,190,0.12631578947368421
isolated,103,8,1,71,18,3,True,3,70.0,72.0,"70,71,72",63,758,0.08311345646437995,19,308,0.06168831168831169
isolated,103,8,1,72,19,3,True,3,71.0,73.0,"71,72,73",61,835,0.07305389221556886,20,260,0.07692307692307693
isolated,103,8,1,73,20,3,True,3,72.0,74.0,"72,73,74",66,815,0.08098159509202454,22,267,0.08239700374531835
isolated,103,8,1,74,21,3,True,3,73.0,75.0,"73,74,75",74,843,0.08778173190984578,24,288,0.08333333333333333
isolated,103,8,1,75,22,3,True,3,74.0,76.0,"74,75,76",81,852,0.09507042253521127,28,288,0.09722222222222222
isolated,103,8,1,76,23,3,True,3,75.0,77.0,"75,76,77",88,840,0.10476190476190476,29,276,0.10507246376811594
isolated,103,8,1,77,24,3,True,3,76.0,78.0,"76,77,78",72,752,0.09574468085106383,31,276,0.11231884057971014
isolated,103,8,1,78,25,3,True,3,77.0,79.0,"77,78,79",73,747,0.09772423025435073,12,200,0.06
isolated,103,8,1,79,26,3,True,3,78.0,80.0,"78,79,80",75,775,0.0967741935483871,30,271,0.11070110701107011
isolated,103,8,1,80,27,3,True,2,79.0,80.0,"79,80",63,575,0.10956521739130434,33,304,0.10855263157894737
previous_abort,92,7,0,40,-35,3,True,2,40.0,41.0,"40,41",6,78,0.07692307692307693,3,44,0.06818181818181818
previous_abort,92,7,0,41,-34,3,True,3,40.0,42.0,"40,41,42",9,119,0.07563025210084033,3,34,0.08823529411764706
previous_abort,92,7,0,42,-33,3,True,3,41.0,43.0,"41,42,43",8,112,0.07142857142857142,3,41,0.07317073170731707
previous_abort,92,7,0,43,-32,3,True,3,42.0,44.0,"42,43,44",6,106,0.05660377358490566,2,37,0.05405405405405406
previous_abort,92,7,0,44,-31,3,True,3,43.0,45.0,"43,44,45",7,105,0.06666666666666667,1,28,0.03571428571428571
previous_abort,92,7,0,45,-30,3,True,3,44.0,46.0,"44,45,46",11,122,0.09016393442622951,4,40,0.1
previous_abort,92,7,0,46,-29,3,True,3,45.0,47.0,"45,46,47",18,152,0.11842105263157894,6,54,0.1111111111111111
previous_abort,92,7,0,47,-28,3,True,3,46.0,48.0,"46,47,48",22,190,0.11578947368421053,8,58,0.13793103448275862
previous_abort,92,7,0,48,-27,3,True,3,47.0,49.0,"47,48,49",28,203,0.13793103448275862,8,78,0.10256410256410256
previous_abort,92,7,0,49,-26,3,True,3,48.0,50.0,"48,49,50",27,206,0.13106796116504854,12,67,0.1791044776119403
previous_abort,92,7,0,50,-25,3,True,3,49.0,51.0,"49,50,51",27,199,0.135678391959799,7,61,0.11475409836065574
previous_abort,92,7,0,51,-24,3,True,3,50.0,52.0,"50,51,52",21,190,0.11052631578947368,8,71,0.11267605633802817
previous_abort,92,7,0,52,-23,3,True,3,51.0,53.0,"51,52,53",20,191,0.10471204188481675,6,58,0.10344827586206896
previous_abort,92,7,0,53,-22,3,True,3,52.0,54.0,"52,53,54",22,187,0.11764705882352941,6,62,0.0967741935483871
previous_abort,92,7,0,54,-21,3,True,3,53.0,55.0,"53,54,55",17,165,0.10303030303030303,10,67,0.14925373134328357
previous_abort,92,7,0,55,-20,3,True,3,54.0,56.0,"54,55,56",26,181,0.143646408839779,1,36,0.027777777777777776
previous_abort,92,7,0,56,-19,3,True,3,55.0,57.0,"55,56,57",26,176,0.14772727272727273,15,78,0.19230769230769232
previous_abort,92,7,0,57,-18,3,True,3,56.0,58.0,"56,57,58",31,181,0.1712707182320442,10,62,0.16129032258064516
previous_abort,92,7,0,58,-17,3,True,3,57.0,59.0,"57,58,59",24,162,0.14814814814814814,6,41,0.14634146341463414
previous_abort,92,7,0,59,-16,3,True,3,58.0,60.0,"58,59,60",15,120,0.125,8,59,0.13559322033898305
previous_abort,92,7,0,60,-15,3,True,3,59.0,61.0,"59,60,61",23,166,0.13855421686746988,1,20,0.05
previous_abort,92,7,0,61,-14,3,True,3,60.0,62.0,"60,61,62",22,158,0.13924050632911392,14,87,0.16091954022988506
previous_abort,92,7,0,62,-13,3,True,3,61.0,63.0,"61,62,63",27,192,0.140625,7,51,0.13725490196078433
previous_abort,92,7,0,63,-12,3,True,3,62.0,64.0,"62,63,64",19,145,0.1310344827586207,6,54,0.1111111111111111
previous_abort,92,7,0,64,-11,3,True,3,63.0,65.0,"63,64,65",19,148,0.12837837837837837,6,40,0.15
previous_abort,92,7,0,65,-10,3,True,3,64.0,66.0,"64,65,66",23,153,0.1503267973856209,7,54,0.12962962962962962
previous_abort,92,7,0,66,-9,3,True,3,65.0,67.0,"65,66,67",30,198,0.15151515151515152,10,59,0.1694915254237288
previous_abort,92,7,0,67,-8,3,True,3,66.0,68.0,"66,67,68",36,214,0.16822429906542055,13,85,0.15294117647058825
previous_abort,92,7,0,68,-7,3,True,3,67.0,69.0,"67,68,69",35,219,0.1598173515981735,13,70,0.18571428571428572
previous_abort,92,7,0,69,-6,3,True,3,68.0,70.0,"68,69,70",28,201,0.13930348258706468,9,64,0.140625
previous_abort,92,7,0,70,-5,3,True,3,69.0,71.0,"69,70,71",28,207,0.13526570048309178,6,67,0.08955223880597014
previous_abort,92,7,0,71,-4,3,True,3,70.0,72.0,"70,71,72",24,203,0.11822660098522167,13,76,0.17105263157894737
previous_abort,92,7,0,72,-3,3,True,3,71.0,73.0,"71,72,73",23,179,0.12849162011173185,5,60,0.08333333333333333
previous_abort,92,7,0,73,-2,3,True,3,72.0,74.0,"72,73,74",19,171,0.1111111111111111,5,43,0.11627906976744186
previous_abort,92,7,0,74,-1,3,True,2,73.0,74.0,"73,74",14,111,0.12612612612612611,9,68,0.1323529411764706
previous_abort,92,7,1,40,-35,3,True,2,40.0,41.0,"40,41",5,62,0.08064516129032258,2,35,0.05714285714285714
previous_abort,92,7,1,41,-34,3,True,3,40.0,42.0,"40,41,42",13,99,0.13131313131313133,3,27,0.1111111111111111
previous_abort,92,7,1,42,-33,3,True,3,41.0,43.0,"41,42,43",13,99,0.13131313131313133,8,37,0.21621621621621623
previous_abort,92,7,1,43,-32,3,True,3,42.0,44.0,"42,43,44",12,94,0.1276595744680851,2,35,0.05714285714285714
previous_abort,92,7,1,44,-31,3,True,3,43.0,45.0,"43,44,45",7,81,0.08641975308641975,2,22,0.09090909090909091
previous_abort,92,7,1,45,-30,3,True,3,44.0,46.0,"44,45,46",11,81,0.13580246913580246,3,24,0.125
previous_abort,92,7,1,46,-29,3,True,3,45.0,47.0,"45,46,47",17,111,0.15315315315315314,6,35,0.17142857142857143
previous_abort,92,7,1,47,-28,3,True,3,46.0,48.0,"46,47,48",23,146,0.15753424657534246,8,52,0.15384615384615385
previous_abort,92,7,1,48,-27,3,True,3,47.0,49.0,"47,48,49",19,146,0.13013698630136986,9,59,0.15254237288135594
previous_abort,92,7,1,49,-26,3,True,3,48.0,50.0,"48,49,50",18,143,0.1258741258741259,2,35,0.05714285714285714
previous_abort,92,7,1,50,-25,3,True,3,49.0,51.0,"49,50,51",15,125,0.12,7,49,0.14285714285714285
previous_abort,92,7,1,51,-24,3,True,3,50.0,52.0,"50,51,52",19,144,0.13194444444444445,6,41,0.14634146341463414
previous_abort,92,7,1,52,-23,3,True,3,51.0,53.0,"51,52,53",18,155,0.11612903225806452,6,54,0.1111111111111111
previous_abort,92,7,1,53,-22,3,True,3,52.0,54.0,"52,53,54",18,172,0.10465116279069768,6,60,0.1
previous_abort,92,7,1,54,-21,3,True,3,53.0,55.0,"53,54,55",14,150,0.09333333333333334,6,58,0.10344827586206896
previous_abort,92,7,1,55,-20,3,True,3,54.0,56.0,"54,55,56",14,149,0.09395973154362416,2,32,0.0625
previous_abort,92,7,1,56,-19,3,True,3,55.0,57.0,"55,56,57",14,130,0.1076923076923077,6,59,0.1016949152542373
previous_abort,92,7,1,57,-18,3,True,3,56.0,58.0,"56,57,58",14,116,0.1206896551724138,6,39,0.15384615384615385
previous_abort,92,7,1,58,-17,3,True,3,57.0,59.0,"57,58,59",18,109,0.1651376146788991,2,18,0.1111111111111111
previous_abort,92,7,1,59,-16,3,True,3,58.0,60.0,"58,59,60",17,91,0.18681318681318682,10,52,0.19230769230769232
previous_abort,92,7,1,60,-15,3,True,3,59.0,61.0,"59,60,61",27,133,0.20300751879699247,5,21,0.23809523809523808
previous_abort,92,7,1,61,-14,3,True,3,60.0,62.0,"60,61,62",26,122,0.21311475409836064,12,60,0.2
previous_abort,92,7,1,62,-13,3,True,3,61.0,63.0,"61,62,63",24,133,0.18045112781954886,9,41,0.21951219512195122
previous_abort,92,7,1,63,-12,3,True,3,62.0,64.0,"62,63,64",16,106,0.1509433962264151,3,32,0.09375
previous_abort,92,7,1,64,-11,3,True,3,63.0,65.0,"63,64,65",14,101,0.13861386138613863,4,33,0.12121212121212122
previous_abort,92,7,1,65,-10,3,True,3,64.0,66.0,"64,65,66",13,109,0.11926605504587157,7,36,0.19444444444444445
previous_abort,92,7,1,66,-9,3,True,3,65.0,67.0,"65,66,67",22,144,0.1527777777777778,2,40,0.05
previous_abort,92,7,1,67,-8,3,True,3,66.0,68.0,"66,67,68",26,183,0.14207650273224043,13,68,0.19117647058823528
previous_abort,92,7,1,68,-7,3,True,3,67.0,69.0,"67,68,69",38,218,0.1743119266055046,11,75,0.14666666666666667
previous_abort,92,7,1,69,-6,3,True,3,68.0,70.0,"68,69,70",28,183,0.15300546448087432,14,75,0.18666666666666668
previous_abort,92,7,1,70,-5,3,True,3,69.0,71.0,"69,70,71",37,186,0.1989247311827957,3,33,0.09090909090909091
previous_abort,92,7,1,71,-4,3,True,3,70.0,72.0,"70,71,72",40,175,0.22857142857142856,20,78,0.2564102564102564
previous_abort,92,7,1,72,-3,3,True,3,71.0,73.0,"71,72,73",43,187,0.22994652406417113,17,64,0.265625
previous_abort,92,7,1,73,-2,3,True,3,72.0,74.0,"72,73,74",26,148,0.17567567567567569,6,45,0.13333333333333333
previous_abort,92,7,1,74,-1,3,True,2,73.0,74.0,"73,74",9,84,0.10714285714285714,3,39,0.07692307692307693
previous_abort,92,8,0,75,0,3,True,2,75.0,76.0,"75,76",5,70,0.07142857142857142,4,53,0.07547169811320754
previous_abort,92,8,0,76,1,3,True,3,75.0,77.0,"75,76,77",15,131,0.11450381679389313,1,17,0.058823529411764705
previous_abort,92,8,0,77,2,3,True,2,76.0,77.0,"76,77",11,78,0.14102564102564102,10,61,0.16393442622950818
previous_abort,92,8,0,81,6,3,True,2,81.0,82.0,"81,82",15,77,0.19480519480519481,12,46,0.2608695652173913
previous_abort,92,8,0,82,7,3,True,3,81.0,83.0,"81,82,83",15,88,0.17045454545454544,3,31,0.0967741935483871
previous_abort,92,8,0,83,8,3,True,3,82.0,84.0,"82,83,84",8,88,0.09090909090909091,0,11,0.0
previous_abort,92,8,0,84,9,3,True,3,83.0,85.0,"83,84,85",10,100,0.1,5,46,0.10869565217391304
previous_abort,92,8,0,85,10,3,True,2,84.0,85.0,"84,85",10,89,0.11235955056179775,5,43,0.11627906976744186
previous_abort,92,8,0,88,13,3,True,2,88.0,89.0,"88,89",0,40,0.0,0,11,0.0
previous_abort,92,8,0,89,14,3,True,3,88.0,90.0,"88,89,90",5,88,0.056818181818181816,0,29,0.0
previous_abort,92,8,0,90,15,3,True,3,89.0,91.0,"89,90,91",10,127,0.07874015748031496,5,48,0.10416666666666667
previous_abort,92,8,0,91,16,3,True,3,90.0,92.0,"90,91,92",15,135,0.1111111111111111,5,50,0.1
previous_abort,92,8,0,92,17,3,True,3,91.0,93.0,"91,92,93",13,119,0.1092436974789916,5,37,0.13513513513513514
previous_abort,92,8,0,93,18,3,True,3,92.0,94.0,"92,93,94",11,94,0.11702127659574468,3,32,0.09375
previous_abort,92,8,0,94,19,3,True,2,93.0,94.0,"93,94",6,57,0.10526315789473684,3,25,0.12
previous_abort,92,8,0,96,21,3,True,2,96.0,97.0,"96,97",3,72,0.041666666666666664,0,38,0.0
previous_abort,92,8,0,97,22,3,True,3,96.0,98.0,"96,97,98",7,109,0.06422018348623854,3,34,0.08823529411764706
previous_abort,92,8,0,98,23,3,True,3,97.0,99.0,"97,98,99",11,111,0.0990990990990991,4,37,0.10810810810810811
previous_abort,92,8,0,99,24,3,True,3,98.0,100.0,"98,99,100",13,114,0.11403508771929824,4,40,0.1
previous_abort,92,8,0,100,25,3,True,3,99.0,101.0,"99,100,101",10,97,0.10309278350515463,5,37,0.13513513513513514
previous_abort,92,8,0,101,26,3,True,3,100.0,102.0,"100,101,102",8,84,0.09523809523809523,1,20,0.05
previous_abort,92,8,0,102,27,3,True,3,101.0,103.0,"101,102,103",14,83,0.1686746987951807,2,27,0.07407407407407407
previous_abort,92,8,0,103,28,3,True,3,102.0,104.0,"102,103,104",16,94,0.1702127659574468,11,36,0.3055555555555556
previous_abort,92,8,0,104,29,3,True,2,103.0,104.0,"103,104",14,67,0.208955223880597,3,31,0.0967741935483871
previous_abort,92,8,1,75,0,3,True,2,75.0,76.0,"75,76",10,92,0.10869565217391304,5,51,0.09803921568627451
previous_abort,92,8,1,76,1,3,True,3,75.0,77.0,"75,76,77",27,172,0.1569767441860465,5,41,0.12195121951219512
previous_abort,92,8,1,77,2,3,True,2,76.0,77.0,"76,77",22,121,0.18181818181818182,17,80,0.2125
previous_abort,92,8,1,81,6,3,True,2,81.0,82.0,"81,82",15,106,0.14150943396226415,12,66,0.18181818181818182
previous_abort,92,8,1,82,7,3,True,3,81.0,83.0,"81,82,83",15,118,0.1271186440677966,3,40,0.075
previous_abort,92,8,1,83,8,3,True,3,82.0,84.0,"82,83,84",14,113,0.12389380530973451,0,12,0.0
previous_abort,92,8,1,84,9,3,True,3,83.0,85.0,"83,84,85",27,135,0.2,11,61,0.18032786885245902
previous_abort,92,8,1,85,10,3,True,2,84.0,85.0,"84,85",27,123,0.21951219512195122,16,62,0.25806451612903225
previous_abort,92,8,1,88,13,3,True,2,88.0,89.0,"88,89",4,40,0.1,1,7,0.14285714285714285
previous_abort,92,8,1,89,14,3,True,3,88.0,90.0,"88,89,90",20,108,0.18518518518518517,3,33,0.09090909090909091
previous_abort,92,8,1,90,15,3,True,3,89.0,91.0,"89,90,91",29,162,0.17901234567901234,16,68,0.23529411764705882
previous_abort,92,8,1,91,16,3,True,3,90.0,92.0,"90,91,92",41,185,0.22162162162162163,10,61,0.16393442622950818
previous_abort,92,8,1,92,17,3,True,3,91.0,93.0,"91,92,93",28,159,0.1761006289308176,15,56,0.26785714285714285
previous_abort,92,8,1,93,18,3,True,3,92.0,94.0,"92,93,94",22,135,0.16296296296296298,3,42,0.07142857142857142
previous_abort,92,8,1,94,19,3,True,3,93.0,95.0,"93,94,95",9,82,0.10975609756097561,4,37,0.10810810810810811
previous_abort,92,8,1,95,20,3,True,3,94.0,96.0,"94,95,96",9,78,0.11538461538461539,2,3,0.6666666666666666
previous_abort,92,8,1,96,21,3,True,3,95.0,97.0,"95,96,97",9,73,0.1232876712328767,3,38,0.07894736842105263
previous_abort,92,8,1,97,22,3,True,3,96.0,98.0,"96,97,98",10,111,0.09009009009009009,4,32,0.125
previous_abort,92,8,1,98,23,3,True,3,97.0,99.0,"97,98,99",14,119,0.11764705882352941,3,41,0.07317073170731707
previous_abort,92,8,1,99,24,3,True,3,98.0,100.0,"98,99,100",22,139,0.15827338129496402,7,46,0.15217391304347827
previous_abort,92,8,1,100,25,3,True,3,99.0,101.0,"99,100,101",22,129,0.17054263565891473,12,52,0.23076923076923078
previous_abort,92,8,1,101,26,3,True,3,100.0,102.0,"100,101,102",16,105,0.1523809523809524,3,31,0.0967741935483871
previous_abort,92,8,1,102,27,3,True,3,101.0,103.0,"101,102,103",8,110,0.07272727272727272,1,22,0.045454545454545456
previous_abort,92,8,1,103,28,3,True,3,102.0,104.0,"102,103,104",11,126,0.0873015873015873,4,57,0.07017543859649122
previous_abort,92,8,1,104,29,3,True,2,103.0,104.0,"103,104",10,104,0.09615384615384616,6,47,0.1276595744680851
previous_abort,93,7,0,28,-27,3,True,2,28.0,29.0,"28,29",37,155,0.23870967741935484,24,93,0.25806451612903225
previous_abort,93,7,0,29,-26,3,True,3,28.0,30.0,"28,29,30",43,209,0.20574162679425836,13,62,0.20967741935483872
previous_abort,93,7,0,30,-25,3,True,3,29.0,31.0,"29,30,31",33,174,0.1896551724137931,6,54,0.1111111111111111
previous_abort,93,7,0,31,-24,3,True,3,30.0,32.0,"30,31,32",28,148,0.1891891891891892,14,58,0.2413793103448276
previous_abort,93,7,0,32,-23,3,True,3,31.0,33.0,"31,32,33",32,154,0.2077922077922078,8,36,0.2222222222222222
previous_abort,93,7,0,33,-22,3,True,3,32.0,34.0,"32,33,34",27,160,0.16875,10,60,0.16666666666666666
previous_abort,93,7,0,34,-21,3,True,3,33.0,35.0,"33,34,35",39,204,0.19117647058823528,9,64,0.140625
previous_abort,93,7,0,35,-20,3,True,3,34.0,36.0,"34,35,36",41,207,0.19806763285024154,20,80,0.25
previous_abort,93,7,0,36,-19,3,True,3,35.0,37.0,"35,36,37",46,212,0.2169811320754717,12,63,0.19047619047619047
previous_abort,93,7,0,37,-18,3,True,3,36.0,38.0,"36,37,38",34,185,0.1837837837837838,14,69,0.2028985507246377
previous_abort,93,7,0,38,-17,3,True,3,37.0,39.0,"37,38,39",32,174,0.1839080459770115,8,53,0.1509433962264151
previous_abort,93,7,0,39,-16,3,True,3,38.0,40.0,"38,39,40",39,191,0.20418848167539266,10,52,0.19230769230769232
previous_abort,93,7,0,40,-15,3,True,3,39.0,41.0,"39,40,41",40,187,0.21390374331550802,21,86,0.2441860465116279
previous_abort,93,7,0,41,-14,3,True,3,40.0,42.0,"40,41,42",65,254,0.2559055118110236,9,49,0.1836734693877551
previous_abort,93,7,0,42,-13,3,True,3,41.0,43.0,"41,42,43",58,255,0.22745098039215686,35,119,0.29411764705882354
previous_abort,93,7,0,43,-12,3,True,3,42.0,44.0,"42,43,44",59,270,0.21851851851851853,14,87,0.16091954022988506
previous_abort,93,7,0,44,-11,3,True,3,43.0,45.0,"43,44,45",33,193,0.17098445595854922,10,64,0.15625
previous_abort,93,7,0,45,-10,3,True,3,44.0,46.0,"44,45,46",35,168,0.20833333333333334,9,42,0.21428571428571427
previous_abort,93,7,0,46,-9,3,True,3,45.0,47.0,"45,46,47",34,157,0.21656050955414013,16,62,0.25806451612903225
previous_abort,93,7,0,47,-8,3,True,3,46.0,48.0,"46,47,48",44,202,0.21782178217821782,9,53,0.16981132075471697
previous_abort,93,7,0,48,-7,3,True,3,47.0,49.0,"47,48,49",41,206,0.19902912621359223,19,87,0.21839080459770116
previous_abort,93,7,0,49,-6,3,True,3,48.0,50.0,"48,49,50",37,202,0.18316831683168316,13,66,0.19696969696969696
previous_abort,93,7,0,50,-5,3,True,3,49.0,51.0,"49,50,51",24,161,0.14906832298136646,5,49,0.10204081632653061
previous_abort,93,7,0,51,-4,3,True,3,50.0,52.0,"50,51,52",19,142,0.13380281690140844,6,46,0.13043478260869565
previous_abort,93,7,0,52,-3,3,True,3,51.0,53.0,"51,52,53",27,149,0.18120805369127516,8,47,0.1702127659574468
previous_abort,93,7,0,53,-2,3,True,3,52.0,54.0,"52,53,54",28,148,0.1891891891891892,13,56,0.23214285714285715
previous_abort,93,7,0,54,-1,3,True,2,53.0,54.0,"53,54",20,101,0.19801980198019803,7,45,0.15555555555555556
previous_abort,93,7,1,28,-27,3,True,2,28.0,29.0,"28,29",40,134,0.29850746268656714,19,62,0.3064516129032258
previous_abort,93,7,1,29,-26,3,True,3,28.0,30.0,"28,29,30",55,188,0.2925531914893617,21,72,0.2916666666666667
previous_abort,93,7,1,30,-25,3,True,3,29.0,31.0,"29,30,31",51,176,0.2897727272727273,15,54,0.2777777777777778
previous_abort,93,7,1,31,-24,3,True,3,30.0,32.0,"30,31,32",39,149,0.26174496644295303,15,50,0.3
previous_abort,93,7,1,32,-23,3,True,3,31.0,33.0,"31,32,33",36,158,0.22784810126582278,9,45,0.2
previous_abort,93,7,1,33,-22,3,True,3,32.0,34.0,"32,33,34",32,163,0.19631901840490798,12,63,0.19047619047619047
previous_abort,93,7,1,34,-21,3,True,3,33.0,35.0,"33,34,35",37,185,0.2,11,55,0.2
previous_abort,93,7,1,35,-20,3,True,3,34.0,36.0,"34,35,36",29,162,0.17901234567901234,14,67,0.208955223880597
previous_abort,93,7,1,36,-19,3,True,3,35.0,37.0,"35,36,37",29,162,0.17901234567901234,4,40,0.1
previous_abort,93,7,1,37,-18,3,True,3,36.0,38.0,"36,37,38",23,138,0.16666666666666666,11,55,0.2
previous_abort,93,7,1,38,-17,3,True,3,37.0,39.0,"37,38,39",33,156,0.21153846153846154,8,43,0.18604651162790697
previous_abort,93,7,1,39,-16,3,True,3,38.0,40.0,"38,39,40",46,173,0.2658959537572254,14,58,0.2413793103448276
previous_abort,93,7,1,40,-15,3,True,3,39.0,41.0,"39,40,41",59,180,0.3277777777777778,24,72,0.3333333333333333
previous_abort,93,7,1,41,-14,3,True,3,40.0,42.0,"40,41,42",100,235,0.425531914893617,21,50,0.42
previous_abort,93,7,1,42,-13,3,True,3,41.0,43.0,"41,42,43",94,235,0.4,55,113,0.48672566371681414
previous_abort,93,7,1,43,-12,3,True,3,42.0,44.0,"42,43,44",83,248,0.3346774193548387,18,72,0.25
previous_abort,93,7,1,44,-11,3,True,3,43.0,45.0,"43,44,45",43,181,0.23756906077348067,10,63,0.15873015873015872
previous_abort,93,7,1,45,-10,3,True,3,44.0,46.0,"44,45,46",45,191,0.2356020942408377,15,46,0.32608695652173914
previous_abort,93,7,1,46,-9,3,True,3,45.0,47.0,"45,46,47",50,184,0.2717391304347826,20,82,0.24390243902439024
previous_abort,93,7,1,47,-8,3,True,3,46.0,48.0,"46,47,48",61,221,0.27601809954751133,15,56,0.26785714285714285
previous_abort,93,7,1,48,-7,3,True,3,47.0,49.0,"47,48,49",52,196,0.2653061224489796,26,83,0.3132530120481928
previous_abort,93,7,1,49,-6,3,True,3,48.0,50.0,"48,49,50",49,189,0.25925925925925924,11,57,0.19298245614035087
previous_abort,93,7,1,50,-5,3,True,3,49.0,51.0,"49,50,51",25,135,0.18518518518518517,12,49,0.24489795918367346
previous_abort,93,7,1,51,-4,3,True,3,50.0,52.0,"50,51,52",27,124,0.21774193548387097,2,29,0.06896551724137931
previous_abort,93,7,1,52,-3,3,True,3,51.0,53.0,"51,52,53",26,134,0.19402985074626866,13,46,0.2826086956521739
previous_abort,93,7,1,53,-2,3,True,3,52.0,54.0,"52,53,54",33,149,0.2214765100671141,11,59,0.1864406779661017
previous_abort,93,7,1,54,-1,3,True,2,53.0,54.0,"53,54",20,103,0.1941747572815534,9,44,0.20454545454545456
previous_abort,93,8,0,55,0,3,True,2,55.0,56.0,"55,56",9,63,0.14285714285714285,6,37,0.16216216216216217
previous_abort,93,8,0,56,1,3,True,3,55.0,57.0,"55,56,57",11,91,0.12087912087912088,3,26,0.11538461538461539
previous_abort,93,8,0,57,2,3,True,3,56.0,58.0,"56,57,58",12,84,0.14285714285714285,2,28,0.07142857142857142
previous_abort,93,8,0,58,3,3,True,3,57.0,59.0,"57,58,59",12,86,0.13953488372093023,7,30,0.23333333333333334
previous_abort,93,8,0,59,4,3,True,3,58.0,60.0,"58,59,60",21,111,0.1891891891891892,3,28,0.10714285714285714
previous_abort,93,8,0,60,5,3,True,3,59.0,61.0,"59,60,61",14,91,0.15384615384615385,11,53,0.20754716981132076
previous_abort,93,8,0,61,6,3,True,3,60.0,62.0,"60,61,62",13,88,0.14772727272727273,0,10,0.0
previous_abort,93,8,0,62,7,3,True,3,61.0,63.0,"61,62,63",11,68,0.16176470588235295,2,25,0.08
previous_abort,93,8,0,63,8,3,True,3,62.0,64.0,"62,63,64",18,93,0.1935483870967742,9,33,0.2727272727272727
previous_abort,93,8,0,64,9,3,True,3,63.0,65.0,"63,64,65",28,115,0.24347826086956523,7,35,0.2
previous_abort,93,8,0,65,10,3,True,3,64.0,66.0,"64,65,66",23,112,0.20535714285714285,12,47,0.2553191489361702
previous_abort,93,8,0,66,11,3,True,3,65.0,67.0,"65,66,67",24,117,0.20512820512820512,4,30,0.13333333333333333
previous_abort,93,8,0,67,12,3,True,3,66.0,68.0,"66,67,68",18,103,0.17475728155339806,8,40,0.2
previous_abort,93,8,0,68,13,3,True,3,67.0,69.0,"67,68,69",21,112,0.1875,6,33,0.18181818181818182
previous_abort,93,8,0,69,14,3,True,3,68.0,70.0,"68,69,70",19,113,0.168141592920354,7,39,0.1794871794871795
previous_abort,93,8,0,70,15,3,True,3,69.0,71.0,"69,70,71",21,121,0.17355371900826447,6,41,0.14634146341463414
previous_abort,93,8,0,71,16,3,True,3,70.0,72.0,"70,71,72",19,127,0.14960629921259844,8,41,0.1951219512195122
previous_abort,93,8,0,72,17,3,True,3,71.0,73.0,"71,72,73",17,127,0.13385826771653545,5,45,0.1111111111111111
previous_abort,93,8,0,73,18,3,True,3,72.0,74.0,"72,73,74",14,127,0.11023622047244094,4,41,0.0975609756097561
previous_abort,93,8,0,74,19,3,True,3,73.0,75.0,"73,74,75",13,110,0.11818181818181818,5,41,0.12195121951219512
previous_abort,93,8,0,75,20,3,True,3,74.0,76.0,"74,75,76",16,123,0.13008130081300814,4,28,0.14285714285714285
previous_abort,93,8,0,76,21,3,True,3,75.0,77.0,"75,76,77",18,106,0.16981132075471697,7,54,0.12962962962962962
previous_abort,93,8,0,77,22,3,True,3,76.0,78.0,"76,77,78",19,111,0.17117117117117117,7,24,0.2916666666666667
previous_abort,93,8,0,78,23,3,True,3,77.0,79.0,"77,78,79",29,124,0.23387096774193547,5,33,0.15151515151515152
previous_abort,93,8,0,79,24,3,True,3,78.0,80.0,"78,79,80",42,171,0.24561403508771928,17,67,0.2537313432835821
previous_abort,93,8,0,80,25,3,True,3,79.0,81.0,"79,80,81",41,178,0.2303370786516854,20,71,0.28169014084507044
previous_abort,93,8,0,81,26,3,True,3,80.0,82.0,"80,81,82",26,137,0.1897810218978102,4,40,0.1
previous_abort,93,8,0,82,27,3,True,2,81.0,82.0,"81,82",6,66,0.09090909090909091,2,26,0.07692307692307693
previous_abort,93,8,1,55,0,3,True,2,55.0,56.0,"55,56",18,90,0.2,9,45,0.2
previous_abort,93,8,1,56,1,3,True,3,55.0,57.0,"55,56,57",28,141,0.19858156028368795,9,45,0.2
previous_abort,93,8,1,57,2,3,True,3,56.0,58.0,"56,57,58",27,131,0.20610687022900764,10,51,0.19607843137254902
previous_abort,93,8,1,58,3,3,True,3,57.0,59.0,"57,58,59",27,139,0.19424460431654678,8,35,0.22857142857142856
previous_abort,93,8,1,59,4,3,True,3,58.0,60.0,"58,59,60",39,167,0.23353293413173654,9,53,0.16981132075471697
previous_abort,93,8,1,60,5,3,True,3,59.0,61.0,"59,60,61",35,164,0.21341463414634146,22,79,0.27848101265822783
previous_abort,93,8,1,61,6,3,True,3,60.0,62.0,"60,61,62",27,147,0.1836734693877551,4,32,0.125
previous_abort,93,8,1,62,7,3,True,3,61.0,63.0,"61,62,63",19,127,0.14960629921259844,1,36,0.027777777777777776
previous_abort,93,8,1,63,8,3,True,3,62.0,64.0,"62,63,64",36,172,0.20930232558139536,14,59,0.23728813559322035
previous_abort,93,8,1,64,9,3,True,3,63.0,65.0,"63,64,65",40,190,0.21052631578947367,21,77,0.2727272727272727
previous_abort,93,8,1,65,10,3,True,3,64.0,66.0,"64,65,66",54,199,0.271356783919598,5,54,0.09259259259259259
previous_abort,93,8,1,66,11,3,True,3,65.0,67.0,"65,66,67",56,192,0.2916666666666667,28,68,0.4117647058823529
previous_abort,93,8,1,67,12,3,True,3,66.0,68.0,"66,67,68",66,211,0.3127962085308057,23,70,0.32857142857142857
previous_abort,93,8,1,68,13,3,True,3,67.0,69.0,"67,68,69",62,227,0.27312775330396477,15,73,0.2054794520547945
previous_abort,93,8,1,69,14,3,True,3,68.0,70.0,"68,69,70",60,234,0.2564102564102564,24,84,0.2857142857142857
previous_abort,93,8,1,70,15,3,True,3,69.0,71.0,"69,70,71",60,240,0.25,21,77,0.2727272727272727
previous_abort,93,8,1,71,16,3,True,3,70.0,72.0,"70,71,72",61,255,0.23921568627450981,15,79,0.189873417721519
previous_abort,93,8,1,72,17,3,True,3,71.0,73.0,"71,72,73",53,230,0.23043478260869565,25,99,0.25252525252525254
previous_abort,93,8,1,73,18,3,True,3,72.0,74.0,"72,73,74",53,227,0.23348017621145375,13,52,0.25
previous_abort,93,8,1,74,19,3,True,3,73.0,75.0,"73,74,75",37,200,0.185,15,76,0.19736842105263158
previous_abort,93,8,1,75,20,3,True,3,74.0,76.0,"74,75,76",55,252,0.21825396825396826,9,72,0.125
previous_abort,93,8,1,76,21,3,True,3,75.0,77.0,"75,76,77",56,247,0.22672064777327935,31,104,0.2980769230769231
previous_abort,93,8,1,77,22,3,True,3,76.0,78.0,"76,77,78",63,250,0.252,16,71,0.22535211267605634
previous_abort,93,8,1,78,23,3,True,3,77.0,79.0,"77,78,79",60,262,0.22900763358778625,16,75,0.21333333333333335
previous_abort,93,8,1,79,24,3,True,3,78.0,80.0,"78,79,80",70,286,0.24475524475524477,28,116,0.2413793103448276
previous_abort,93,8,1,80,25,3,True,3,79.0,81.0,"79,80,81",69,301,0.2292358803986711,26,95,0.2736842105263158
previous_abort,93,8,1,81,26,3,True,3,80.0,82.0,"80,81,82",47,232,0.2025862068965517,15,90,0.16666666666666666
previous_abort,93,8,1,82,27,3,True,2,81.0,82.0,"81,82",21,137,0.15328467153284672,6,47,0.1276595744680851
previous_abort,98,7,0,28,-20,3,True,2,28.0,29.0,"28,29",22,128,0.171875,10,49,0.20408163265306123
previous_abort,98,7,0,29,-19,3,True,3,28.0,30.0,"28,29,30",32,192,0.16666666666666666,12,79,0.1518987341772152
previous_abort,98,7,0,30,-18,3,True,3,29.0,31.0,"29,30,31",23,175,0.13142857142857142,10,64,0.15625
previous_abort,98,7,0,31,-17,3,True,3,30.0,32.0,"30,31,32",20,151,0.13245033112582782,1,32,0.03125
previous_abort,98,7,0,32,-16,3,True,3,31.0,33.0,"31,32,33",18,129,0.13953488372093023,9,55,0.16363636363636364
previous_abort,98,7,0,33,-15,3,True,3,32.0,34.0,"32,33,34",54,235,0.2297872340425532,8,42,0.19047619047619047
previous_abort,98,7,0,34,-14,3,True,3,33.0,35.0,"33,34,35",59,289,0.2041522491349481,37,138,0.26811594202898553
previous_abort,98,7,0,35,-13,3,True,3,34.0,36.0,"34,35,36",57,303,0.18811881188118812,14,109,0.12844036697247707
previous_abort,98,7,0,36,-12,3,True,3,35.0,37.0,"35,36,37",28,225,0.12444444444444444,6,56,0.10714285714285714
previous_abort,98,7,0,37,-11,3,True,3,36.0,38.0,"36,37,38",21,168,0.125,8,60,0.13333333333333333
previous_abort,98,7,0,38,-10,3,True,3,37.0,39.0,"37,38,39",31,184,0.16847826086956522,7,52,0.1346153846153846
previous_abort,98,7,0,39,-9,3,True,3,38.0,40.0,"38,39,40",54,243,0.2222222222222222,16,72,0.2222222222222222
previous_abort,98,7,0,40,-8,3,True,3,39.0,41.0,"39,40,41",69,299,0.23076923076923078,31,119,0.2605042016806723
previous_abort,98,7,0,41,-7,3,True,3,40.0,42.0,"40,41,42",73,298,0.24496644295302014,22,108,0.2037037037037037
previous_abort,98,7,0,42,-6,3,True,3,41.0,43.0,"41,42,43",54,247,0.21862348178137653,20,71,0.28169014084507044
previous_abort,98,7,0,43,-5,3,True,3,42.0,44.0,"42,43,44",42,218,0.1926605504587156,12,68,0.17647058823529413
previous_abort,98,7,0,44,-4,3,True,3,43.0,45.0,"43,44,45",47,246,0.1910569105691057,10,79,0.12658227848101267
previous_abort,98,7,0,45,-3,3,True,3,44.0,46.0,"44,45,46",43,247,0.17408906882591094,25,99,0.25252525252525254
previous_abort,98,7,0,46,-2,3,True,3,45.0,47.0,"45,46,47",38,219,0.1735159817351598,8,69,0.11594202898550725
previous_abort,98,7,0,47,-1,3,True,2,46.0,47.0,"46,47",13,120,0.10833333333333334,5,51,0.09803921568627451
previous_abort,98,7,1,28,-20,3,True,2,28.0,29.0,"28,29",23,98,0.23469387755102042,11,42,0.2619047619047619
previous_abort,98,7,1,29,-19,3,True,3,28.0,30.0,"28,29,30",27,135,0.2,12,56,0.21428571428571427
previous_abort,98,7,1,30,-18,3,True,3,29.0,31.0,"29,30,31",22,127,0.1732283464566929,4,37,0.10810810810810811
previous_abort,98,7,1,31,-17,3,True,3,30.0,32.0,"30,31,32",20,127,0.15748031496062992,6,34,0.17647058823529413
previous_abort,98,7,1,32,-16,3,True,3,31.0,33.0,"31,32,33",22,126,0.1746031746031746,10,56,0.17857142857142858
previous_abort,98,7,1,33,-15,3,True,3,32.0,34.0,"32,33,34",46,186,0.24731182795698925,6,36,0.16666666666666666
previous_abort,98,7,1,34,-14,3,True,3,33.0,35.0,"33,34,35",50,191,0.2617801047120419,30,94,0.3191489361702128
previous_abort,98,7,1,35,-13,3,True,3,34.0,36.0,"34,35,36",55,215,0.2558139534883721,14,61,0.22950819672131148
previous_abort,98,7,1,36,-12,3,True,3,35.0,37.0,"35,36,37",37,167,0.2215568862275449,11,60,0.18333333333333332
previous_abort,98,7,1,37,-11,3,True,3,36.0,38.0,"36,37,38",31,145,0.21379310344827587,12,46,0.2608695652173913
previous_abort,98,7,1,38,-10,3,True,3,37.0,39.0,"37,38,39",28,127,0.2204724409448819,8,39,0.20512820512820512
previous_abort,98,7,1,39,-9,3,True,3,38.0,40.0,"38,39,40",40,160,0.25,8,42,0.19047619047619047
previous_abort,98,7,1,40,-8,3,True,3,39.0,41.0,"39,40,41",63,219,0.2876712328767123,24,79,0.3037974683544304
previous_abort,98,7,1,41,-7,3,True,3,40.0,42.0,"40,41,42",78,247,0.3157894736842105,31,98,0.3163265306122449
previous_abort,98,7,1,42,-6,3,True,3,41.0,43.0,"41,42,43",79,249,0.3172690763052209,23,70,0.32857142857142857
previous_abort,98,7,1,43,-5,3,True,3,42.0,44.0,"42,43,44",57,201,0.2835820895522388,25,81,0.30864197530864196
previous_abort,98,7,1,44,-4,3,True,3,43.0,45.0,"43,44,45",41,181,0.2265193370165746,9,50,0.18
previous_abort,98,7,1,45,-3,3,True,3,44.0,46.0,"44,45,46",25,156,0.16025641025641027,7,50,0.14
previous_abort,98,7,1,46,-2,3,True,3,45.0,47.0,"45,46,47",24,149,0.1610738255033557,9,56,0.16071428571428573
previous_abort,98,7,1,47,-1,3,True,2,46.0,47.0,"46,47",17,99,0.1717171717171717,8,43,0.18604651162790697
previous_abort,98,8,0,48,0,3,True,2,48.0,49.0,"48,49",7,50,0.14,7,33,0.21212121212121213
previous_abort,98,8,0,49,1,3,True,3,48.0,50.0,"48,49,50",7,62,0.11290322580645161,0,17,0.0
previous_abort,98,8,0,50,2,3,True,3,49.0,51.0,"49,50,51",9,61,0.14754098360655737,0,12,0.0
previous_abort,98,8,0,51,3,3,True,3,50.0,52.0,"50,51,52",10,70,0.14285714285714285,9,32,0.28125
previous_abort,98,8,0,52,4,3,True,3,51.0,53.0,"51,52,53",22,111,0.1981981981981982,1,26,0.038461538461538464
previous_abort,98,8,0,53,5,3,True,3,52.0,54.0,"52,53,54",25,145,0.1724137931034483,12,53,0.22641509433962265
previous_abort,98,8,0,54,6,3,True,3,53.0,55.0,"53,54,55",32,179,0.1787709497206704,12,66,0.18181818181818182
previous_abort,98,8,0,55,7,3,True,3,54.0,56.0,"54,55,56",28,171,0.16374269005847952,8,60,0.13333333333333333
previous_abort,98,8,0,56,8,3,True,3,55.0,57.0,"55,56,57",24,166,0.14457831325301204,8,45,0.17777777777777778
previous_abort,98,8,0,57,9,3,True,3,56.0,58.0,"56,57,58",24,148,0.16216216216216217,8,61,0.13114754098360656
previous_abort,98,8,0,58,10,3,True,3,57.0,59.0,"57,58,59",22,146,0.1506849315068493,8,42,0.19047619047619047
previous_abort,98,8,0,59,11,3,True,3,58.0,60.0,"58,59,60",20,140,0.14285714285714285,6,43,0.13953488372093023
previous_abort,98,8,0,60,12,3,True,3,59.0,61.0,"59,60,61",28,170,0.16470588235294117,6,55,0.10909090909090909
previous_abort,98,8,0,61,13,3,True,3,60.0,62.0,"60,61,62",43,202,0.21287128712871287,16,72,0.2222222222222222
previous_abort,98,8,0,62,14,3,True,3,61.0,63.0,"61,62,63",52,216,0.24074074074074073,21,75,0.28
previous_abort,98,8,0,63,15,3,True,3,62.0,64.0,"62,63,64",48,193,0.24870466321243523,15,69,0.21739130434782608
previous_abort,98,8,0,64,16,3,True,3,63.0,65.0,"63,64,65",38,166,0.2289156626506024,12,49,0.24489795918367346
previous_abort,98,8,0,65,17,3,True,3,64.0,66.0,"64,65,66",25,105,0.23809523809523808,11,48,0.22916666666666666
previous_abort,98,8,0,66,18,3,True,3,65.0,67.0,"65,66,67",31,122,0.2540983606557377,2,8,0.25
previous_abort,98,8,0,67,19,3,True,2,66.0,67.0,"66,67",20,74,0.2702702702702703,18,66,0.2727272727272727
previous_abort,98,8,0,69,21,3,True,2,69.0,70.0,"69,70",28,138,0.2028985507246377,21,81,0.25925925925925924
previous_abort,98,8,0,70,22,3,True,3,69.0,71.0,"69,70,71",36,194,0.18556701030927836,7,57,0.12280701754385964
previous_abort,98,8,0,71,23,3,True,3,70.0,72.0,"70,71,72",36,197,0.18274111675126903,8,56,0.14285714285714285
previous_abort,98,8,0,72,24,3,True,3,71.0,73.0,"71,72,73",53,239,0.2217573221757322,21,84,0.25
previous_abort,98,8,0,73,25,3,True,3,72.0,74.0,"72,73,74",59,247,0.2388663967611336,24,99,0.24242424242424243
previous_abort,98,8,0,74,26,3,True,2,73.0,74.0,"73,74",38,163,0.2331288343558282,14,64,0.21875
previous_abort,98,8,1,48,0,3,True,2,48.0,49.0,"48,49",24,115,0.20869565217391303,10,68,0.14705882352941177
previous_abort,98,8,1,49,1,3,True,3,48.0,50.0,"48,49,50",45,184,0.24456521739130435,14,47,0.2978723404255319
previous_abort,98,8,1,50,2,3,True,3,49.0,51.0,"49,50,51",58,203,0.2857142857142857,21,69,0.30434782608695654
previous_abort,98,8,1,51,3,3,True,3,50.0,52.0,"50,51,52",68,234,0.2905982905982906,23,87,0.26436781609195403
previous_abort,98,8,1,52,4,3,True,3,51.0,53.0,"51,52,53",79,276,0.286231884057971,24,78,0.3076923076923077
previous_abort,98,8,1,53,5,3,True,3,52.0,54.0,"52,53,54",89,319,0.27899686520376177,32,111,0.2882882882882883
previous_abort,98,8,1,54,6,3,True,3,53.0,55.0,"53,54,55",101,370,0.27297297297297296,33,130,0.25384615384615383
previous_abort,98,8,1,55,7,3,True,3,54.0,56.0,"54,55,56",111,396,0.2803030303030303,36,129,0.27906976744186046
previous_abort,98,8,1,56,8,3,True,3,55.0,57.0,"55,56,57",130,422,0.3080568720379147,42,137,0.30656934306569344
previous_abort,98,8,1,57,9,3,True,3,56.0,58.0,"56,57,58",124,390,0.31794871794871793,52,156,0.3333333333333333
previous_abort,98,8,1,58,10,3,True,3,57.0,59.0,"57,58,59",100,333,0.3003003003003003,30,97,0.30927835051546393
previous_abort,98,8,1,59,11,3,True,3,58.0,60.0,"58,59,60",73,290,0.2517241379310345,18,80,0.225
previous_abort,98,8,1,60,12,3,True,3,59.0,61.0,"59,60,61",89,352,0.2528409090909091,25,113,0.22123893805309736
previous_abort,98,8,1,61,13,3,True,3,60.0,62.0,"60,61,62",104,381,0.27296587926509186,46,159,0.2893081761006289
previous_abort,98,8,1,62,14,3,True,3,61.0,63.0,"61,62,63",123,408,0.3014705882352941,33,109,0.30275229357798167
previous_abort,98,8,1,63,15,3,True,3,62.0,64.0,"62,63,64",105,352,0.29829545454545453,44,140,0.3142857142857143
previous_abort,98,8,1,64,16,3,True,3,63.0,65.0,"63,64,65",82,313,0.26198083067092653,28,103,0.27184466019417475
previous_abort,98,8,1,65,17,3,True,3,64.0,66.0,"64,65,66",38,189,0.20105820105820105,10,70,0.14285714285714285
previous_abort,98,8,1,66,18,3,True,3,65.0,67.0,"65,66,67",34,196,0.17346938775510204,0,16,0.0
previous_abort,98,8,1,67,19,3,True,2,66.0,67.0,"66,67",24,126,0.19047619047619047,24,110,0.21818181818181817
previous_abort,98,8,1,69,21,3,True,2,69.0,70.0,"69,70",67,248,0.2701612903225806,38,133,0.2857142857142857
previous_abort,98,8,1,70,22,3,True,3,69.0,71.0,"69,70,71",104,397,0.2619647355163728,29,115,0.25217391304347825
previous_abort,98,8,1,71,23,3,True,3,70.0,72.0,"70,71,72",111,402,0.27611940298507465,37,149,0.2483221476510067
previous_abort,98,8,1,72,24,3,True,3,71.0,73.0,"71,72,73",108,377,0.2864721485411141,45,138,0.32608695652173914
previous_abort,98,8,1,73,25,3,True,3,72.0,74.0,"72,73,74",102,337,0.3026706231454006,26,90,0.28888888888888886
previous_abort,98,8,1,74,26,3,True,2,73.0,74.0,"73,74",57,199,0.2864321608040201,31,109,0.28440366972477066
previous_abort,98,8,1,68,20,3,False,0,,,,0,0,,0,0,
previous_abort,99,7,0,28,-19,3,True,2,28.0,29.0,"28,29",50,241,0.2074688796680498,16,109,0.14678899082568808
previous_abort,99,7,0,29,-18,3,True,3,28.0,30.0,"28,29,30",54,293,0.18430034129692832,34,132,0.25757575757575757
previous_abort,99,7,0,30,-17,3,True,3,29.0,31.0,"29,30,31",49,268,0.1828358208955224,4,52,0.07692307692307693
previous_abort,99,7,0,31,-16,3,True,3,30.0,32.0,"30,31,32",24,199,0.12060301507537688,11,84,0.13095238095238096
previous_abort,99,7,0,32,-15,3,True,3,31.0,33.0,"31,32,33",54,269,0.20074349442379183,9,63,0.14285714285714285
previous_abort,99,7,0,33,-14,3,True,3,32.0,34.0,"32,33,34",49,243,0.20164609053497942,34,122,0.2786885245901639
previous_abort,99,7,0,34,-13,3,True,3,33.0,35.0,"33,34,35",46,219,0.2100456621004566,6,58,0.10344827586206896
previous_abort,99,7,0,35,-12,3,True,3,34.0,36.0,"34,35,36",23,173,0.1329479768786127,6,39,0.15384615384615385
previous_abort,99,7,0,36,-11,3,True,3,35.0,37.0,"35,36,37",36,209,0.1722488038277512,11,76,0.14473684210526316
previous_abort,99,7,0,37,-10,3,True,3,36.0,38.0,"36,37,38",43,233,0.18454935622317598,19,94,0.20212765957446807
previous_abort,99,7,0,38,-9,3,True,3,37.0,39.0,"37,38,39",48,240,0.2,13,63,0.20634920634920634
previous_abort,99,7,0,39,-8,3,True,3,38.0,40.0,"38,39,40",55,228,0.2412280701754386,16,83,0.1927710843373494
previous_abort,99,7,0,40,-7,3,True,3,39.0,41.0,"39,40,41",53,246,0.21544715447154472,26,82,0.3170731707317073
previous_abort,99,7,0,41,-6,3,True,3,40.0,42.0,"40,41,42",49,259,0.1891891891891892,11,81,0.13580246913580246
previous_abort,99,7,0,42,-5,3,True,3,41.0,43.0,"41,42,43",46,271,0.16974169741697417,12,96,0.125
previous_abort,99,7,0,43,-4,3,True,3,42.0,44.0,"42,43,44",42,248,0.1693548387096774,23,94,0.24468085106382978
previous_abort,99,7,0,44,-3,3,True,3,43.0,45.0,"43,44,45",47,237,0.19831223628691982,7,58,0.1206896551724138
previous_abort,99,7,0,45,-2,3,True,3,44.0,46.0,"44,45,46",29,197,0.14720812182741116,17,85,0.2
previous_abort,99,7,0,46,-1,3,True,2,45.0,46.0,"45,46",22,139,0.15827338129496402,5,54,0.09259259259259259
previous_abort,99,7,1,28,-19,3,True,2,28.0,29.0,"28,29",51,163,0.3128834355828221,26,78,0.3333333333333333
previous_abort,99,7,1,29,-18,3,True,3,28.0,30.0,"28,29,30",61,212,0.28773584905660377,25,85,0.29411764705882354
previous_abort,99,7,1,30,-17,3,True,3,29.0,31.0,"29,30,31",49,206,0.23786407766990292,10,49,0.20408163265306123
previous_abort,99,7,1,31,-16,3,True,3,30.0,32.0,"30,31,32",25,152,0.16447368421052633,14,72,0.19444444444444445
previous_abort,99,7,1,32,-15,3,True,3,31.0,33.0,"31,32,33",55,211,0.26066350710900477,1,31,0.03225806451612903
previous_abort,99,7,1,33,-14,3,True,3,32.0,34.0,"32,33,34",66,217,0.30414746543778803,40,108,0.37037037037037035
previous_abort,99,7,1,34,-13,3,True,3,33.0,35.0,"33,34,35",72,222,0.32432432432432434,25,78,0.32051282051282054
previous_abort,99,7,1,35,-12,3,True,3,34.0,36.0,"34,35,36",49,185,0.2648648648648649,7,36,0.19444444444444445
previous_abort,99,7,1,36,-11,3,True,3,35.0,37.0,"35,36,37",44,173,0.2543352601156069,17,71,0.23943661971830985
previous_abort,99,7,1,37,-10,3,True,3,36.0,38.0,"36,37,38",47,191,0.24607329842931938,20,66,0.30303030303030304
previous_abort,99,7,1,38,-9,3,True,3,37.0,39.0,"37,38,39",43,181,0.23756906077348067,10,54,0.18518518518518517
previous_abort,99,7,1,39,-8,3,True,3,38.0,40.0,"38,39,40",44,187,0.23529411764705882,13,61,0.21311475409836064
previous_abort,99,7,1,40,-7,3,True,3,39.0,41.0,"39,40,41",55,206,0.2669902912621359,21,72,0.2916666666666667
previous_abort,99,7,1,41,-6,3,True,3,40.0,42.0,"40,41,42",53,199,0.2663316582914573,21,73,0.2876712328767123
previous_abort,99,7,1,42,-5,3,True,3,41.0,43.0,"41,42,43",72,220,0.32727272727272727,11,54,0.2037037037037037
previous_abort,99,7,1,43,-4,3,True,3,42.0,44.0,"42,43,44",66,215,0.30697674418604654,40,93,0.43010752688172044
previous_abort,99,7,1,44,-3,3,True,3,43.0,45.0,"43,44,45",64,222,0.2882882882882883,15,68,0.22058823529411764
previous_abort,99,7,1,45,-2,3,True,3,44.0,46.0,"44,45,46",38,187,0.20320855614973263,9,61,0.14754098360655737
previous_abort,99,7,1,46,-1,3,True,2,45.0,46.0,"45,46",23,119,0.19327731092436976,14,58,0.2413793103448276
previous_abort,99,8,0,47,0,3,True,2,47.0,48.0,"47,48",15,110,0.13636363636363635,10,57,0.17543859649122806
previous_abort,99,8,0,48,1,3,True,3,47.0,49.0,"47,48,49",19,134,0.1417910447761194,5,53,0.09433962264150944
previous_abort,99,8,0,49,2,3,True,3,48.0,50.0,"48,49,50",28,142,0.19718309859154928,4,24,0.16666666666666666
previous_abort,99,8,0,50,3,3,True,3,49.0,51.0,"49,50,51",29,122,0.23770491803278687,19,65,0.2923076923076923
previous_abort,99,8,0,51,4,3,True,3,50.0,52.0,"50,51,52",33,145,0.22758620689655173,6,33,0.18181818181818182
previous_abort,99,8,0,52,5,3,True,3,51.0,53.0,"51,52,53",21,111,0.1891891891891892,8,47,0.1702127659574468
previous_abort,99,8,0,53,6,3,True,3,52.0,54.0,"52,53,54",18,119,0.15126050420168066,7,31,0.22580645161290322
previous_abort,99,8,0,54,7,3,True,3,53.0,55.0,"53,54,55",18,121,0.1487603305785124,3,41,0.07317073170731707
previous_abort,99,8,0,55,8,3,True,3,54.0,56.0,"54,55,56",15,135,0.1111111111111111,8,49,0.16326530612244897
previous_abort,99,8,0,56,9,3,True,3,55.0,57.0,"55,56,57",14,108,0.12962962962962962,4,45,0.08888888888888889
previous_abort,99,8,0,57,10,3,True,3,56.0,58.0,"56,57,58",10,93,0.10752688172043011,2,14,0.14285714285714285
previous_abort,99,8,0,58,11,3,True,3,57.0,59.0,"57,58,59",10,92,0.10869565217391304,4,34,0.11764705882352941
previous_abort,99,8,0,59,12,3,True,3,58.0,60.0,"58,59,60",15,144,0.10416666666666667,4,44,0.09090909090909091
previous_abort,99,8,0,60,13,3,True,3,59.0,61.0,"59,60,61",16,164,0.0975609756097561,7,66,0.10606060606060606
previous_abort,99,8,0,61,14,3,True,3,60.0,62.0,"60,61,62",27,188,0.14361702127659576,5,54,0.09259259259259259
previous_abort,99,8,0,62,15,3,True,3,61.0,63.0,"61,62,63",26,165,0.15757575757575756,15,68,0.22058823529411764
previous_abort,99,8,0,63,16,3,True,3,62.0,64.0,"62,63,64",24,129,0.18604651162790697,6,43,0.13953488372093023
previous_abort,99,8,0,64,17,3,True,3,63.0,65.0,"63,64,65",11,88,0.125,3,18,0.16666666666666666
previous_abort,99,8,0,65,18,3,True,3,64.0,66.0,"64,65,66",9,80,0.1125,2,27,0.07407407407407407
previous_abort,99,8,0,66,19,3,True,3,65.0,67.0,"65,66,67",14,113,0.12389380530973451,4,35,0.11428571428571428
previous_abort,99,8,0,67,20,3,True,3,66.0,68.0,"66,67,68",17,122,0.13934426229508196,8,51,0.1568627450980392
previous_abort,99,8,0,68,21,3,True,3,67.0,69.0,"67,68,69",13,114,0.11403508771929824,5,36,0.1388888888888889
previous_abort,99,8,0,69,22,3,True,3,68.0,70.0,"68,69,70",5,69,0.07246376811594203,0,27,0.0
previous_abort,99,8,0,70,23,3,True,3,69.0,71.0,"69,70,71",6,73,0.0821917808219178,0,6,0.0
previous_abort,99,8,0,71,24,3,True,3,70.0,72.0,"70,71,72",8,71,0.11267605633802817,6,40,0.15
previous_abort,99,8,0,72,25,3,True,2,71.0,72.0,"71,72",8,65,0.12307692307692308,2,25,0.08
previous_abort,99,8,1,47,0,3,True,2,47.0,48.0,"47,48",48,167,0.2874251497005988,29,90,0.32222222222222224
previous_abort,99,8,1,48,1,3,True,3,47.0,49.0,"47,48,49",65,226,0.28761061946902655,19,77,0.24675324675324675
previous_abort,99,8,1,49,2,3,True,3,48.0,50.0,"48,49,50",63,238,0.2647058823529412,17,59,0.288135593220339
previous_abort,99,8,1,50,3,3,True,3,49.0,51.0,"49,50,51",68,252,0.2698412698412698,27,102,0.2647058823529412
previous_abort,99,8,1,51,4,3,True,3,50.0,52.0,"50,51,52",100,324,0.30864197530864196,24,91,0.26373626373626374
previous_abort,99,8,1,52,5,3,True,3,51.0,53.0,"51,52,53",93,305,0.30491803278688523,49,131,0.37404580152671757
previous_abort,99,8,1,53,6,3,True,3,52.0,54.0,"52,53,54",106,318,0.3333333333333333,20,83,0.24096385542168675
previous_abort,99,8,1,54,7,3,True,3,53.0,55.0,"53,54,55",84,274,0.30656934306569344,37,104,0.3557692307692308
previous_abort,99,8,1,55,8,3,True,3,54.0,56.0,"54,55,56",88,286,0.3076923076923077,27,87,0.3103448275862069
previous_abort,99,8,1,56,9,3,True,3,55.0,57.0,"55,56,57",53,216,0.24537037037037038,24,95,0.25263157894736843
previous_abort,99,8,1,57,10,3,True,3,56.0,58.0,"56,57,58",29,179,0.16201117318435754,2,34,0.058823529411764705
previous_abort,99,8,1,58,11,3,True,3,57.0,59.0,"57,58,59",16,160,0.1,3,50,0.06
previous_abort,99,8,1,59,12,3,True,3,58.0,60.0,"58,59,60",38,235,0.16170212765957448,11,76,0.14473684210526316
previous_abort,99,8,1,60,13,3,True,3,59.0,61.0,"59,60,61",64,303,0.21122112211221122,24,109,0.22018348623853212
previous_abort,99,8,1,61,14,3,True,3,60.0,62.0,"60,61,62",84,331,0.2537764350453172,29,118,0.2457627118644068
previous_abort,99,8,1,62,15,3,True,3,61.0,63.0,"61,62,63",80,287,0.2787456445993031,31,104,0.2980769230769231
previous_abort,99,8,1,63,16,3,True,3,62.0,64.0,"62,63,64",53,200,0.265,20,65,0.3076923076923077
previous_abort,99,8,1,64,17,3,True,3,63.0,65.0,"63,64,65",39,163,0.2392638036809816,2,31,0.06451612903225806
previous_abort,99,8,1,65,18,3,True,3,64.0,66.0,"64,65,66",31,160,0.19375,17,67,0.2537313432835821
previous_abort,99,8,1,66,19,3,True,3,65.0,67.0,"65,66,67",53,234,0.2264957264957265,12,62,0.1935483870967742
previous_abort,99,8,1,67,20,3,True,3,66.0,68.0,"66,67,68",47,232,0.2025862068965517,24,105,0.22857142857142856
previous_abort,99,8,1,68,21,3,True,3,67.0,69.0,"67,68,69",46,246,0.18699186991869918,11,65,0.16923076923076924
previous_abort,99,8,1,69,22,3,True,3,68.0,70.0,"68,69,70",23,158,0.14556962025316456,11,76,0.14473684210526316
previous_abort,99,8,1,70,23,3,True,3,69.0,71.0,"69,70,71",22,164,0.13414634146341464,1,17,0.058823529411764705
previous_abort,99,8,1,71,24,3,True,3,70.0,72.0,"70,71,72",16,136,0.11764705882352941,10,71,0.14084507042253522
previous_abort,99,8,1,72,25,3,True,2,71.0,72.0,"71,72",15,119,0.12605042016806722,5,48,0.10416666666666667
previous_abort,100,7,0,28,-15,3,True,2,28.0,29.0,"28,29",31,130,0.23846153846153847,15,55,0.2727272727272727
previous_abort,100,7,0,29,-14,3,True,3,28.0,30.0,"28,29,30",36,171,0.21052631578947367,16,75,0.21333333333333335
previous_abort,100,7,0,30,-13,3,True,3,29.0,31.0,"29,30,31",22,140,0.15714285714285714,5,41,0.12195121951219512
previous_abort,100,7,0,31,-12,3,True,3,30.0,32.0,"30,31,32",14,121,0.11570247933884298,1,24,0.041666666666666664
previous_abort,100,7,0,32,-11,3,True,3,31.0,33.0,"31,32,33",14,121,0.11570247933884298,8,56,0.14285714285714285
previous_abort,100,7,0,33,-10,3,True,3,32.0,34.0,"32,33,34",19,139,0.1366906474820144,5,41,0.12195121951219512
previous_abort,100,7,0,34,-9,3,True,3,33.0,35.0,"33,34,35",17,130,0.13076923076923078,6,42,0.14285714285714285
previous_abort,100,7,0,35,-8,3,True,3,34.0,36.0,"34,35,36",22,149,0.1476510067114094,6,47,0.1276595744680851
previous_abort,100,7,0,36,-7,3,True,3,35.0,37.0,"35,36,37",22,158,0.13924050632911392,10,60,0.16666666666666666
previous_abort,100,7,0,37,-6,3,True,3,36.0,38.0,"36,37,38",17,137,0.12408759124087591,6,51,0.11764705882352941
previous_abort,100,7,0,38,-5,3,True,3,37.0,39.0,"37,38,39",7,90,0.07777777777777778,1,26,0.038461538461538464
previous_abort,100,7,0,39,-4,3,True,3,38.0,40.0,"38,39,40",17,110,0.15454545454545454,0,13,0.0
previous_abort,100,7,0,40,-3,3,True,3,39.0,41.0,"39,40,41",22,130,0.16923076923076924,16,71,0.22535211267605634
previous_abort,100,7,0,41,-2,3,True,3,40.0,42.0,"40,41,42",24,148,0.16216216216216217,6,46,0.13043478260869565
previous_abort,100,7,0,42,-1,3,True,2,41.0,42.0,"41,42",8,77,0.1038961038961039,2,31,0.06451612903225806
previous_abort,100,7,1,28,-15,3,True,2,28.0,29.0,"28,29",12,86,0.13953488372093023,5,35,0.14285714285714285
previous_abort,100,7,1,29,-14,3,True,3,28.0,30.0,"28,29,30",19,126,0.15079365079365079,7,51,0.13725490196078433
previous_abort,100,7,1,30,-13,3,True,3,29.0,31.0,"29,30,31",16,117,0.13675213675213677,7,40,0.175
previous_abort,100,7,1,31,-12,3,True,3,30.0,32.0,"30,31,32",12,103,0.11650485436893204,2,26,0.07692307692307693
previous_abort,100,7,1,32,-11,3,True,3,31.0,33.0,"31,32,33",12,98,0.12244897959183673,3,37,0.08108108108108109
previous_abort,100,7,1,33,-10,3,True,3,32.0,34.0,"32,33,34",12,104,0.11538461538461539,7,35,0.2
previous_abort,100,7,1,34,-9,3,True,3,33.0,35.0,"33,34,35",22,117,0.18803418803418803,2,32,0.0625
previous_abort,100,7,1,35,-8,3,True,3,34.0,36.0,"34,35,36",21,106,0.19811320754716982,13,50,0.26
previous_abort,100,7,1,36,-7,3,True,3,35.0,37.0,"35,36,37",27,107,0.2523364485981308,6,24,0.25
previous_abort,100,7,1,37,-6,3,True,3,36.0,38.0,"36,37,38",18,85,0.21176470588235294,8,33,0.24242424242424243
previous_abort,100,7,1,38,-5,3,True,3,37.0,39.0,"37,38,39",14,77,0.18181818181818182,4,28,0.14285714285714285
previous_abort,100,7,1,39,-4,3,True,3,38.0,40.0,"38,39,40",17,89,0.19101123595505617,2,16,0.125
previous_abort,100,7,1,40,-3,3,True,3,39.0,41.0,"39,40,41",19,100,0.19,11,45,0.24444444444444444
previous_abort,100,7,1,41,-2,3,True,3,40.0,42.0,"40,41,42",21,113,0.18584070796460178,6,39,0.15384615384615385
previous_abort,100,7,1,42,-1,3,True,2,41.0,42.0,"41,42",10,68,0.14705882352941177,4,29,0.13793103448275862
previous_abort,100,8,0,43,0,3,True,2,43.0,44.0,"43,44",7,65,0.1076923076923077,3,33,0.09090909090909091
previous_abort,100,8,0,44,1,3,True,3,43.0,45.0,"43,44,45",16,115,0.1391304347826087,4,32,0.125
previous_abort,100,8,0,45,2,3,True,3,44.0,46.0,"44,45,46",17,111,0.15315315315315314,9,50,0.18
previous_abort,100,8,0,46,3,3,True,3,45.0,47.0,"45,46,47",16,112,0.14285714285714285,4,29,0.13793103448275862
previous_abort,100,8,0,47,4,3,True,3,46.0,48.0,"46,47,48",9,100,0.09,3,33,0.09090909090909091
previous_abort,100,8,0,48,5,3,True,3,47.0,49.0,"47,48,49",8,97,0.08247422680412371,2,38,0.05263157894736842
previous_abort,100,8,0,49,6,3,True,3,48.0,50.0,"48,49,50",8,88,0.09090909090909091,3,26,0.11538461538461539
previous_abort,100,8,0,50,7,3,True,3,49.0,51.0,"49,50,51",9,83,0.10843373493975904,3,24,0.125
previous_abort,100,8,0,51,8,3,True,3,50.0,52.0,"50,51,52",15,102,0.14705882352941177,3,33,0.09090909090909091
previous_abort,100,8,0,52,9,3,True,3,51.0,53.0,"51,52,53",19,120,0.15833333333333333,9,45,0.2
previous_abort,100,8,0,53,10,3,True,3,52.0,54.0,"52,53,54",22,120,0.18333333333333332,7,42,0.16666666666666666
previous_abort,100,8,0,54,11,3,True,3,53.0,55.0,"53,54,55",18,115,0.1565217391304348,6,33,0.18181818181818182
previous_abort,100,8,0,55,12,3,True,3,54.0,56.0,"54,55,56",16,100,0.16,5,40,0.125
previous_abort,100,8,0,56,13,3,True,2,55.0,56.0,"55,56",10,67,0.14925373134328357,5,27,0.18518518518518517
previous_abort,100,8,0,58,15,3,True,2,58.0,59.0,"58,59",9,69,0.13043478260869565,6,35,0.17142857142857143
previous_abort,100,8,0,59,16,3,True,3,58.0,60.0,"58,59,60",13,109,0.11926605504587157,3,34,0.08823529411764706
previous_abort,100,8,0,60,17,3,True,3,59.0,61.0,"59,60,61",13,106,0.12264150943396226,4,40,0.1
previous_abort,100,8,0,61,18,3,True,3,60.0,62.0,"60,61,62",14,100,0.14,6,32,0.1875
previous_abort,100,8,0,62,19,3,True,3,61.0,63.0,"61,62,63",13,82,0.15853658536585366,4,28,0.14285714285714285
previous_abort,100,8,0,63,20,3,True,3,62.0,64.0,"62,63,64",12,86,0.13953488372093023,3,22,0.13636363636363635
previous_abort,100,8,0,64,21,3,True,3,63.0,65.0,"63,64,65",11,92,0.11956521739130435,5,36,0.1388888888888889
previous_abort,100,8,0,65,22,3,True,3,64.0,66.0,"64,65,66",11,102,0.10784313725490197,3,34,0.08823529411764706
previous_abort,100,8,0,66,23,3,True,3,65.0,67.0,"65,66,67",10,100,0.1,3,32,0.09375
previous_abort,100,8,0,67,24,3,True,3,66.0,68.0,"66,67,68",15,107,0.14018691588785046,4,34,0.11764705882352941
previous_abort,100,8,0,68,25,3,True,3,67.0,69.0,"67,68,69",17,99,0.1717171717171717,8,41,0.1951219512195122
previous_abort,100,8,0,69,26,3,True,3,68.0,70.0,"68,69,70",16,91,0.17582417582417584,5,24,0.20833333333333334
previous_abort,100,8,0,70,27,3,True,3,69.0,71.0,"69,70,71",9,65,0.13846153846153847,3,26,0.11538461538461539
previous_abort,100,8,0,71,28,3,True,3,70.0,72.0,"70,71,72",4,55,0.07272727272727272,1,15,0.06666666666666667
previous_abort,100,8,0,72,29,3,True,2,71.0,72.0,"71,72",1,29,0.034482758620689655,0,14,0.0
previous_abort,100,8,1,43,0,3,True,2,43.0,44.0,"43,44",26,123,0.21138211382113822,12,63,0.19047619047619047
previous_abort,100,8,1,44,1,3,True,3,43.0,45.0,"43,44,45",47,209,0.22488038277511962,14,60,0.23333333333333334
previous_abort,100,8,1,45,2,3,True,3,44.0,46.0,"44,45,46",40,201,0.19900497512437812,21,86,0.2441860465116279
previous_abort,100,8,1,46,3,3,True,3,45.0,47.0,"45,46,47",34,188,0.18085106382978725,5,55,0.09090909090909091
previous_abort,100,8,1,47,4,3,True,3,46.0,48.0,"46,47,48",24,153,0.1568627450980392,8,47,0.1702127659574468
previous_abort,100,8,1,48,5,3,True,3,47.0,49.0,"47,48,49",27,155,0.17419354838709677,11,51,0.21568627450980393
previous_abort,100,8,1,49,6,3,True,3,48.0,50.0,"48,49,50",24,160,0.15,8,57,0.14035087719298245
previous_abort,100,8,1,50,7,3,True,3,49.0,51.0,"49,50,51",28,172,0.16279069767441862,5,52,0.09615384615384616
previous_abort,100,8,1,51,8,3,True,3,50.0,52.0,"50,51,52",37,190,0.19473684210526315,15,63,0.23809523809523808
previous_abort,100,8,1,52,9,3,True,3,51.0,53.0,"51,52,53",45,204,0.22058823529411764,17,75,0.22666666666666666
previous_abort,100,8,1,53,10,3,True,3,52.0,54.0,"52,53,54",37,195,0.18974358974358974,13,66,0.19696969696969696
previous_abort,100,8,1,54,11,3,True,3,53.0,55.0,"53,54,55",23,156,0.14743589743589744,7,54,0.12962962962962962
previous_abort,100,8,1,55,12,3,True,3,54.0,56.0,"54,55,56",13,114,0.11403508771929824,3,36,0.08333333333333333
previous_abort,100,8,1,56,13,3,True,2,55.0,56.0,"55,56",6,60,0.1,3,24,0.125
previous_abort,100,8,1,58,15,3,True,2,58.0,59.0,"58,59",14,101,0.13861386138613863,9,51,0.17647058823529413
previous_abort,100,8,1,59,16,3,True,3,58.0,60.0,"58,59,60",19,155,0.12258064516129032,5,50,0.1
previous_abort,100,8,1,60,17,3,True,3,59.0,61.0,"59,60,61",21,156,0.1346153846153846,5,54,0.09259259259259259
previous_abort,100,8,1,61,18,3,True,3,60.0,62.0,"60,61,62",26,163,0.15950920245398773,11,52,0.21153846153846154
previous_abort,100,8,1,62,19,3,True,3,61.0,63.0,"61,62,63",25,152,0.16447368421052633,10,57,0.17543859649122806
previous_abort,100,8,1,63,20,3,True,3,62.0,64.0,"62,63,64",24,149,0.1610738255033557,4,43,0.09302325581395349
previous_abort,100,8,1,64,21,3,True,3,63.0,65.0,"63,64,65",28,146,0.1917808219178082,10,49,0.20408163265306123
previous_abort,100,8,1,65,22,3,True,3,64.0,66.0,"64,65,66",33,156,0.21153846153846154,14,54,0.25925925925925924
previous_abort,100,8,1,66,23,3,True,3,65.0,67.0,"65,66,67",31,161,0.19254658385093168,9,53,0.16981132075471697
previous_abort,100,8,1,67,24,3,True,3,66.0,68.0,"66,67,68",23,150,0.15333333333333332,8,54,0.14814814814814814
previous_abort,100,8,1,68,25,3,True,3,67.0,69.0,"67,68,69",33,171,0.19298245614035087,6,43,0.13953488372093023
previous_abort,100,8,1,69,26,3,True,3,68.0,70.0,"68,69,70",39,190,0.20526315789473684,19,74,0.25675675675675674
previous_abort,100,8,1,70,27,3,True,3,69.0,71.0,"69,70,71",38,181,0.20994475138121546,14,73,0.1917808219178082
previous_abort,100,8,1,71,28,3,True,3,70.0,72.0,"70,71,72",27,159,0.16981132075471697,5,34,0.14705882352941177
previous_abort,100,8,1,72,29,3,True,2,71.0,72.0,"71,72",13,86,0.1511627906976744,8,52,0.15384615384615385
previous_abort,103,7,0,26,-27,3,True,2,26.0,27.0,"26,27",34,113,0.3008849557522124,11,44,0.25
previous_abort,103,7,0,27,-26,3,True,3,26.0,28.0,"26,27,28",39,163,0.2392638036809816,23,69,0.3333333333333333
previous_abort,103,7,0,28,-25,3,True,3,27.0,29.0,"27,28,29",39,168,0.23214285714285715,5,50,0.1
previous_abort,103,7,0,29,-24,3,True,3,28.0,30.0,"28,29,30",23,131,0.17557251908396945,11,49,0.22448979591836735
previous_abort,103,7,0,30,-23,3,True,3,29.0,31.0,"29,30,31",24,132,0.18181818181818182,7,32,0.21875
previous_abort,103,7,0,31,-22,3,True,3,30.0,32.0,"30,31,32",33,167,0.19760479041916168,6,51,0.11764705882352941
previous_abort,103,7,0,32,-21,3,True,3,31.0,33.0,"31,32,33",35,212,0.1650943396226415,20,84,0.23809523809523808
previous_abort,103,7,0,33,-20,3,True,3,32.0,34.0,"32,33,34",32,202,0.15841584158415842,9,77,0.11688311688311688
previous_abort,103,7,0,34,-19,3,True,3,33.0,35.0,"33,34,35",30,210,0.14285714285714285,3,41,0.07317073170731707
previous_abort,103,7,0,35,-18,3,True,3,34.0,36.0,"34,35,36",42,217,0.1935483870967742,18,92,0.1956521739130435
previous_abort,103,7,0,36,-17,3,True,3,35.0,37.0,"35,36,37",53,242,0.2190082644628099,21,84,0.25
previous_abort,103,7,0,37,-16,3,True,3,36.0,38.0,"36,37,38",43,187,0.22994652406417113,14,66,0.21212121212121213
previous_abort,103,7,0,38,-15,3,True,3,37.0,39.0,"37,38,39",37,204,0.18137254901960784,8,37,0.21621621621621623
previous_abort,103,7,0,39,-14,3,True,3,38.0,40.0,"38,39,40",30,181,0.16574585635359115,15,101,0.1485148514851485
previous_abort,103,7,0,40,-13,3,True,3,39.0,41.0,"39,40,41",31,197,0.15736040609137056,7,43,0.16279069767441862
previous_abort,103,7,0,41,-12,3,True,3,40.0,42.0,"40,41,42",18,144,0.125,9,53,0.16981132075471697
previous_abort,103,7,0,42,-11,3,True,3,41.0,43.0,"41,42,43",19,158,0.12025316455696203,2,48,0.041666666666666664
previous_abort,103,7,0,43,-10,3,True,3,42.0,44.0,"42,43,44",23,174,0.13218390804597702,8,57,0.14035087719298245
previous_abort,103,7,0,44,-9,3,True,3,43.0,45.0,"43,44,45",36,226,0.1592920353982301,13,69,0.18840579710144928
previous_abort,103,7,0,45,-8,3,True,3,44.0,46.0,"44,45,46",41,247,0.1659919028340081,15,100,0.15
previous_abort,103,7,0,46,-7,3,True,3,45.0,47.0,"45,46,47",36,229,0.1572052401746725,13,78,0.16666666666666666
previous_abort,103,7,0,47,-6,3,True,3,46.0,48.0,"46,47,48",23,185,0.12432432432432433,8,51,0.1568627450980392
previous_abort,103,7,0,48,-5,3,True,3,47.0,49.0,"47,48,49",15,162,0.09259259259259259,2,56,0.03571428571428571
previous_abort,103,7,0,49,-4,3,True,3,48.0,50.0,"48,49,50",18,187,0.0962566844919786,5,55,0.09090909090909091
previous_abort,103,7,0,50,-3,3,True,3,49.0,51.0,"49,50,51",25,176,0.14204545454545456,11,76,0.14473684210526316
previous_abort,103,7,0,51,-2,3,True,3,50.0,52.0,"50,51,52",28,181,0.15469613259668508,9,45,0.2
previous_abort,103,7,0,52,-1,3,True,2,51.0,52.0,"51,52",17,105,0.1619047619047619,8,60,0.13333333333333333
previous_abort,103,7,1,26,-27,3,True,2,26.0,27.0,"26,27",36,116,0.3103448275862069,17,60,0.2833333333333333
previous_abort,103,7,1,27,-26,3,True,3,26.0,28.0,"26,27,28",49,171,0.28654970760233917,19,56,0.3392857142857143
previous_abort,103,7,1,28,-25,3,True,3,27.0,29.0,"27,28,29",37,147,0.25170068027210885,13,55,0.23636363636363636
previous_abort,103,7,1,29,-24,3,True,3,28.0,30.0,"28,29,30",22,128,0.171875,5,36,0.1388888888888889
previous_abort,103,7,1,30,-23,3,True,3,29.0,31.0,"29,30,31",16,114,0.14035087719298245,4,37,0.10810810810810811
previous_abort,103,7,1,31,-22,3,True,3,30.0,32.0,"30,31,32",30,149,0.20134228187919462,7,41,0.17073170731707318
previous_abort,103,7,1,32,-21,3,True,3,31.0,33.0,"31,32,33",41,188,0.21808510638297873,19,71,0.2676056338028169
previous_abort,103,7,1,33,-20,3,True,3,32.0,34.0,"32,33,34",48,207,0.2318840579710145,15,76,0.19736842105263158
previous_abort,103,7,1,34,-19,3,True,3,33.0,35.0,"33,34,35",37,204,0.18137254901960784,14,60,0.23333333333333334
previous_abort,103,7,1,35,-18,3,True,3,34.0,36.0,"34,35,36",28,167,0.16766467065868262,8,68,0.11764705882352941
previous_abort,103,7,1,36,-17,3,True,3,35.0,37.0,"35,36,37",19,145,0.1310344827586207,6,39,0.15384615384615385
previous_abort,103,7,1,37,-16,3,True,3,36.0,38.0,"36,37,38",15,111,0.13513513513513514,5,38,0.13157894736842105
previous_abort,103,7,1,38,-15,3,True,3,37.0,39.0,"37,38,39",20,136,0.14705882352941177,4,34,0.11764705882352941
previous_abort,103,7,1,39,-14,3,True,3,38.0,40.0,"38,39,40",18,135,0.13333333333333333,11,64,0.171875
previous_abort,103,7,1,40,-13,3,True,3,39.0,41.0,"39,40,41",18,138,0.13043478260869565,3,37,0.08108108108108109
previous_abort,103,7,1,41,-12,3,True,3,40.0,42.0,"40,41,42",12,107,0.11214953271028037,4,37,0.10810810810810811
previous_abort,103,7,1,42,-11,3,True,3,41.0,43.0,"41,42,43",11,105,0.10476190476190476,5,33,0.15151515151515152
previous_abort,103,7,1,43,-10,3,True,3,42.0,44.0,"42,43,44",9,102,0.08823529411764706,2,35,0.05714285714285714
previous_abort,103,7,1,44,-9,3,True,3,43.0,45.0,"43,44,45",15,139,0.1079136690647482,2,34,0.058823529411764705
previous_abort,103,7,1,45,-8,3,True,3,44.0,46.0,"44,45,46",20,147,0.1360544217687075,11,70,0.15714285714285714
previous_abort,103,7,1,46,-7,3,True,3,45.0,47.0,"45,46,47",23,160,0.14375,7,43,0.16279069767441862
previous_abort,103,7,1,47,-6,3,True,3,46.0,48.0,"46,47,48",19,123,0.15447154471544716,5,47,0.10638297872340426
previous_abort,103,7,1,48,-5,3,True,3,47.0,49.0,"47,48,49",19,114,0.16666666666666666,7,33,0.21212121212121213
previous_abort,103,7,1,49,-4,3,True,3,48.0,50.0,"48,49,50",29,126,0.23015873015873015,7,34,0.20588235294117646
previous_abort,103,7,1,50,-3,3,True,3,49.0,51.0,"49,50,51",31,139,0.22302158273381295,15,59,0.2542372881355932
previous_abort,103,7,1,51,-2,3,True,3,50.0,52.0,"50,51,52",29,144,0.2013888888888889,9,46,0.1956521739130435
previous_abort,103,7,1,52,-1,3,True,2,51.0,52.0,"51,52",14,85,0.16470588235294117,5,39,0.1282051282051282
previous_abort,103,8,0,53,0,3,True,2,53.0,54.0,"53,54",13,85,0.15294117647058825,5,40,0.125
previous_abort,103,8,0,54,1,3,True,3,53.0,55.0,"53,54,55",21,139,0.1510791366906475,8,45,0.17777777777777778
previous_abort,103,8,0,55,2,3,True,3,54.0,56.0,"54,55,56",17,122,0.13934426229508196,8,54,0.14814814814814814
previous_abort,103,8,0,56,3,3,True,3,55.0,57.0,"55,56,57",13,116,0.11206896551724138,1,23,0.043478260869565216
previous_abort,103,8,0,57,4,3,True,3,56.0,58.0,"56,57,58",8,107,0.07476635514018691,4,39,0.10256410256410256
previous_abort,103,8,0,58,5,3,True,3,57.0,59.0,"57,58,59",8,121,0.06611570247933884,3,45,0.06666666666666667
previous_abort,103,8,0,59,6,3,True,3,58.0,60.0,"58,59,60",9,122,0.07377049180327869,1,37,0.02702702702702703
previous_abort,103,8,0,60,7,3,True,3,59.0,61.0,"59,60,61",9,130,0.06923076923076923,5,40,0.125
previous_abort,103,8,0,61,8,3,True,3,60.0,62.0,"60,61,62",16,146,0.1095890410958904,3,53,0.05660377358490566
previous_abort,103,8,0,62,9,3,True,3,61.0,63.0,"61,62,63",15,153,0.09803921568627451,8,53,0.1509433962264151
previous_abort,103,8,0,63,10,3,True,3,62.0,64.0,"62,63,64",15,136,0.11029411764705882,4,47,0.0851063829787234
previous_abort,103,8,0,64,11,3,True,3,63.0,65.0,"63,64,65",11,117,0.09401709401709402,3,36,0.08333333333333333
previous_abort,103,8,0,65,12,3,True,3,64.0,66.0,"64,65,66",10,99,0.10101010101010101,4,34,0.11764705882352941
previous_abort,103,8,0,66,13,3,True,3,65.0,67.0,"65,66,67",15,118,0.1271186440677966,3,29,0.10344827586206896
previous_abort,103,8,0,67,14,3,True,3,66.0,68.0,"66,67,68",16,135,0.11851851851851852,8,55,0.14545454545454545
previous_abort,103,8,0,68,15,3,True,3,67.0,69.0,"67,68,69",18,148,0.12162162162162163,5,51,0.09803921568627451
previous_abort,103,8,0,69,16,3,True,3,68.0,70.0,"68,69,70",19,134,0.1417910447761194,5,42,0.11904761904761904
previous_abort,103,8,0,70,17,3,True,3,69.0,71.0,"69,70,71",17,115,0.14782608695652175,9,41,0.21951219512195122
previous_abort,103,8,0,71,18,3,True,3,70.0,72.0,"70,71,72",14,104,0.1346153846153846,3,32,0.09375
previous_abort,103,8,0,72,19,3,True,3,71.0,73.0,"71,72,73",6,94,0.06382978723404255,2,31,0.06451612903225806
previous_abort,103,8,0,73,20,3,True,3,72.0,74.0,"72,73,74",7,94,0.07446808510638298,1,31,0.03225806451612903
previous_abort,103,8,0,74,21,3,True,3,73.0,75.0,"73,74,75",8,94,0.0851063829787234,4,32,0.125
previous_abort,103,8,0,75,22,3,True,3,74.0,76.0,"74,75,76",9,86,0.10465116279069768,3,31,0.0967741935483871
previous_abort,103,8,0,76,23,3,True,3,75.0,77.0,"75,76,77",8,78,0.10256410256410256,2,23,0.08695652173913043
previous_abort,103,8,0,77,24,3,True,3,76.0,78.0,"76,77,78",15,85,0.17647058823529413,3,24,0.125
previous_abort,103,8,0,78,25,3,True,3,77.0,79.0,"77,78,79",14,82,0.17073170731707318,10,38,0.2631578947368421
previous_abort,103,8,0,79,26,3,True,3,78.0,80.0,"78,79,80",19,115,0.16521739130434782,1,20,0.05
previous_abort,103,8,0,80,27,3,True,3,79.0,81.0,"79,80,81",27,220,0.12272727272727273,8,57,0.14035087719298245
previous_abort,103,8,0,81,28,3,True,2,80.0,81.0,"80,81",26,200,0.13,18,143,0.1258741258741259
previous_abort,103,8,1,53,0,3,True,2,53.0,54.0,"53,54",24,123,0.1951219512195122,6,47,0.1276595744680851
previous_abort,103,8,1,54,1,3,True,3,53.0,55.0,"53,54,55",44,222,0.1981981981981982,18,76,0.23684210526315788
previous_abort,103,8,1,55,2,3,True,3,54.0,56.0,"54,55,56",43,220,0.19545454545454546,20,99,0.20202020202020202
previous_abort,103,8,1,56,3,3,True,3,55.0,57.0,"55,56,57",35,203,0.1724137931034483,5,45,0.1111111111111111
previous_abort,103,8,1,57,4,3,True,3,56.0,58.0,"56,57,58",30,203,0.1477832512315271,10,59,0.1694915254237288
previous_abort,103,8,1,58,5,3,True,3,57.0,59.0,"57,58,59",33,209,0.15789473684210525,15,99,0.15151515151515152
previous_abort,103,8,1,59,6,3,True,3,58.0,60.0,"58,59,60",35,217,0.16129032258064516,8,51,0.1568627450980392
previous_abort,103,8,1,60,7,3,True,3,59.0,61.0,"59,60,61",32,189,0.1693121693121693,12,67,0.1791044776119403
previous_abort,103,8,1,61,8,3,True,3,60.0,62.0,"60,61,62",36,206,0.17475728155339806,12,71,0.16901408450704225
previous_abort,103,8,1,62,9,3,True,3,61.0,63.0,"61,62,63",43,227,0.1894273127753304,12,68,0.17647058823529413
previous_abort,103,8,1,63,10,3,True,3,62.0,64.0,"62,63,64",45,230,0.1956521739130435,19,88,0.2159090909090909
previous_abort,103,8,1,64,11,3,True,3,63.0,65.0,"63,64,65",41,225,0.18222222222222223,14,74,0.1891891891891892
previous_abort,103,8,1,65,12,3,True,3,64.0,66.0,"64,65,66",25,174,0.14367816091954022,8,63,0.12698412698412698
previous_abort,103,8,1,66,13,3,True,3,65.0,67.0,"65,66,67",22,182,0.12087912087912088,3,37,0.08108108108108109
previous_abort,103,8,1,67,14,3,True,3,66.0,68.0,"66,67,68",31,211,0.14691943127962084,11,82,0.13414634146341464
previous_abort,103,8,1,68,15,3,True,3,67.0,69.0,"67,68,69",39,242,0.16115702479338842,17,92,0.18478260869565216
previous_abort,103,8,1,69,16,3,True,3,68.0,70.0,"68,69,70",54,244,0.22131147540983606,11,68,0.16176470588235295
previous_abort,103,8,1,70,17,3,True,3,69.0,71.0,"69,70,71",58,219,0.2648401826484018,26,84,0.30952380952380953
previous_abort,103,8,1,71,18,3,True,3,70.0,72.0,"70,71,72",53,198,0.2676767676767677,21,67,0.31343283582089554
previous_abort,103,8,1,72,19,3,True,3,71.0,73.0,"71,72,73",34,169,0.20118343195266272,6,47,0.1276595744680851
previous_abort,103,8,1,73,20,3,True,3,72.0,74.0,"72,73,74",17,155,0.10967741935483871,7,55,0.12727272727272726
previous_abort,103,8,1,74,21,3,True,3,73.0,75.0,"73,74,75",25,178,0.1404494382022472,4,53,0.07547169811320754
previous_abort,103,8,1,75,22,3,True,3,74.0,76.0,"74,75,76",21,175,0.12,14,70,0.2
previous_abort,103,8,1,76,23,3,True,3,75.0,77.0,"75,76,77",31,199,0.15577889447236182,3,52,0.057692307692307696
previous_abort,103,8,1,77,24,3,True,3,76.0,78.0,"76,77,78",20,169,0.11834319526627218,14,77,0.18181818181818182
previous_abort,103,8,1,78,25,3,True,3,77.0,79.0,"77,78,79",25,175,0.14285714285714285,3,40,0.075
previous_abort,103,8,1,79,26,3,True,3,78.0,80.0,"78,79,80",47,218,0.21559633027522937,8,58,0.13793103448275862
previous_abort,103,8,1,80,27,3,True,2,79.0,80.0,"79,80",44,178,0.24719101123595505,36,120,0.3
previous_same_LED_abort,92,7,0,40,-35,3,True,2,40.0,41.0,"40,41",6,78,0.07692307692307693,3,44,0.06818181818181818
previous_same_LED_abort,92,7,0,41,-34,3,True,3,40.0,42.0,"40,41,42",9,119,0.07563025210084033,3,34,0.08823529411764706
previous_same_LED_abort,92,7,0,42,-33,3,True,3,41.0,43.0,"41,42,43",8,112,0.07142857142857142,3,41,0.07317073170731707
previous_same_LED_abort,92,7,0,43,-32,3,True,3,42.0,44.0,"42,43,44",6,106,0.05660377358490566,2,37,0.05405405405405406
previous_same_LED_abort,92,7,0,44,-31,3,True,3,43.0,45.0,"43,44,45",7,105,0.06666666666666667,1,28,0.03571428571428571
previous_same_LED_abort,92,7,0,45,-30,3,True,3,44.0,46.0,"44,45,46",11,122,0.09016393442622951,4,40,0.1
previous_same_LED_abort,92,7,0,46,-29,3,True,3,45.0,47.0,"45,46,47",18,152,0.11842105263157894,6,54,0.1111111111111111
previous_same_LED_abort,92,7,0,47,-28,3,True,3,46.0,48.0,"46,47,48",22,190,0.11578947368421053,8,58,0.13793103448275862
previous_same_LED_abort,92,7,0,48,-27,3,True,3,47.0,49.0,"47,48,49",28,203,0.13793103448275862,8,78,0.10256410256410256
previous_same_LED_abort,92,7,0,49,-26,3,True,3,48.0,50.0,"48,49,50",27,206,0.13106796116504854,12,67,0.1791044776119403
previous_same_LED_abort,92,7,0,50,-25,3,True,3,49.0,51.0,"49,50,51",27,199,0.135678391959799,7,61,0.11475409836065574
previous_same_LED_abort,92,7,0,51,-24,3,True,3,50.0,52.0,"50,51,52",21,190,0.11052631578947368,8,71,0.11267605633802817
previous_same_LED_abort,92,7,0,52,-23,3,True,3,51.0,53.0,"51,52,53",20,191,0.10471204188481675,6,58,0.10344827586206896
previous_same_LED_abort,92,7,0,53,-22,3,True,3,52.0,54.0,"52,53,54",22,187,0.11764705882352941,6,62,0.0967741935483871
previous_same_LED_abort,92,7,0,54,-21,3,True,3,53.0,55.0,"53,54,55",17,165,0.10303030303030303,10,67,0.14925373134328357
previous_same_LED_abort,92,7,0,55,-20,3,True,3,54.0,56.0,"54,55,56",26,181,0.143646408839779,1,36,0.027777777777777776
previous_same_LED_abort,92,7,0,56,-19,3,True,3,55.0,57.0,"55,56,57",26,176,0.14772727272727273,15,78,0.19230769230769232
previous_same_LED_abort,92,7,0,57,-18,3,True,3,56.0,58.0,"56,57,58",31,181,0.1712707182320442,10,62,0.16129032258064516
previous_same_LED_abort,92,7,0,58,-17,3,True,3,57.0,59.0,"57,58,59",24,162,0.14814814814814814,6,41,0.14634146341463414
previous_same_LED_abort,92,7,0,59,-16,3,True,3,58.0,60.0,"58,59,60",15,120,0.125,8,59,0.13559322033898305
previous_same_LED_abort,92,7,0,60,-15,3,True,3,59.0,61.0,"59,60,61",23,166,0.13855421686746988,1,20,0.05
previous_same_LED_abort,92,7,0,61,-14,3,True,3,60.0,62.0,"60,61,62",22,158,0.13924050632911392,14,87,0.16091954022988506
previous_same_LED_abort,92,7,0,62,-13,3,True,3,61.0,63.0,"61,62,63",27,192,0.140625,7,51,0.13725490196078433
previous_same_LED_abort,92,7,0,63,-12,3,True,3,62.0,64.0,"62,63,64",19,145,0.1310344827586207,6,54,0.1111111111111111
previous_same_LED_abort,92,7,0,64,-11,3,True,3,63.0,65.0,"63,64,65",19,148,0.12837837837837837,6,40,0.15
previous_same_LED_abort,92,7,0,65,-10,3,True,3,64.0,66.0,"64,65,66",23,153,0.1503267973856209,7,54,0.12962962962962962
previous_same_LED_abort,92,7,0,66,-9,3,True,3,65.0,67.0,"65,66,67",30,198,0.15151515151515152,10,59,0.1694915254237288
previous_same_LED_abort,92,7,0,67,-8,3,True,3,66.0,68.0,"66,67,68",36,214,0.16822429906542055,13,85,0.15294117647058825
previous_same_LED_abort,92,7,0,68,-7,3,True,3,67.0,69.0,"67,68,69",35,219,0.1598173515981735,13,70,0.18571428571428572
previous_same_LED_abort,92,7,0,69,-6,3,True,3,68.0,70.0,"68,69,70",28,201,0.13930348258706468,9,64,0.140625
previous_same_LED_abort,92,7,0,70,-5,3,True,3,69.0,71.0,"69,70,71",28,207,0.13526570048309178,6,67,0.08955223880597014
previous_same_LED_abort,92,7,0,71,-4,3,True,3,70.0,72.0,"70,71,72",24,203,0.11822660098522167,13,76,0.17105263157894737
previous_same_LED_abort,92,7,0,72,-3,3,True,3,71.0,73.0,"71,72,73",23,179,0.12849162011173185,5,60,0.08333333333333333
previous_same_LED_abort,92,7,0,73,-2,3,True,3,72.0,74.0,"72,73,74",19,171,0.1111111111111111,5,43,0.11627906976744186
previous_same_LED_abort,92,7,0,74,-1,3,True,2,73.0,74.0,"73,74",14,111,0.12612612612612611,9,68,0.1323529411764706
previous_same_LED_abort,92,7,1,40,-35,3,True,2,40.0,41.0,"40,41",5,55,0.09090909090909091,2,32,0.0625
previous_same_LED_abort,92,7,1,41,-34,3,True,3,40.0,42.0,"40,41,42",11,84,0.13095238095238096,3,23,0.13043478260869565
previous_same_LED_abort,92,7,1,42,-33,3,True,3,41.0,43.0,"41,42,43",11,83,0.13253012048192772,6,29,0.20689655172413793
previous_same_LED_abort,92,7,1,43,-32,3,True,3,42.0,44.0,"42,43,44",9,79,0.11392405063291139,2,31,0.06451612903225806
previous_same_LED_abort,92,7,1,44,-31,3,True,3,43.0,45.0,"43,44,45",6,72,0.08333333333333333,1,19,0.05263157894736842
previous_same_LED_abort,92,7,1,45,-30,3,True,3,44.0,46.0,"44,45,46",9,74,0.12162162162162163,3,22,0.13636363636363635
previous_same_LED_abort,92,7,1,46,-29,3,True,3,45.0,47.0,"45,46,47",16,100,0.16,5,33,0.15151515151515152
previous_same_LED_abort,92,7,1,47,-28,3,True,3,46.0,48.0,"46,47,48",19,130,0.14615384615384616,8,45,0.17777777777777778
previous_same_LED_abort,92,7,1,48,-27,3,True,3,47.0,49.0,"47,48,49",14,125,0.112,6,52,0.11538461538461539
previous_same_LED_abort,92,7,1,49,-26,3,True,3,48.0,50.0,"48,49,50",12,124,0.0967741935483871,0,28,0.0
previous_same_LED_abort,92,7,1,50,-25,3,True,3,49.0,51.0,"49,50,51",11,105,0.10476190476190476,6,44,0.13636363636363635
previous_same_LED_abort,92,7,1,51,-24,3,True,3,50.0,52.0,"50,51,52",17,120,0.14166666666666666,5,33,0.15151515151515152
previous_same_LED_abort,92,7,1,52,-23,3,True,3,51.0,53.0,"51,52,53",16,126,0.12698412698412698,6,43,0.13953488372093023
previous_same_LED_abort,92,7,1,53,-22,3,True,3,52.0,54.0,"52,53,54",17,140,0.12142857142857143,5,50,0.1
previous_same_LED_abort,92,7,1,54,-21,3,True,3,53.0,55.0,"53,54,55",13,122,0.10655737704918032,6,47,0.1276595744680851
previous_same_LED_abort,92,7,1,55,-20,3,True,3,54.0,56.0,"54,55,56",12,118,0.1016949152542373,2,25,0.08
previous_same_LED_abort,92,7,1,56,-19,3,True,3,55.0,57.0,"55,56,57",11,101,0.10891089108910891,4,46,0.08695652173913043
previous_same_LED_abort,92,7,1,57,-18,3,True,3,56.0,58.0,"56,57,58",10,88,0.11363636363636363,5,30,0.16666666666666666
previous_same_LED_abort,92,7,1,58,-17,3,True,3,57.0,59.0,"57,58,59",16,94,0.1702127659574468,1,12,0.08333333333333333
previous_same_LED_abort,92,7,1,59,-16,3,True,3,58.0,60.0,"58,59,60",16,84,0.19047619047619047,10,52,0.19230769230769232
previous_same_LED_abort,92,7,1,60,-15,3,True,3,59.0,61.0,"59,60,61",24,124,0.1935483870967742,5,20,0.25
previous_same_LED_abort,92,7,1,61,-14,3,True,3,60.0,62.0,"60,61,62",20,109,0.1834862385321101,9,52,0.17307692307692307
previous_same_LED_abort,92,7,1,62,-13,3,True,3,61.0,63.0,"61,62,63",17,118,0.1440677966101695,6,37,0.16216216216216217
previous_same_LED_abort,92,7,1,63,-12,3,True,3,62.0,64.0,"62,63,64",11,93,0.11827956989247312,2,29,0.06896551724137931
previous_same_LED_abort,92,7,1,64,-11,3,True,3,63.0,65.0,"63,64,65",11,83,0.13253012048192772,3,27,0.1111111111111111
previous_same_LED_abort,92,7,1,65,-10,3,True,3,64.0,66.0,"64,65,66",10,87,0.11494252873563218,6,27,0.2222222222222222
previous_same_LED_abort,92,7,1,66,-9,3,True,3,65.0,67.0,"65,66,67",19,123,0.15447154471544716,1,33,0.030303030303030304
previous_same_LED_abort,92,7,1,67,-8,3,True,3,66.0,68.0,"66,67,68",22,163,0.13496932515337423,12,63,0.19047619047619047
previous_same_LED_abort,92,7,1,68,-7,3,True,3,67.0,69.0,"67,68,69",35,201,0.17412935323383086,9,67,0.13432835820895522
previous_same_LED_abort,92,7,1,69,-6,3,True,3,68.0,70.0,"68,69,70",26,167,0.15568862275449102,14,71,0.19718309859154928
previous_same_LED_abort,92,7,1,70,-5,3,True,3,69.0,71.0,"69,70,71",36,173,0.20809248554913296,3,29,0.10344827586206896
previous_same_LED_abort,92,7,1,71,-4,3,True,3,70.0,72.0,"70,71,72",38,162,0.2345679012345679,19,73,0.2602739726027397
previous_same_LED_abort,92,7,1,72,-3,3,True,3,71.0,73.0,"71,72,73",40,174,0.22988505747126436,16,60,0.26666666666666666
previous_same_LED_abort,92,7,1,73,-2,3,True,3,72.0,74.0,"72,73,74",24,135,0.17777777777777778,5,41,0.12195121951219512
previous_same_LED_abort,92,7,1,74,-1,3,True,2,73.0,74.0,"73,74",8,75,0.10666666666666667,3,34,0.08823529411764706
previous_same_LED_abort,92,8,0,75,0,3,True,2,75.0,76.0,"75,76",5,70,0.07142857142857142,4,53,0.07547169811320754
previous_same_LED_abort,92,8,0,76,1,3,True,3,75.0,77.0,"75,76,77",15,131,0.11450381679389313,1,17,0.058823529411764705
previous_same_LED_abort,92,8,0,77,2,3,True,2,76.0,77.0,"76,77",11,78,0.14102564102564102,10,61,0.16393442622950818
previous_same_LED_abort,92,8,0,81,6,3,True,2,81.0,82.0,"81,82",15,77,0.19480519480519481,12,46,0.2608695652173913
previous_same_LED_abort,92,8,0,82,7,3,True,3,81.0,83.0,"81,82,83",15,88,0.17045454545454544,3,31,0.0967741935483871
previous_same_LED_abort,92,8,0,83,8,3,True,3,82.0,84.0,"82,83,84",8,88,0.09090909090909091,0,11,0.0
previous_same_LED_abort,92,8,0,84,9,3,True,3,83.0,85.0,"83,84,85",10,100,0.1,5,46,0.10869565217391304
previous_same_LED_abort,92,8,0,85,10,3,True,2,84.0,85.0,"84,85",10,89,0.11235955056179775,5,43,0.11627906976744186
previous_same_LED_abort,92,8,0,88,13,3,True,2,88.0,89.0,"88,89",0,40,0.0,0,11,0.0
previous_same_LED_abort,92,8,0,89,14,3,True,3,88.0,90.0,"88,89,90",5,88,0.056818181818181816,0,29,0.0
previous_same_LED_abort,92,8,0,90,15,3,True,3,89.0,91.0,"89,90,91",10,127,0.07874015748031496,5,48,0.10416666666666667
previous_same_LED_abort,92,8,0,91,16,3,True,3,90.0,92.0,"90,91,92",15,135,0.1111111111111111,5,50,0.1
previous_same_LED_abort,92,8,0,92,17,3,True,3,91.0,93.0,"91,92,93",13,119,0.1092436974789916,5,37,0.13513513513513514
previous_same_LED_abort,92,8,0,93,18,3,True,3,92.0,94.0,"92,93,94",11,94,0.11702127659574468,3,32,0.09375
previous_same_LED_abort,92,8,0,94,19,3,True,2,93.0,94.0,"93,94",6,57,0.10526315789473684,3,25,0.12
previous_same_LED_abort,92,8,0,96,21,3,True,2,96.0,97.0,"96,97",3,72,0.041666666666666664,0,38,0.0
previous_same_LED_abort,92,8,0,97,22,3,True,3,96.0,98.0,"96,97,98",7,109,0.06422018348623854,3,34,0.08823529411764706
previous_same_LED_abort,92,8,0,98,23,3,True,3,97.0,99.0,"97,98,99",11,111,0.0990990990990991,4,37,0.10810810810810811
previous_same_LED_abort,92,8,0,99,24,3,True,3,98.0,100.0,"98,99,100",13,114,0.11403508771929824,4,40,0.1
previous_same_LED_abort,92,8,0,100,25,3,True,3,99.0,101.0,"99,100,101",10,97,0.10309278350515463,5,37,0.13513513513513514
previous_same_LED_abort,92,8,0,101,26,3,True,3,100.0,102.0,"100,101,102",8,84,0.09523809523809523,1,20,0.05
previous_same_LED_abort,92,8,0,102,27,3,True,3,101.0,103.0,"101,102,103",14,83,0.1686746987951807,2,27,0.07407407407407407
previous_same_LED_abort,92,8,0,103,28,3,True,3,102.0,104.0,"102,103,104",16,94,0.1702127659574468,11,36,0.3055555555555556
previous_same_LED_abort,92,8,0,104,29,3,True,2,103.0,104.0,"103,104",14,67,0.208955223880597,3,31,0.0967741935483871
previous_same_LED_abort,92,8,1,75,0,3,True,2,75.0,76.0,"75,76",9,67,0.13432835820895522,5,36,0.1388888888888889
previous_same_LED_abort,92,8,1,76,1,3,True,3,75.0,77.0,"75,76,77",17,118,0.1440677966101695,4,31,0.12903225806451613
previous_same_LED_abort,92,8,1,77,2,3,True,2,76.0,77.0,"76,77",12,82,0.14634146341463414,8,51,0.1568627450980392
previous_same_LED_abort,92,8,1,81,6,3,True,2,81.0,82.0,"81,82",10,69,0.14492753623188406,7,41,0.17073170731707318
previous_same_LED_abort,92,8,1,82,7,3,True,3,81.0,83.0,"81,82,83",10,78,0.1282051282051282,3,28,0.10714285714285714
previous_same_LED_abort,92,8,1,83,8,3,True,3,82.0,84.0,"82,83,84",13,83,0.1566265060240964,0,9,0.0
previous_same_LED_abort,92,8,1,84,9,3,True,3,83.0,85.0,"83,84,85",22,100,0.22,10,46,0.21739130434782608
previous_same_LED_abort,92,8,1,85,10,3,True,2,84.0,85.0,"84,85",22,91,0.24175824175824176,12,45,0.26666666666666666
previous_same_LED_abort,92,8,1,88,13,3,True,2,88.0,89.0,"88,89",3,29,0.10344827586206896,1,6,0.16666666666666666
previous_same_LED_abort,92,8,1,89,14,3,True,3,88.0,90.0,"88,89,90",13,76,0.17105263157894737,2,23,0.08695652173913043
previous_same_LED_abort,92,8,1,90,15,3,True,3,89.0,91.0,"89,90,91",18,112,0.16071428571428573,10,47,0.2127659574468085
previous_same_LED_abort,92,8,1,91,16,3,True,3,90.0,92.0,"90,91,92",29,131,0.22137404580152673,6,42,0.14285714285714285
previous_same_LED_abort,92,8,1,92,17,3,True,3,91.0,93.0,"91,92,93",22,117,0.18803418803418803,13,42,0.30952380952380953
previous_same_LED_abort,92,8,1,93,18,3,True,3,92.0,94.0,"92,93,94",20,104,0.19230769230769232,3,33,0.09090909090909091
previous_same_LED_abort,92,8,1,94,19,3,True,3,93.0,95.0,"93,94,95",9,65,0.13846153846153847,4,29,0.13793103448275862
previous_same_LED_abort,92,8,1,95,20,3,True,3,94.0,96.0,"94,95,96",9,58,0.15517241379310345,2,3,0.6666666666666666
previous_same_LED_abort,92,8,1,96,21,3,True,3,95.0,97.0,"95,96,97",7,47,0.14893617021276595,3,26,0.11538461538461539
previous_same_LED_abort,92,8,1,97,22,3,True,3,96.0,98.0,"96,97,98",7,72,0.09722222222222222,2,18,0.1111111111111111
previous_same_LED_abort,92,8,1,98,23,3,True,3,97.0,99.0,"97,98,99",9,79,0.11392405063291139,2,28,0.07142857142857142
previous_same_LED_abort,92,8,1,99,24,3,True,3,98.0,100.0,"98,99,100",18,98,0.1836734693877551,5,33,0.15151515151515152
previous_same_LED_abort,92,8,1,100,25,3,True,3,99.0,101.0,"99,100,101",19,92,0.20652173913043478,11,37,0.2972972972972973
previous_same_LED_abort,92,8,1,101,26,3,True,3,100.0,102.0,"100,101,102",14,74,0.1891891891891892,3,22,0.13636363636363635
previous_same_LED_abort,92,8,1,102,27,3,True,3,101.0,103.0,"101,102,103",5,74,0.06756756756756757,0,15,0.0
previous_same_LED_abort,92,8,1,103,28,3,True,3,102.0,104.0,"102,103,104",6,88,0.06818181818181818,2,37,0.05405405405405406
previous_same_LED_abort,92,8,1,104,29,3,True,2,103.0,104.0,"103,104",6,73,0.0821917808219178,4,36,0.1111111111111111
previous_same_LED_abort,93,7,0,28,-27,3,True,2,28.0,29.0,"28,29",37,155,0.23870967741935484,24,93,0.25806451612903225
previous_same_LED_abort,93,7,0,29,-26,3,True,3,28.0,30.0,"28,29,30",43,209,0.20574162679425836,13,62,0.20967741935483872
previous_same_LED_abort,93,7,0,30,-25,3,True,3,29.0,31.0,"29,30,31",33,174,0.1896551724137931,6,54,0.1111111111111111
previous_same_LED_abort,93,7,0,31,-24,3,True,3,30.0,32.0,"30,31,32",28,148,0.1891891891891892,14,58,0.2413793103448276
previous_same_LED_abort,93,7,0,32,-23,3,True,3,31.0,33.0,"31,32,33",32,154,0.2077922077922078,8,36,0.2222222222222222
previous_same_LED_abort,93,7,0,33,-22,3,True,3,32.0,34.0,"32,33,34",27,160,0.16875,10,60,0.16666666666666666
previous_same_LED_abort,93,7,0,34,-21,3,True,3,33.0,35.0,"33,34,35",39,204,0.19117647058823528,9,64,0.140625
previous_same_LED_abort,93,7,0,35,-20,3,True,3,34.0,36.0,"34,35,36",41,207,0.19806763285024154,20,80,0.25
previous_same_LED_abort,93,7,0,36,-19,3,True,3,35.0,37.0,"35,36,37",46,212,0.2169811320754717,12,63,0.19047619047619047
previous_same_LED_abort,93,7,0,37,-18,3,True,3,36.0,38.0,"36,37,38",34,185,0.1837837837837838,14,69,0.2028985507246377
previous_same_LED_abort,93,7,0,38,-17,3,True,3,37.0,39.0,"37,38,39",32,174,0.1839080459770115,8,53,0.1509433962264151
previous_same_LED_abort,93,7,0,39,-16,3,True,3,38.0,40.0,"38,39,40",39,191,0.20418848167539266,10,52,0.19230769230769232
previous_same_LED_abort,93,7,0,40,-15,3,True,3,39.0,41.0,"39,40,41",40,187,0.21390374331550802,21,86,0.2441860465116279
previous_same_LED_abort,93,7,0,41,-14,3,True,3,40.0,42.0,"40,41,42",65,254,0.2559055118110236,9,49,0.1836734693877551
previous_same_LED_abort,93,7,0,42,-13,3,True,3,41.0,43.0,"41,42,43",58,255,0.22745098039215686,35,119,0.29411764705882354
previous_same_LED_abort,93,7,0,43,-12,3,True,3,42.0,44.0,"42,43,44",59,270,0.21851851851851853,14,87,0.16091954022988506
previous_same_LED_abort,93,7,0,44,-11,3,True,3,43.0,45.0,"43,44,45",33,193,0.17098445595854922,10,64,0.15625
previous_same_LED_abort,93,7,0,45,-10,3,True,3,44.0,46.0,"44,45,46",35,168,0.20833333333333334,9,42,0.21428571428571427
previous_same_LED_abort,93,7,0,46,-9,3,True,3,45.0,47.0,"45,46,47",34,157,0.21656050955414013,16,62,0.25806451612903225
previous_same_LED_abort,93,7,0,47,-8,3,True,3,46.0,48.0,"46,47,48",44,202,0.21782178217821782,9,53,0.16981132075471697
previous_same_LED_abort,93,7,0,48,-7,3,True,3,47.0,49.0,"47,48,49",41,206,0.19902912621359223,19,87,0.21839080459770116
previous_same_LED_abort,93,7,0,49,-6,3,True,3,48.0,50.0,"48,49,50",37,202,0.18316831683168316,13,66,0.19696969696969696
previous_same_LED_abort,93,7,0,50,-5,3,True,3,49.0,51.0,"49,50,51",24,161,0.14906832298136646,5,49,0.10204081632653061
previous_same_LED_abort,93,7,0,51,-4,3,True,3,50.0,52.0,"50,51,52",19,142,0.13380281690140844,6,46,0.13043478260869565
previous_same_LED_abort,93,7,0,52,-3,3,True,3,51.0,53.0,"51,52,53",27,149,0.18120805369127516,8,47,0.1702127659574468
previous_same_LED_abort,93,7,0,53,-2,3,True,3,52.0,54.0,"52,53,54",28,148,0.1891891891891892,13,56,0.23214285714285715
previous_same_LED_abort,93,7,0,54,-1,3,True,2,53.0,54.0,"53,54",20,101,0.19801980198019803,7,45,0.15555555555555556
previous_same_LED_abort,93,7,1,28,-27,3,True,2,28.0,29.0,"28,29",37,118,0.3135593220338983,16,53,0.3018867924528302
previous_same_LED_abort,93,7,1,29,-26,3,True,3,28.0,30.0,"28,29,30",51,166,0.3072289156626506,21,65,0.3230769230769231
previous_same_LED_abort,93,7,1,30,-25,3,True,3,29.0,31.0,"29,30,31",47,159,0.29559748427672955,14,48,0.2916666666666667
previous_same_LED_abort,93,7,1,31,-24,3,True,3,30.0,32.0,"30,31,32",34,132,0.25757575757575757,12,46,0.2608695652173913
previous_same_LED_abort,93,7,1,32,-23,3,True,3,31.0,33.0,"31,32,33",31,134,0.23134328358208955,8,38,0.21052631578947367
previous_same_LED_abort,93,7,1,33,-22,3,True,3,32.0,34.0,"32,33,34",28,137,0.20437956204379562,11,50,0.22
previous_same_LED_abort,93,7,1,34,-21,3,True,3,33.0,35.0,"33,34,35",33,157,0.21019108280254778,9,49,0.1836734693877551
previous_same_LED_abort,93,7,1,35,-20,3,True,3,34.0,36.0,"34,35,36",25,137,0.18248175182481752,13,58,0.22413793103448276
previous_same_LED_abort,93,7,1,36,-19,3,True,3,35.0,37.0,"35,36,37",26,136,0.19117647058823528,3,30,0.1
previous_same_LED_abort,93,7,1,37,-18,3,True,3,36.0,38.0,"36,37,38",19,113,0.168141592920354,10,48,0.20833333333333334
previous_same_LED_abort,93,7,1,38,-17,3,True,3,37.0,39.0,"37,38,39",29,135,0.21481481481481482,6,35,0.17142857142857143
previous_same_LED_abort,93,7,1,39,-16,3,True,3,38.0,40.0,"38,39,40",40,148,0.2702702702702703,13,52,0.25
previous_same_LED_abort,93,7,1,40,-15,3,True,3,39.0,41.0,"39,40,41",54,158,0.34177215189873417,21,61,0.3442622950819672
previous_same_LED_abort,93,7,1,41,-14,3,True,3,40.0,42.0,"40,41,42",87,205,0.424390243902439,20,45,0.4444444444444444
previous_same_LED_abort,93,7,1,42,-13,3,True,3,41.0,43.0,"41,42,43",81,207,0.391304347826087,46,99,0.46464646464646464
previous_same_LED_abort,93,7,1,43,-12,3,True,3,42.0,44.0,"42,43,44",69,213,0.323943661971831,15,63,0.23809523809523808
previous_same_LED_abort,93,7,1,44,-11,3,True,3,43.0,45.0,"43,44,45",35,149,0.2348993288590604,8,51,0.1568627450980392
previous_same_LED_abort,93,7,1,45,-10,3,True,3,44.0,46.0,"44,45,46",39,157,0.2484076433121019,12,35,0.34285714285714286
previous_same_LED_abort,93,7,1,46,-9,3,True,3,45.0,47.0,"45,46,47",46,159,0.2893081761006289,19,71,0.2676056338028169
previous_same_LED_abort,93,7,1,47,-8,3,True,3,46.0,48.0,"46,47,48",58,198,0.29292929292929293,15,53,0.2830188679245283
previous_same_LED_abort,93,7,1,48,-7,3,True,3,47.0,49.0,"47,48,49",49,176,0.2784090909090909,24,74,0.32432432432432434
previous_same_LED_abort,93,7,1,49,-6,3,True,3,48.0,50.0,"48,49,50",44,165,0.26666666666666666,10,49,0.20408163265306123
previous_same_LED_abort,93,7,1,50,-5,3,True,3,49.0,51.0,"49,50,51",21,114,0.18421052631578946,10,42,0.23809523809523808
previous_same_LED_abort,93,7,1,51,-4,3,True,3,50.0,52.0,"50,51,52",21,102,0.20588235294117646,1,23,0.043478260869565216
previous_same_LED_abort,93,7,1,52,-3,3,True,3,51.0,53.0,"51,52,53",20,113,0.17699115044247787,10,37,0.2702702702702703
previous_same_LED_abort,93,7,1,53,-2,3,True,3,52.0,54.0,"52,53,54",28,130,0.2153846153846154,9,53,0.16981132075471697
previous_same_LED_abort,93,7,1,54,-1,3,True,2,53.0,54.0,"53,54",18,93,0.1935483870967742,9,40,0.225
previous_same_LED_abort,93,8,0,55,0,3,True,2,55.0,56.0,"55,56",9,63,0.14285714285714285,6,37,0.16216216216216217
previous_same_LED_abort,93,8,0,56,1,3,True,3,55.0,57.0,"55,56,57",11,91,0.12087912087912088,3,26,0.11538461538461539
previous_same_LED_abort,93,8,0,57,2,3,True,3,56.0,58.0,"56,57,58",12,84,0.14285714285714285,2,28,0.07142857142857142
previous_same_LED_abort,93,8,0,58,3,3,True,3,57.0,59.0,"57,58,59",12,86,0.13953488372093023,7,30,0.23333333333333334
previous_same_LED_abort,93,8,0,59,4,3,True,3,58.0,60.0,"58,59,60",21,111,0.1891891891891892,3,28,0.10714285714285714
previous_same_LED_abort,93,8,0,60,5,3,True,3,59.0,61.0,"59,60,61",14,91,0.15384615384615385,11,53,0.20754716981132076
previous_same_LED_abort,93,8,0,61,6,3,True,3,60.0,62.0,"60,61,62",13,88,0.14772727272727273,0,10,0.0
previous_same_LED_abort,93,8,0,62,7,3,True,3,61.0,63.0,"61,62,63",11,68,0.16176470588235295,2,25,0.08
previous_same_LED_abort,93,8,0,63,8,3,True,3,62.0,64.0,"62,63,64",18,93,0.1935483870967742,9,33,0.2727272727272727
previous_same_LED_abort,93,8,0,64,9,3,True,3,63.0,65.0,"63,64,65",28,115,0.24347826086956523,7,35,0.2
previous_same_LED_abort,93,8,0,65,10,3,True,3,64.0,66.0,"64,65,66",23,112,0.20535714285714285,12,47,0.2553191489361702
previous_same_LED_abort,93,8,0,66,11,3,True,3,65.0,67.0,"65,66,67",24,117,0.20512820512820512,4,30,0.13333333333333333
previous_same_LED_abort,93,8,0,67,12,3,True,3,66.0,68.0,"66,67,68",18,103,0.17475728155339806,8,40,0.2
previous_same_LED_abort,93,8,0,68,13,3,True,3,67.0,69.0,"67,68,69",21,112,0.1875,6,33,0.18181818181818182
previous_same_LED_abort,93,8,0,69,14,3,True,3,68.0,70.0,"68,69,70",19,113,0.168141592920354,7,39,0.1794871794871795
previous_same_LED_abort,93,8,0,70,15,3,True,3,69.0,71.0,"69,70,71",21,121,0.17355371900826447,6,41,0.14634146341463414
previous_same_LED_abort,93,8,0,71,16,3,True,3,70.0,72.0,"70,71,72",19,127,0.14960629921259844,8,41,0.1951219512195122
previous_same_LED_abort,93,8,0,72,17,3,True,3,71.0,73.0,"71,72,73",17,127,0.13385826771653545,5,45,0.1111111111111111
previous_same_LED_abort,93,8,0,73,18,3,True,3,72.0,74.0,"72,73,74",14,127,0.11023622047244094,4,41,0.0975609756097561
previous_same_LED_abort,93,8,0,74,19,3,True,3,73.0,75.0,"73,74,75",13,110,0.11818181818181818,5,41,0.12195121951219512
previous_same_LED_abort,93,8,0,75,20,3,True,3,74.0,76.0,"74,75,76",16,123,0.13008130081300814,4,28,0.14285714285714285
previous_same_LED_abort,93,8,0,76,21,3,True,3,75.0,77.0,"75,76,77",18,106,0.16981132075471697,7,54,0.12962962962962962
previous_same_LED_abort,93,8,0,77,22,3,True,3,76.0,78.0,"76,77,78",19,111,0.17117117117117117,7,24,0.2916666666666667
previous_same_LED_abort,93,8,0,78,23,3,True,3,77.0,79.0,"77,78,79",29,124,0.23387096774193547,5,33,0.15151515151515152
previous_same_LED_abort,93,8,0,79,24,3,True,3,78.0,80.0,"78,79,80",42,171,0.24561403508771928,17,67,0.2537313432835821
previous_same_LED_abort,93,8,0,80,25,3,True,3,79.0,81.0,"79,80,81",41,178,0.2303370786516854,20,71,0.28169014084507044
previous_same_LED_abort,93,8,0,81,26,3,True,3,80.0,82.0,"80,81,82",26,137,0.1897810218978102,4,40,0.1
previous_same_LED_abort,93,8,0,82,27,3,True,2,81.0,82.0,"81,82",6,66,0.09090909090909091,2,26,0.07692307692307693
previous_same_LED_abort,93,8,1,55,0,3,True,2,55.0,56.0,"55,56",12,68,0.17647058823529413,6,36,0.16666666666666666
previous_same_LED_abort,93,8,1,56,1,3,True,3,55.0,57.0,"55,56,57",17,105,0.1619047619047619,6,32,0.1875
previous_same_LED_abort,93,8,1,57,2,3,True,3,56.0,58.0,"56,57,58",17,95,0.17894736842105263,5,37,0.13513513513513514
previous_same_LED_abort,93,8,1,58,3,3,True,3,57.0,59.0,"57,58,59",18,98,0.1836734693877551,6,26,0.23076923076923078
previous_same_LED_abort,93,8,1,59,4,3,True,3,58.0,60.0,"58,59,60",30,121,0.24793388429752067,7,35,0.2
previous_same_LED_abort,93,8,1,60,5,3,True,3,59.0,61.0,"59,60,61",28,120,0.23333333333333334,17,60,0.2833333333333333
previous_same_LED_abort,93,8,1,61,6,3,True,3,60.0,62.0,"60,61,62",21,107,0.19626168224299065,4,25,0.16
previous_same_LED_abort,93,8,1,62,7,3,True,3,61.0,63.0,"61,62,63",16,90,0.17777777777777778,0,22,0.0
previous_same_LED_abort,93,8,1,63,8,3,True,3,62.0,64.0,"62,63,64",29,122,0.23770491803278687,12,43,0.27906976744186046
previous_same_LED_abort,93,8,1,64,9,3,True,3,63.0,65.0,"63,64,65",31,134,0.23134328358208955,17,57,0.2982456140350877
previous_same_LED_abort,93,8,1,65,10,3,True,3,64.0,66.0,"64,65,66",44,146,0.3013698630136986,2,34,0.058823529411764705
previous_same_LED_abort,93,8,1,66,11,3,True,3,65.0,67.0,"65,66,67",47,149,0.31543624161073824,25,55,0.45454545454545453
previous_same_LED_abort,93,8,1,67,12,3,True,3,66.0,68.0,"66,67,68",58,167,0.3473053892215569,20,60,0.3333333333333333
previous_same_LED_abort,93,8,1,68,13,3,True,3,67.0,69.0,"67,68,69",51,179,0.2849162011173184,13,52,0.25
previous_same_LED_abort,93,8,1,69,14,3,True,3,68.0,70.0,"68,69,70",49,178,0.2752808988764045,18,67,0.26865671641791045
previous_same_LED_abort,93,8,1,70,15,3,True,3,69.0,71.0,"69,70,71",49,189,0.25925925925925924,18,59,0.3050847457627119
previous_same_LED_abort,93,8,1,71,16,3,True,3,70.0,72.0,"70,71,72",54,199,0.271356783919598,13,63,0.20634920634920634
previous_same_LED_abort,93,8,1,72,17,3,True,3,71.0,73.0,"71,72,73",48,188,0.2553191489361702,23,77,0.2987012987012987
previous_same_LED_abort,93,8,1,73,18,3,True,3,72.0,74.0,"72,73,74",49,187,0.2620320855614973,12,48,0.25
previous_same_LED_abort,93,8,1,74,19,3,True,3,73.0,75.0,"73,74,75",32,167,0.19161676646706588,14,62,0.22580645161290322
previous_same_LED_abort,93,8,1,75,20,3,True,3,74.0,76.0,"74,75,76",47,202,0.23267326732673269,6,57,0.10526315789473684
previous_same_LED_abort,93,8,1,76,21,3,True,3,75.0,77.0,"75,76,77",45,194,0.23195876288659795,27,83,0.3253012048192771
previous_same_LED_abort,93,8,1,77,22,3,True,3,76.0,78.0,"76,77,78",49,195,0.2512820512820513,12,54,0.2222222222222222
previous_same_LED_abort,93,8,1,78,23,3,True,3,77.0,79.0,"77,78,79",42,199,0.21105527638190955,10,58,0.1724137931034483
previous_same_LED_abort,93,8,1,79,24,3,True,3,78.0,80.0,"78,79,80",53,213,0.24882629107981222,20,87,0.22988505747126436
previous_same_LED_abort,93,8,1,80,25,3,True,3,79.0,81.0,"79,80,81",56,227,0.24669603524229075,23,68,0.3382352941176471
previous_same_LED_abort,93,8,1,81,26,3,True,3,80.0,82.0,"80,81,82",42,177,0.23728813559322035,13,72,0.18055555555555555
previous_same_LED_abort,93,8,1,82,27,3,True,2,81.0,82.0,"81,82",19,109,0.1743119266055046,6,37,0.16216216216216217
previous_same_LED_abort,98,7,0,28,-20,3,True,2,28.0,29.0,"28,29",22,128,0.171875,10,49,0.20408163265306123
previous_same_LED_abort,98,7,0,29,-19,3,True,3,28.0,30.0,"28,29,30",32,192,0.16666666666666666,12,79,0.1518987341772152
previous_same_LED_abort,98,7,0,30,-18,3,True,3,29.0,31.0,"29,30,31",23,175,0.13142857142857142,10,64,0.15625
previous_same_LED_abort,98,7,0,31,-17,3,True,3,30.0,32.0,"30,31,32",20,151,0.13245033112582782,1,32,0.03125
previous_same_LED_abort,98,7,0,32,-16,3,True,3,31.0,33.0,"31,32,33",18,129,0.13953488372093023,9,55,0.16363636363636364
previous_same_LED_abort,98,7,0,33,-15,3,True,3,32.0,34.0,"32,33,34",54,235,0.2297872340425532,8,42,0.19047619047619047
previous_same_LED_abort,98,7,0,34,-14,3,True,3,33.0,35.0,"33,34,35",59,289,0.2041522491349481,37,138,0.26811594202898553
previous_same_LED_abort,98,7,0,35,-13,3,True,3,34.0,36.0,"34,35,36",57,303,0.18811881188118812,14,109,0.12844036697247707
previous_same_LED_abort,98,7,0,36,-12,3,True,3,35.0,37.0,"35,36,37",28,225,0.12444444444444444,6,56,0.10714285714285714
previous_same_LED_abort,98,7,0,37,-11,3,True,3,36.0,38.0,"36,37,38",21,168,0.125,8,60,0.13333333333333333
previous_same_LED_abort,98,7,0,38,-10,3,True,3,37.0,39.0,"37,38,39",31,184,0.16847826086956522,7,52,0.1346153846153846
previous_same_LED_abort,98,7,0,39,-9,3,True,3,38.0,40.0,"38,39,40",54,243,0.2222222222222222,16,72,0.2222222222222222
previous_same_LED_abort,98,7,0,40,-8,3,True,3,39.0,41.0,"39,40,41",69,299,0.23076923076923078,31,119,0.2605042016806723
previous_same_LED_abort,98,7,0,41,-7,3,True,3,40.0,42.0,"40,41,42",73,298,0.24496644295302014,22,108,0.2037037037037037
previous_same_LED_abort,98,7,0,42,-6,3,True,3,41.0,43.0,"41,42,43",54,247,0.21862348178137653,20,71,0.28169014084507044
previous_same_LED_abort,98,7,0,43,-5,3,True,3,42.0,44.0,"42,43,44",42,218,0.1926605504587156,12,68,0.17647058823529413
previous_same_LED_abort,98,7,0,44,-4,3,True,3,43.0,45.0,"43,44,45",47,246,0.1910569105691057,10,79,0.12658227848101267
previous_same_LED_abort,98,7,0,45,-3,3,True,3,44.0,46.0,"44,45,46",43,247,0.17408906882591094,25,99,0.25252525252525254
previous_same_LED_abort,98,7,0,46,-2,3,True,3,45.0,47.0,"45,46,47",38,219,0.1735159817351598,8,69,0.11594202898550725
previous_same_LED_abort,98,7,0,47,-1,3,True,2,46.0,47.0,"46,47",13,120,0.10833333333333334,5,51,0.09803921568627451
previous_same_LED_abort,98,7,1,28,-20,3,True,2,28.0,29.0,"28,29",17,84,0.20238095238095238,8,36,0.2222222222222222
previous_same_LED_abort,98,7,1,29,-19,3,True,3,28.0,30.0,"28,29,30",20,115,0.17391304347826086,9,48,0.1875
previous_same_LED_abort,98,7,1,30,-18,3,True,3,29.0,31.0,"29,30,31",18,110,0.16363636363636364,3,31,0.0967741935483871
previous_same_LED_abort,98,7,1,31,-17,3,True,3,30.0,32.0,"30,31,32",16,107,0.14953271028037382,6,31,0.1935483870967742
previous_same_LED_abort,98,7,1,32,-16,3,True,3,31.0,33.0,"31,32,33",17,106,0.16037735849056603,7,45,0.15555555555555556
previous_same_LED_abort,98,7,1,33,-15,3,True,3,32.0,34.0,"32,33,34",39,157,0.2484076433121019,4,30,0.13333333333333333
previous_same_LED_abort,98,7,1,34,-14,3,True,3,33.0,35.0,"33,34,35",43,162,0.2654320987654321,28,82,0.34146341463414637
previous_same_LED_abort,98,7,1,35,-13,3,True,3,34.0,36.0,"34,35,36",49,182,0.2692307692307692,11,50,0.22
previous_same_LED_abort,98,7,1,36,-12,3,True,3,35.0,37.0,"35,36,37",33,143,0.23076923076923078,10,50,0.2
previous_same_LED_abort,98,7,1,37,-11,3,True,3,36.0,38.0,"36,37,38",30,128,0.234375,12,43,0.27906976744186046
previous_same_LED_abort,98,7,1,38,-10,3,True,3,37.0,39.0,"37,38,39",26,114,0.22807017543859648,8,35,0.22857142857142856
previous_same_LED_abort,98,7,1,39,-9,3,True,3,38.0,40.0,"38,39,40",35,144,0.24305555555555555,6,36,0.16666666666666666
previous_same_LED_abort,98,7,1,40,-8,3,True,3,39.0,41.0,"39,40,41",55,194,0.28350515463917525,21,73,0.2876712328767123
previous_same_LED_abort,98,7,1,41,-7,3,True,3,40.0,42.0,"40,41,42",70,219,0.319634703196347,28,85,0.32941176470588235
previous_same_LED_abort,98,7,1,42,-6,3,True,3,41.0,43.0,"41,42,43",72,221,0.3257918552036199,21,61,0.3442622950819672
previous_same_LED_abort,98,7,1,43,-5,3,True,3,42.0,44.0,"42,43,44",51,180,0.2833333333333333,23,75,0.30666666666666664
previous_same_LED_abort,98,7,1,44,-4,3,True,3,43.0,45.0,"43,44,45",35,164,0.21341463414634146,7,44,0.1590909090909091
previous_same_LED_abort,98,7,1,45,-3,3,True,3,44.0,46.0,"44,45,46",19,134,0.1417910447761194,5,45,0.1111111111111111
previous_same_LED_abort,98,7,1,46,-2,3,True,3,45.0,47.0,"45,46,47",20,129,0.15503875968992248,7,45,0.15555555555555556
previous_same_LED_abort,98,7,1,47,-1,3,True,2,46.0,47.0,"46,47",15,84,0.17857142857142858,8,39,0.20512820512820512
previous_same_LED_abort,98,8,0,48,0,3,True,2,48.0,49.0,"48,49",7,50,0.14,7,33,0.21212121212121213
previous_same_LED_abort,98,8,0,49,1,3,True,3,48.0,50.0,"48,49,50",7,62,0.11290322580645161,0,17,0.0
previous_same_LED_abort,98,8,0,50,2,3,True,3,49.0,51.0,"49,50,51",9,61,0.14754098360655737,0,12,0.0
previous_same_LED_abort,98,8,0,51,3,3,True,3,50.0,52.0,"50,51,52",10,70,0.14285714285714285,9,32,0.28125
previous_same_LED_abort,98,8,0,52,4,3,True,3,51.0,53.0,"51,52,53",22,111,0.1981981981981982,1,26,0.038461538461538464
previous_same_LED_abort,98,8,0,53,5,3,True,3,52.0,54.0,"52,53,54",25,145,0.1724137931034483,12,53,0.22641509433962265
previous_same_LED_abort,98,8,0,54,6,3,True,3,53.0,55.0,"53,54,55",32,179,0.1787709497206704,12,66,0.18181818181818182
previous_same_LED_abort,98,8,0,55,7,3,True,3,54.0,56.0,"54,55,56",28,171,0.16374269005847952,8,60,0.13333333333333333
previous_same_LED_abort,98,8,0,56,8,3,True,3,55.0,57.0,"55,56,57",24,166,0.14457831325301204,8,45,0.17777777777777778
previous_same_LED_abort,98,8,0,57,9,3,True,3,56.0,58.0,"56,57,58",24,148,0.16216216216216217,8,61,0.13114754098360656
previous_same_LED_abort,98,8,0,58,10,3,True,3,57.0,59.0,"57,58,59",22,146,0.1506849315068493,8,42,0.19047619047619047
previous_same_LED_abort,98,8,0,59,11,3,True,3,58.0,60.0,"58,59,60",20,140,0.14285714285714285,6,43,0.13953488372093023
previous_same_LED_abort,98,8,0,60,12,3,True,3,59.0,61.0,"59,60,61",28,170,0.16470588235294117,6,55,0.10909090909090909
previous_same_LED_abort,98,8,0,61,13,3,True,3,60.0,62.0,"60,61,62",43,202,0.21287128712871287,16,72,0.2222222222222222
previous_same_LED_abort,98,8,0,62,14,3,True,3,61.0,63.0,"61,62,63",52,216,0.24074074074074073,21,75,0.28
previous_same_LED_abort,98,8,0,63,15,3,True,3,62.0,64.0,"62,63,64",48,193,0.24870466321243523,15,69,0.21739130434782608
previous_same_LED_abort,98,8,0,64,16,3,True,3,63.0,65.0,"63,64,65",38,166,0.2289156626506024,12,49,0.24489795918367346
previous_same_LED_abort,98,8,0,65,17,3,True,3,64.0,66.0,"64,65,66",25,105,0.23809523809523808,11,48,0.22916666666666666
previous_same_LED_abort,98,8,0,66,18,3,True,3,65.0,67.0,"65,66,67",31,122,0.2540983606557377,2,8,0.25
previous_same_LED_abort,98,8,0,67,19,3,True,2,66.0,67.0,"66,67",20,74,0.2702702702702703,18,66,0.2727272727272727
previous_same_LED_abort,98,8,0,69,21,3,True,2,69.0,70.0,"69,70",28,138,0.2028985507246377,21,81,0.25925925925925924
previous_same_LED_abort,98,8,0,70,22,3,True,3,69.0,71.0,"69,70,71",36,194,0.18556701030927836,7,57,0.12280701754385964
previous_same_LED_abort,98,8,0,71,23,3,True,3,70.0,72.0,"70,71,72",36,197,0.18274111675126903,8,56,0.14285714285714285
previous_same_LED_abort,98,8,0,72,24,3,True,3,71.0,73.0,"71,72,73",53,239,0.2217573221757322,21,84,0.25
previous_same_LED_abort,98,8,0,73,25,3,True,3,72.0,74.0,"72,73,74",59,247,0.2388663967611336,24,99,0.24242424242424243
previous_same_LED_abort,98,8,0,74,26,3,True,2,73.0,74.0,"73,74",38,163,0.2331288343558282,14,64,0.21875
previous_same_LED_abort,98,8,1,48,0,3,True,2,48.0,49.0,"48,49",21,90,0.23333333333333334,8,50,0.16
previous_same_LED_abort,98,8,1,49,1,3,True,3,48.0,50.0,"48,49,50",34,142,0.23943661971830985,13,40,0.325
previous_same_LED_abort,98,8,1,50,2,3,True,3,49.0,51.0,"49,50,51",47,165,0.28484848484848485,13,52,0.25
previous_same_LED_abort,98,8,1,51,3,3,True,3,50.0,52.0,"50,51,52",53,193,0.27461139896373055,21,73,0.2876712328767123
previous_same_LED_abort,98,8,1,52,4,3,True,3,51.0,53.0,"51,52,53",60,221,0.27149321266968324,19,68,0.27941176470588236
previous_same_LED_abort,98,8,1,53,5,3,True,3,52.0,54.0,"52,53,54",70,253,0.2766798418972332,20,80,0.25
previous_same_LED_abort,98,8,1,54,6,3,True,3,53.0,55.0,"53,54,55",80,296,0.2702702702702703,31,105,0.29523809523809524
previous_same_LED_abort,98,8,1,55,7,3,True,3,54.0,56.0,"54,55,56",95,329,0.2887537993920973,29,111,0.26126126126126126
previous_same_LED_abort,98,8,1,56,8,3,True,3,55.0,57.0,"55,56,57",107,353,0.3031161473087819,35,113,0.30973451327433627
previous_same_LED_abort,98,8,1,57,9,3,True,3,56.0,58.0,"56,57,58",104,324,0.32098765432098764,43,129,0.3333333333333333
previous_same_LED_abort,98,8,1,58,10,3,True,3,57.0,59.0,"57,58,59",81,266,0.30451127819548873,26,82,0.3170731707317073
previous_same_LED_abort,98,8,1,59,11,3,True,3,58.0,60.0,"58,59,60",59,232,0.2543103448275862,12,55,0.21818181818181817
previous_same_LED_abort,98,8,1,60,12,3,True,3,59.0,61.0,"59,60,61",69,277,0.2490974729241877,21,95,0.22105263157894736
previous_same_LED_abort,98,8,1,61,13,3,True,3,60.0,62.0,"60,61,62",85,306,0.2777777777777778,36,127,0.28346456692913385
previous_same_LED_abort,98,8,1,62,14,3,True,3,61.0,63.0,"61,62,63",93,314,0.2961783439490446,28,84,0.3333333333333333
previous_same_LED_abort,98,8,1,63,15,3,True,3,62.0,64.0,"62,63,64",79,264,0.29924242424242425,29,103,0.2815533980582524
previous_same_LED_abort,98,8,1,64,16,3,True,3,63.0,65.0,"63,64,65",57,231,0.24675324675324675,22,77,0.2857142857142857
previous_same_LED_abort,98,8,1,65,17,3,True,3,64.0,66.0,"64,65,66",28,140,0.2,6,51,0.11764705882352941
previous_same_LED_abort,98,8,1,66,18,3,True,3,65.0,67.0,"65,66,67",20,139,0.14388489208633093,0,12,0.0
previous_same_LED_abort,98,8,1,67,19,3,True,2,66.0,67.0,"66,67",14,88,0.1590909090909091,14,76,0.18421052631578946
previous_same_LED_abort,98,8,1,69,21,3,True,2,69.0,70.0,"69,70",49,187,0.2620320855614973,27,100,0.27
previous_same_LED_abort,98,8,1,70,22,3,True,3,69.0,71.0,"69,70,71",78,293,0.26621160409556316,22,87,0.25287356321839083
previous_same_LED_abort,98,8,1,71,23,3,True,3,70.0,72.0,"70,71,72",86,300,0.2866666666666667,29,106,0.27358490566037735
previous_same_LED_abort,98,8,1,72,24,3,True,3,71.0,73.0,"71,72,73",82,281,0.2918149466192171,35,107,0.32710280373831774
previous_same_LED_abort,98,8,1,73,25,3,True,3,72.0,74.0,"72,73,74",77,251,0.30677290836653387,18,68,0.2647058823529412
previous_same_LED_abort,98,8,1,74,26,3,True,2,73.0,74.0,"73,74",42,144,0.2916666666666667,24,76,0.3157894736842105
previous_same_LED_abort,98,8,1,68,20,3,False,0,,,,0,0,,0,0,
previous_same_LED_abort,99,7,0,28,-19,3,True,2,28.0,29.0,"28,29",50,241,0.2074688796680498,16,109,0.14678899082568808
previous_same_LED_abort,99,7,0,29,-18,3,True,3,28.0,30.0,"28,29,30",54,293,0.18430034129692832,34,132,0.25757575757575757
previous_same_LED_abort,99,7,0,30,-17,3,True,3,29.0,31.0,"29,30,31",49,268,0.1828358208955224,4,52,0.07692307692307693
previous_same_LED_abort,99,7,0,31,-16,3,True,3,30.0,32.0,"30,31,32",24,199,0.12060301507537688,11,84,0.13095238095238096
previous_same_LED_abort,99,7,0,32,-15,3,True,3,31.0,33.0,"31,32,33",54,269,0.20074349442379183,9,63,0.14285714285714285
previous_same_LED_abort,99,7,0,33,-14,3,True,3,32.0,34.0,"32,33,34",49,243,0.20164609053497942,34,122,0.2786885245901639
previous_same_LED_abort,99,7,0,34,-13,3,True,3,33.0,35.0,"33,34,35",46,219,0.2100456621004566,6,58,0.10344827586206896
previous_same_LED_abort,99,7,0,35,-12,3,True,3,34.0,36.0,"34,35,36",23,173,0.1329479768786127,6,39,0.15384615384615385
previous_same_LED_abort,99,7,0,36,-11,3,True,3,35.0,37.0,"35,36,37",36,209,0.1722488038277512,11,76,0.14473684210526316
previous_same_LED_abort,99,7,0,37,-10,3,True,3,36.0,38.0,"36,37,38",43,233,0.18454935622317598,19,94,0.20212765957446807
previous_same_LED_abort,99,7,0,38,-9,3,True,3,37.0,39.0,"37,38,39",48,240,0.2,13,63,0.20634920634920634
previous_same_LED_abort,99,7,0,39,-8,3,True,3,38.0,40.0,"38,39,40",55,228,0.2412280701754386,16,83,0.1927710843373494
previous_same_LED_abort,99,7,0,40,-7,3,True,3,39.0,41.0,"39,40,41",53,246,0.21544715447154472,26,82,0.3170731707317073
previous_same_LED_abort,99,7,0,41,-6,3,True,3,40.0,42.0,"40,41,42",49,259,0.1891891891891892,11,81,0.13580246913580246
previous_same_LED_abort,99,7,0,42,-5,3,True,3,41.0,43.0,"41,42,43",46,271,0.16974169741697417,12,96,0.125
previous_same_LED_abort,99,7,0,43,-4,3,True,3,42.0,44.0,"42,43,44",42,248,0.1693548387096774,23,94,0.24468085106382978
previous_same_LED_abort,99,7,0,44,-3,3,True,3,43.0,45.0,"43,44,45",47,237,0.19831223628691982,7,58,0.1206896551724138
previous_same_LED_abort,99,7,0,45,-2,3,True,3,44.0,46.0,"44,45,46",29,197,0.14720812182741116,17,85,0.2
previous_same_LED_abort,99,7,0,46,-1,3,True,2,45.0,46.0,"45,46",22,139,0.15827338129496402,5,54,0.09259259259259259
previous_same_LED_abort,99,7,1,28,-19,3,True,2,28.0,29.0,"28,29",48,142,0.3380281690140845,24,70,0.34285714285714286
previous_same_LED_abort,99,7,1,29,-18,3,True,3,28.0,30.0,"28,29,30",58,185,0.31351351351351353,24,72,0.3333333333333333
previous_same_LED_abort,99,7,1,30,-17,3,True,3,29.0,31.0,"29,30,31",46,173,0.2658959537572254,10,43,0.23255813953488372
previous_same_LED_abort,99,7,1,31,-16,3,True,3,30.0,32.0,"30,31,32",22,127,0.1732283464566929,12,58,0.20689655172413793
previous_same_LED_abort,99,7,1,32,-15,3,True,3,31.0,33.0,"31,32,33",47,176,0.26704545454545453,0,26,0.0
previous_same_LED_abort,99,7,1,33,-14,3,True,3,32.0,34.0,"32,33,34",55,189,0.291005291005291,35,92,0.3804347826086957
previous_same_LED_abort,99,7,1,34,-13,3,True,3,33.0,35.0,"33,34,35",62,197,0.3147208121827411,20,71,0.28169014084507044
previous_same_LED_abort,99,7,1,35,-12,3,True,3,34.0,36.0,"34,35,36",41,167,0.24550898203592814,7,34,0.20588235294117646
previous_same_LED_abort,99,7,1,36,-11,3,True,3,35.0,37.0,"35,36,37",40,152,0.2631578947368421,14,62,0.22580645161290322
previous_same_LED_abort,99,7,1,37,-10,3,True,3,36.0,38.0,"36,37,38",42,168,0.25,19,56,0.3392857142857143
previous_same_LED_abort,99,7,1,38,-9,3,True,3,37.0,39.0,"37,38,39",41,162,0.25308641975308643,9,50,0.18
previous_same_LED_abort,99,7,1,39,-8,3,True,3,38.0,40.0,"38,39,40",40,170,0.23529411764705882,13,56,0.23214285714285715
previous_same_LED_abort,99,7,1,40,-7,3,True,3,39.0,41.0,"39,40,41",51,182,0.2802197802197802,18,64,0.28125
previous_same_LED_abort,99,7,1,41,-6,3,True,3,40.0,42.0,"40,41,42",49,174,0.28160919540229884,20,62,0.3225806451612903
previous_same_LED_abort,99,7,1,42,-5,3,True,3,41.0,43.0,"41,42,43",65,193,0.33678756476683935,11,48,0.22916666666666666
previous_same_LED_abort,99,7,1,43,-4,3,True,3,42.0,44.0,"42,43,44",57,193,0.29533678756476683,34,83,0.40963855421686746
previous_same_LED_abort,99,7,1,44,-3,3,True,3,43.0,45.0,"43,44,45",53,194,0.27319587628865977,12,62,0.1935483870967742
previous_same_LED_abort,99,7,1,45,-2,3,True,3,44.0,46.0,"44,45,46",31,161,0.19254658385093168,7,49,0.14285714285714285
previous_same_LED_abort,99,7,1,46,-1,3,True,2,45.0,46.0,"45,46",19,99,0.1919191919191919,12,50,0.24
previous_same_LED_abort,99,8,0,47,0,3,True,2,47.0,48.0,"47,48",15,110,0.13636363636363635,10,57,0.17543859649122806
previous_same_LED_abort,99,8,0,48,1,3,True,3,47.0,49.0,"47,48,49",19,134,0.1417910447761194,5,53,0.09433962264150944
previous_same_LED_abort,99,8,0,49,2,3,True,3,48.0,50.0,"48,49,50",28,142,0.19718309859154928,4,24,0.16666666666666666
previous_same_LED_abort,99,8,0,50,3,3,True,3,49.0,51.0,"49,50,51",29,122,0.23770491803278687,19,65,0.2923076923076923
previous_same_LED_abort,99,8,0,51,4,3,True,3,50.0,52.0,"50,51,52",33,145,0.22758620689655173,6,33,0.18181818181818182
previous_same_LED_abort,99,8,0,52,5,3,True,3,51.0,53.0,"51,52,53",21,111,0.1891891891891892,8,47,0.1702127659574468
previous_same_LED_abort,99,8,0,53,6,3,True,3,52.0,54.0,"52,53,54",18,119,0.15126050420168066,7,31,0.22580645161290322
previous_same_LED_abort,99,8,0,54,7,3,True,3,53.0,55.0,"53,54,55",18,121,0.1487603305785124,3,41,0.07317073170731707
previous_same_LED_abort,99,8,0,55,8,3,True,3,54.0,56.0,"54,55,56",15,135,0.1111111111111111,8,49,0.16326530612244897
previous_same_LED_abort,99,8,0,56,9,3,True,3,55.0,57.0,"55,56,57",14,108,0.12962962962962962,4,45,0.08888888888888889
previous_same_LED_abort,99,8,0,57,10,3,True,3,56.0,58.0,"56,57,58",10,93,0.10752688172043011,2,14,0.14285714285714285
previous_same_LED_abort,99,8,0,58,11,3,True,3,57.0,59.0,"57,58,59",10,92,0.10869565217391304,4,34,0.11764705882352941
previous_same_LED_abort,99,8,0,59,12,3,True,3,58.0,60.0,"58,59,60",15,144,0.10416666666666667,4,44,0.09090909090909091
previous_same_LED_abort,99,8,0,60,13,3,True,3,59.0,61.0,"59,60,61",16,164,0.0975609756097561,7,66,0.10606060606060606
previous_same_LED_abort,99,8,0,61,14,3,True,3,60.0,62.0,"60,61,62",27,188,0.14361702127659576,5,54,0.09259259259259259
previous_same_LED_abort,99,8,0,62,15,3,True,3,61.0,63.0,"61,62,63",26,165,0.15757575757575756,15,68,0.22058823529411764
previous_same_LED_abort,99,8,0,63,16,3,True,3,62.0,64.0,"62,63,64",24,129,0.18604651162790697,6,43,0.13953488372093023
previous_same_LED_abort,99,8,0,64,17,3,True,3,63.0,65.0,"63,64,65",11,88,0.125,3,18,0.16666666666666666
previous_same_LED_abort,99,8,0,65,18,3,True,3,64.0,66.0,"64,65,66",9,80,0.1125,2,27,0.07407407407407407
previous_same_LED_abort,99,8,0,66,19,3,True,3,65.0,67.0,"65,66,67",14,113,0.12389380530973451,4,35,0.11428571428571428
previous_same_LED_abort,99,8,0,67,20,3,True,3,66.0,68.0,"66,67,68",17,122,0.13934426229508196,8,51,0.1568627450980392
previous_same_LED_abort,99,8,0,68,21,3,True,3,67.0,69.0,"67,68,69",13,114,0.11403508771929824,5,36,0.1388888888888889
previous_same_LED_abort,99,8,0,69,22,3,True,3,68.0,70.0,"68,69,70",5,69,0.07246376811594203,0,27,0.0
previous_same_LED_abort,99,8,0,70,23,3,True,3,69.0,71.0,"69,70,71",6,73,0.0821917808219178,0,6,0.0
previous_same_LED_abort,99,8,0,71,24,3,True,3,70.0,72.0,"70,71,72",8,71,0.11267605633802817,6,40,0.15
previous_same_LED_abort,99,8,0,72,25,3,True,2,71.0,72.0,"71,72",8,65,0.12307692307692308,2,25,0.08
previous_same_LED_abort,99,8,1,47,0,3,True,2,47.0,48.0,"47,48",40,134,0.29850746268656714,24,73,0.3287671232876712
previous_same_LED_abort,99,8,1,48,1,3,True,3,47.0,49.0,"47,48,49",56,186,0.3010752688172043,16,61,0.26229508196721313
previous_same_LED_abort,99,8,1,49,2,3,True,3,48.0,50.0,"48,49,50",54,190,0.28421052631578947,16,52,0.3076923076923077
previous_same_LED_abort,99,8,1,50,3,3,True,3,49.0,51.0,"49,50,51",54,197,0.27411167512690354,22,77,0.2857142857142857
previous_same_LED_abort,99,8,1,51,4,3,True,3,50.0,52.0,"50,51,52",72,247,0.291497975708502,16,68,0.23529411764705882
previous_same_LED_abort,99,8,1,52,5,3,True,3,51.0,53.0,"51,52,53",67,230,0.29130434782608694,34,102,0.3333333333333333
previous_same_LED_abort,99,8,1,53,6,3,True,3,52.0,54.0,"52,53,54",81,248,0.32661290322580644,17,60,0.2833333333333333
previous_same_LED_abort,99,8,1,54,7,3,True,3,53.0,55.0,"53,54,55",72,222,0.32432432432432434,30,86,0.3488372093023256
previous_same_LED_abort,99,8,1,55,8,3,True,3,54.0,56.0,"54,55,56",74,233,0.31759656652360513,25,76,0.32894736842105265
previous_same_LED_abort,99,8,1,56,9,3,True,3,55.0,57.0,"55,56,57",46,164,0.2804878048780488,19,71,0.2676056338028169
previous_same_LED_abort,99,8,1,57,10,3,True,3,56.0,58.0,"56,57,58",24,118,0.2033898305084746,2,17,0.11764705882352941
previous_same_LED_abort,99,8,1,58,11,3,True,3,57.0,59.0,"57,58,59",10,103,0.0970873786407767,3,30,0.1
previous_same_LED_abort,99,8,1,59,12,3,True,3,58.0,60.0,"58,59,60",29,175,0.1657142857142857,5,56,0.08928571428571429
previous_same_LED_abort,99,8,1,60,13,3,True,3,59.0,61.0,"59,60,61",52,236,0.22033898305084745,21,89,0.23595505617977527
previous_same_LED_abort,99,8,1,61,14,3,True,3,60.0,62.0,"60,61,62",71,262,0.27099236641221375,26,91,0.2857142857142857
previous_same_LED_abort,99,8,1,62,15,3,True,3,61.0,63.0,"61,62,63",62,222,0.27927927927927926,24,82,0.2926829268292683
previous_same_LED_abort,99,8,1,63,16,3,True,3,62.0,64.0,"62,63,64",37,155,0.23870967741935484,12,49,0.24489795918367346
previous_same_LED_abort,99,8,1,64,17,3,True,3,63.0,65.0,"63,64,65",30,125,0.24,1,24,0.041666666666666664
previous_same_LED_abort,99,8,1,65,18,3,True,3,64.0,66.0,"64,65,66",26,122,0.21311475409836064,17,52,0.3269230769230769
previous_same_LED_abort,99,8,1,66,19,3,True,3,65.0,67.0,"65,66,67",45,185,0.24324324324324326,8,46,0.17391304347826086
previous_same_LED_abort,99,8,1,67,20,3,True,3,66.0,68.0,"66,67,68",36,179,0.2011173184357542,20,87,0.22988505747126436
previous_same_LED_abort,99,8,1,68,21,3,True,3,67.0,69.0,"67,68,69",38,187,0.20320855614973263,8,46,0.17391304347826086
previous_same_LED_abort,99,8,1,69,22,3,True,3,68.0,70.0,"68,69,70",18,110,0.16363636363636364,10,54,0.18518518518518517
previous_same_LED_abort,99,8,1,70,23,3,True,3,69.0,71.0,"69,70,71",18,112,0.16071428571428573,0,10,0.0
previous_same_LED_abort,99,8,1,71,24,3,True,3,70.0,72.0,"70,71,72",13,96,0.13541666666666666,8,48,0.16666666666666666
previous_same_LED_abort,99,8,1,72,25,3,True,2,71.0,72.0,"71,72",13,86,0.1511627906976744,5,38,0.13157894736842105
previous_same_LED_abort,100,7,0,28,-15,3,True,2,28.0,29.0,"28,29",31,130,0.23846153846153847,15,55,0.2727272727272727
previous_same_LED_abort,100,7,0,29,-14,3,True,3,28.0,30.0,"28,29,30",36,171,0.21052631578947367,16,75,0.21333333333333335
previous_same_LED_abort,100,7,0,30,-13,3,True,3,29.0,31.0,"29,30,31",22,140,0.15714285714285714,5,41,0.12195121951219512
previous_same_LED_abort,100,7,0,31,-12,3,True,3,30.0,32.0,"30,31,32",14,121,0.11570247933884298,1,24,0.041666666666666664
previous_same_LED_abort,100,7,0,32,-11,3,True,3,31.0,33.0,"31,32,33",14,121,0.11570247933884298,8,56,0.14285714285714285
previous_same_LED_abort,100,7,0,33,-10,3,True,3,32.0,34.0,"32,33,34",19,139,0.1366906474820144,5,41,0.12195121951219512
previous_same_LED_abort,100,7,0,34,-9,3,True,3,33.0,35.0,"33,34,35",17,130,0.13076923076923078,6,42,0.14285714285714285
previous_same_LED_abort,100,7,0,35,-8,3,True,3,34.0,36.0,"34,35,36",22,149,0.1476510067114094,6,47,0.1276595744680851
previous_same_LED_abort,100,7,0,36,-7,3,True,3,35.0,37.0,"35,36,37",22,158,0.13924050632911392,10,60,0.16666666666666666
previous_same_LED_abort,100,7,0,37,-6,3,True,3,36.0,38.0,"36,37,38",17,137,0.12408759124087591,6,51,0.11764705882352941
previous_same_LED_abort,100,7,0,38,-5,3,True,3,37.0,39.0,"37,38,39",7,90,0.07777777777777778,1,26,0.038461538461538464
previous_same_LED_abort,100,7,0,39,-4,3,True,3,38.0,40.0,"38,39,40",17,110,0.15454545454545454,0,13,0.0
previous_same_LED_abort,100,7,0,40,-3,3,True,3,39.0,41.0,"39,40,41",22,130,0.16923076923076924,16,71,0.22535211267605634
previous_same_LED_abort,100,7,0,41,-2,3,True,3,40.0,42.0,"40,41,42",24,148,0.16216216216216217,6,46,0.13043478260869565
previous_same_LED_abort,100,7,0,42,-1,3,True,2,41.0,42.0,"41,42",8,77,0.1038961038961039,2,31,0.06451612903225806
previous_same_LED_abort,100,7,1,28,-15,3,True,2,28.0,29.0,"28,29",9,67,0.13432835820895522,5,29,0.1724137931034483
previous_same_LED_abort,100,7,1,29,-14,3,True,3,28.0,30.0,"28,29,30",15,105,0.14285714285714285,4,38,0.10526315789473684
previous_same_LED_abort,100,7,1,30,-13,3,True,3,29.0,31.0,"29,30,31",12,99,0.12121212121212122,6,38,0.15789473684210525
previous_same_LED_abort,100,7,1,31,-12,3,True,3,30.0,32.0,"30,31,32",10,90,0.1111111111111111,2,23,0.08695652173913043
previous_same_LED_abort,100,7,1,32,-11,3,True,3,31.0,33.0,"31,32,33",11,82,0.13414634146341464,2,29,0.06896551724137931
previous_same_LED_abort,100,7,1,33,-10,3,True,3,32.0,34.0,"32,33,34",10,85,0.11764705882352941,7,30,0.23333333333333334
previous_same_LED_abort,100,7,1,34,-9,3,True,3,33.0,35.0,"33,34,35",17,100,0.17,1,26,0.038461538461538464
previous_same_LED_abort,100,7,1,35,-8,3,True,3,34.0,36.0,"34,35,36",15,90,0.16666666666666666,9,44,0.20454545454545456
previous_same_LED_abort,100,7,1,36,-7,3,True,3,35.0,37.0,"35,36,37",22,89,0.24719101123595505,5,20,0.25
previous_same_LED_abort,100,7,1,37,-6,3,True,3,36.0,38.0,"36,37,38",17,72,0.2361111111111111,8,25,0.32
previous_same_LED_abort,100,7,1,38,-5,3,True,3,37.0,39.0,"37,38,39",14,65,0.2153846153846154,4,27,0.14814814814814814
previous_same_LED_abort,100,7,1,39,-4,3,True,3,38.0,40.0,"38,39,40",14,76,0.18421052631578946,2,13,0.15384615384615385
previous_same_LED_abort,100,7,1,40,-3,3,True,3,39.0,41.0,"39,40,41",15,85,0.17647058823529413,8,36,0.2222222222222222
previous_same_LED_abort,100,7,1,41,-2,3,True,3,40.0,42.0,"40,41,42",16,98,0.16326530612244897,5,36,0.1388888888888889
previous_same_LED_abort,100,7,1,42,-1,3,True,2,41.0,42.0,"41,42",8,62,0.12903225806451613,3,26,0.11538461538461539
previous_same_LED_abort,100,8,0,43,0,3,True,2,43.0,44.0,"43,44",7,65,0.1076923076923077,3,33,0.09090909090909091
previous_same_LED_abort,100,8,0,44,1,3,True,3,43.0,45.0,"43,44,45",16,115,0.1391304347826087,4,32,0.125
previous_same_LED_abort,100,8,0,45,2,3,True,3,44.0,46.0,"44,45,46",17,111,0.15315315315315314,9,50,0.18
previous_same_LED_abort,100,8,0,46,3,3,True,3,45.0,47.0,"45,46,47",16,112,0.14285714285714285,4,29,0.13793103448275862
previous_same_LED_abort,100,8,0,47,4,3,True,3,46.0,48.0,"46,47,48",9,100,0.09,3,33,0.09090909090909091
previous_same_LED_abort,100,8,0,48,5,3,True,3,47.0,49.0,"47,48,49",8,97,0.08247422680412371,2,38,0.05263157894736842
previous_same_LED_abort,100,8,0,49,6,3,True,3,48.0,50.0,"48,49,50",8,88,0.09090909090909091,3,26,0.11538461538461539
previous_same_LED_abort,100,8,0,50,7,3,True,3,49.0,51.0,"49,50,51",9,83,0.10843373493975904,3,24,0.125
previous_same_LED_abort,100,8,0,51,8,3,True,3,50.0,52.0,"50,51,52",15,102,0.14705882352941177,3,33,0.09090909090909091
previous_same_LED_abort,100,8,0,52,9,3,True,3,51.0,53.0,"51,52,53",19,120,0.15833333333333333,9,45,0.2
previous_same_LED_abort,100,8,0,53,10,3,True,3,52.0,54.0,"52,53,54",22,120,0.18333333333333332,7,42,0.16666666666666666
previous_same_LED_abort,100,8,0,54,11,3,True,3,53.0,55.0,"53,54,55",18,115,0.1565217391304348,6,33,0.18181818181818182
previous_same_LED_abort,100,8,0,55,12,3,True,3,54.0,56.0,"54,55,56",16,100,0.16,5,40,0.125
previous_same_LED_abort,100,8,0,56,13,3,True,2,55.0,56.0,"55,56",10,67,0.14925373134328357,5,27,0.18518518518518517
previous_same_LED_abort,100,8,0,58,15,3,True,2,58.0,59.0,"58,59",9,69,0.13043478260869565,6,35,0.17142857142857143
previous_same_LED_abort,100,8,0,59,16,3,True,3,58.0,60.0,"58,59,60",13,109,0.11926605504587157,3,34,0.08823529411764706
previous_same_LED_abort,100,8,0,60,17,3,True,3,59.0,61.0,"59,60,61",13,106,0.12264150943396226,4,40,0.1
previous_same_LED_abort,100,8,0,61,18,3,True,3,60.0,62.0,"60,61,62",14,100,0.14,6,32,0.1875
previous_same_LED_abort,100,8,0,62,19,3,True,3,61.0,63.0,"61,62,63",13,82,0.15853658536585366,4,28,0.14285714285714285
previous_same_LED_abort,100,8,0,63,20,3,True,3,62.0,64.0,"62,63,64",12,86,0.13953488372093023,3,22,0.13636363636363635
previous_same_LED_abort,100,8,0,64,21,3,True,3,63.0,65.0,"63,64,65",11,92,0.11956521739130435,5,36,0.1388888888888889
previous_same_LED_abort,100,8,0,65,22,3,True,3,64.0,66.0,"64,65,66",11,102,0.10784313725490197,3,34,0.08823529411764706
previous_same_LED_abort,100,8,0,66,23,3,True,3,65.0,67.0,"65,66,67",10,100,0.1,3,32,0.09375
previous_same_LED_abort,100,8,0,67,24,3,True,3,66.0,68.0,"66,67,68",15,107,0.14018691588785046,4,34,0.11764705882352941
previous_same_LED_abort,100,8,0,68,25,3,True,3,67.0,69.0,"67,68,69",17,99,0.1717171717171717,8,41,0.1951219512195122
previous_same_LED_abort,100,8,0,69,26,3,True,3,68.0,70.0,"68,69,70",16,91,0.17582417582417584,5,24,0.20833333333333334
previous_same_LED_abort,100,8,0,70,27,3,True,3,69.0,71.0,"69,70,71",9,65,0.13846153846153847,3,26,0.11538461538461539
previous_same_LED_abort,100,8,0,71,28,3,True,3,70.0,72.0,"70,71,72",4,55,0.07272727272727272,1,15,0.06666666666666667
previous_same_LED_abort,100,8,0,72,29,3,True,2,71.0,72.0,"71,72",1,29,0.034482758620689655,0,14,0.0
previous_same_LED_abort,100,8,1,43,0,3,True,2,43.0,44.0,"43,44",20,88,0.22727272727272727,9,46,0.1956521739130435
previous_same_LED_abort,100,8,1,44,1,3,True,3,43.0,45.0,"43,44,45",38,152,0.25,11,42,0.2619047619047619
previous_same_LED_abort,100,8,1,45,2,3,True,3,44.0,46.0,"44,45,46",33,147,0.22448979591836735,18,64,0.28125
previous_same_LED_abort,100,8,1,46,3,3,True,3,45.0,47.0,"45,46,47",28,138,0.2028985507246377,4,41,0.0975609756097561
previous_same_LED_abort,100,8,1,47,4,3,True,3,46.0,48.0,"46,47,48",17,107,0.1588785046728972,6,33,0.18181818181818182
previous_same_LED_abort,100,8,1,48,5,3,True,3,47.0,49.0,"47,48,49",18,108,0.16666666666666666,7,33,0.21212121212121213
previous_same_LED_abort,100,8,1,49,6,3,True,3,48.0,50.0,"48,49,50",15,111,0.13513513513513514,5,42,0.11904761904761904
previous_same_LED_abort,100,8,1,50,7,3,True,3,49.0,51.0,"49,50,51",19,125,0.152,3,36,0.08333333333333333
previous_same_LED_abort,100,8,1,51,8,3,True,3,50.0,52.0,"50,51,52",28,140,0.2,11,47,0.23404255319148937
previous_same_LED_abort,100,8,1,52,9,3,True,3,51.0,53.0,"51,52,53",37,148,0.25,14,57,0.24561403508771928
previous_same_LED_abort,100,8,1,53,10,3,True,3,52.0,54.0,"52,53,54",30,138,0.21739130434782608,12,44,0.2727272727272727
previous_same_LED_abort,100,8,1,54,11,3,True,3,53.0,55.0,"53,54,55",19,111,0.17117117117117117,4,37,0.10810810810810811
previous_same_LED_abort,100,8,1,55,12,3,True,3,54.0,56.0,"54,55,56",9,79,0.11392405063291139,3,30,0.1
previous_same_LED_abort,100,8,1,56,13,3,True,2,55.0,56.0,"55,56",5,42,0.11904761904761904,2,12,0.16666666666666666
previous_same_LED_abort,100,8,1,58,15,3,True,2,58.0,59.0,"58,59",11,75,0.14666666666666667,9,43,0.20930232558139536
previous_same_LED_abort,100,8,1,59,16,3,True,3,58.0,60.0,"58,59,60",14,113,0.12389380530973451,2,32,0.0625
previous_same_LED_abort,100,8,1,60,17,3,True,3,59.0,61.0,"59,60,61",15,108,0.1388888888888889,3,38,0.07894736842105263
previous_same_LED_abort,100,8,1,61,18,3,True,3,60.0,62.0,"60,61,62",20,123,0.16260162601626016,10,38,0.2631578947368421
previous_same_LED_abort,100,8,1,62,19,3,True,3,61.0,63.0,"61,62,63",20,118,0.1694915254237288,7,47,0.14893617021276595
previous_same_LED_abort,100,8,1,63,20,3,True,3,62.0,64.0,"62,63,64",19,117,0.1623931623931624,3,33,0.09090909090909091
previous_same_LED_abort,100,8,1,64,21,3,True,3,63.0,65.0,"63,64,65",22,114,0.19298245614035087,9,37,0.24324324324324326
previous_same_LED_abort,100,8,1,65,22,3,True,3,64.0,66.0,"64,65,66",26,125,0.208,10,44,0.22727272727272727
previous_same_LED_abort,100,8,1,66,23,3,True,3,65.0,67.0,"65,66,67",23,126,0.18253968253968253,7,44,0.1590909090909091
previous_same_LED_abort,100,8,1,67,24,3,True,3,66.0,68.0,"66,67,68",18,115,0.1565217391304348,6,38,0.15789473684210525
previous_same_LED_abort,100,8,1,68,25,3,True,3,67.0,69.0,"67,68,69",29,136,0.21323529411764705,5,33,0.15151515151515152
previous_same_LED_abort,100,8,1,69,26,3,True,3,68.0,70.0,"68,69,70",35,158,0.22151898734177214,18,65,0.27692307692307694
previous_same_LED_abort,100,8,1,70,27,3,True,3,69.0,71.0,"69,70,71",35,152,0.23026315789473684,12,60,0.2
previous_same_LED_abort,100,8,1,71,28,3,True,3,70.0,72.0,"70,71,72",22,128,0.171875,5,27,0.18518518518518517
previous_same_LED_abort,100,8,1,72,29,3,True,2,71.0,72.0,"71,72",10,68,0.14705882352941177,5,41,0.12195121951219512
previous_same_LED_abort,103,7,0,26,-27,3,True,2,26.0,27.0,"26,27",34,113,0.3008849557522124,11,44,0.25
previous_same_LED_abort,103,7,0,27,-26,3,True,3,26.0,28.0,"26,27,28",39,163,0.2392638036809816,23,69,0.3333333333333333
previous_same_LED_abort,103,7,0,28,-25,3,True,3,27.0,29.0,"27,28,29",39,168,0.23214285714285715,5,50,0.1
previous_same_LED_abort,103,7,0,29,-24,3,True,3,28.0,30.0,"28,29,30",23,131,0.17557251908396945,11,49,0.22448979591836735
previous_same_LED_abort,103,7,0,30,-23,3,True,3,29.0,31.0,"29,30,31",24,132,0.18181818181818182,7,32,0.21875
previous_same_LED_abort,103,7,0,31,-22,3,True,3,30.0,32.0,"30,31,32",33,167,0.19760479041916168,6,51,0.11764705882352941
previous_same_LED_abort,103,7,0,32,-21,3,True,3,31.0,33.0,"31,32,33",35,212,0.1650943396226415,20,84,0.23809523809523808
previous_same_LED_abort,103,7,0,33,-20,3,True,3,32.0,34.0,"32,33,34",32,202,0.15841584158415842,9,77,0.11688311688311688
previous_same_LED_abort,103,7,0,34,-19,3,True,3,33.0,35.0,"33,34,35",30,210,0.14285714285714285,3,41,0.07317073170731707
previous_same_LED_abort,103,7,0,35,-18,3,True,3,34.0,36.0,"34,35,36",42,217,0.1935483870967742,18,92,0.1956521739130435
previous_same_LED_abort,103,7,0,36,-17,3,True,3,35.0,37.0,"35,36,37",53,242,0.2190082644628099,21,84,0.25
previous_same_LED_abort,103,7,0,37,-16,3,True,3,36.0,38.0,"36,37,38",43,187,0.22994652406417113,14,66,0.21212121212121213
previous_same_LED_abort,103,7,0,38,-15,3,True,3,37.0,39.0,"37,38,39",37,204,0.18137254901960784,8,37,0.21621621621621623
previous_same_LED_abort,103,7,0,39,-14,3,True,3,38.0,40.0,"38,39,40",30,181,0.16574585635359115,15,101,0.1485148514851485
previous_same_LED_abort,103,7,0,40,-13,3,True,3,39.0,41.0,"39,40,41",31,197,0.15736040609137056,7,43,0.16279069767441862
previous_same_LED_abort,103,7,0,41,-12,3,True,3,40.0,42.0,"40,41,42",18,144,0.125,9,53,0.16981132075471697
previous_same_LED_abort,103,7,0,42,-11,3,True,3,41.0,43.0,"41,42,43",19,158,0.12025316455696203,2,48,0.041666666666666664
previous_same_LED_abort,103,7,0,43,-10,3,True,3,42.0,44.0,"42,43,44",23,174,0.13218390804597702,8,57,0.14035087719298245
previous_same_LED_abort,103,7,0,44,-9,3,True,3,43.0,45.0,"43,44,45",36,226,0.1592920353982301,13,69,0.18840579710144928
previous_same_LED_abort,103,7,0,45,-8,3,True,3,44.0,46.0,"44,45,46",41,247,0.1659919028340081,15,100,0.15
previous_same_LED_abort,103,7,0,46,-7,3,True,3,45.0,47.0,"45,46,47",36,229,0.1572052401746725,13,78,0.16666666666666666
previous_same_LED_abort,103,7,0,47,-6,3,True,3,46.0,48.0,"46,47,48",23,185,0.12432432432432433,8,51,0.1568627450980392
previous_same_LED_abort,103,7,0,48,-5,3,True,3,47.0,49.0,"47,48,49",15,162,0.09259259259259259,2,56,0.03571428571428571
previous_same_LED_abort,103,7,0,49,-4,3,True,3,48.0,50.0,"48,49,50",18,187,0.0962566844919786,5,55,0.09090909090909091
previous_same_LED_abort,103,7,0,50,-3,3,True,3,49.0,51.0,"49,50,51",25,176,0.14204545454545456,11,76,0.14473684210526316
previous_same_LED_abort,103,7,0,51,-2,3,True,3,50.0,52.0,"50,51,52",28,181,0.15469613259668508,9,45,0.2
previous_same_LED_abort,103,7,0,52,-1,3,True,2,51.0,52.0,"51,52",17,105,0.1619047619047619,8,60,0.13333333333333333
previous_same_LED_abort,103,7,1,26,-27,3,True,2,26.0,27.0,"26,27",30,97,0.30927835051546393,14,50,0.28
previous_same_LED_abort,103,7,1,27,-26,3,True,3,26.0,28.0,"26,27,28",42,148,0.28378378378378377,16,47,0.3404255319148936
previous_same_LED_abort,103,7,1,28,-25,3,True,3,27.0,29.0,"27,28,29",33,128,0.2578125,12,51,0.23529411764705882
previous_same_LED_abort,103,7,1,29,-24,3,True,3,28.0,30.0,"28,29,30",19,112,0.16964285714285715,5,30,0.16666666666666666
previous_same_LED_abort,103,7,1,30,-23,3,True,3,29.0,31.0,"29,30,31",12,96,0.125,2,31,0.06451612903225806
previous_same_LED_abort,103,7,1,31,-22,3,True,3,30.0,32.0,"30,31,32",22,122,0.18032786885245902,5,35,0.14285714285714285
previous_same_LED_abort,103,7,1,32,-21,3,True,3,31.0,33.0,"31,32,33",32,153,0.20915032679738563,15,56,0.26785714285714285
previous_same_LED_abort,103,7,1,33,-20,3,True,3,32.0,34.0,"32,33,34",40,170,0.23529411764705882,12,62,0.1935483870967742
previous_same_LED_abort,103,7,1,34,-19,3,True,3,33.0,35.0,"33,34,35",32,167,0.19161676646706588,13,52,0.25
previous_same_LED_abort,103,7,1,35,-18,3,True,3,34.0,36.0,"34,35,36",24,139,0.17266187050359713,7,53,0.1320754716981132
previous_same_LED_abort,103,7,1,36,-17,3,True,3,35.0,37.0,"35,36,37",15,117,0.1282051282051282,4,34,0.11764705882352941
previous_same_LED_abort,103,7,1,37,-16,3,True,3,36.0,38.0,"36,37,38",12,89,0.1348314606741573,4,30,0.13333333333333333
previous_same_LED_abort,103,7,1,38,-15,3,True,3,37.0,39.0,"37,38,39",17,105,0.1619047619047619,4,25,0.16
previous_same_LED_abort,103,7,1,39,-14,3,True,3,38.0,40.0,"38,39,40",16,104,0.15384615384615385,9,50,0.18
previous_same_LED_abort,103,7,1,40,-13,3,True,3,39.0,41.0,"39,40,41",14,110,0.12727272727272726,3,29,0.10344827586206896
previous_same_LED_abort,103,7,1,41,-12,3,True,3,40.0,42.0,"40,41,42",10,86,0.11627906976744186,2,31,0.06451612903225806
previous_same_LED_abort,103,7,1,42,-11,3,True,3,41.0,43.0,"41,42,43",9,87,0.10344827586206896,5,26,0.19230769230769232
previous_same_LED_abort,103,7,1,43,-10,3,True,3,42.0,44.0,"42,43,44",9,85,0.10588235294117647,2,30,0.06666666666666667
previous_same_LED_abort,103,7,1,44,-9,3,True,3,43.0,45.0,"43,44,45",14,118,0.11864406779661017,2,29,0.06896551724137931
previous_same_LED_abort,103,7,1,45,-8,3,True,3,44.0,46.0,"44,45,46",18,122,0.14754098360655737,10,59,0.1694915254237288
previous_same_LED_abort,103,7,1,46,-7,3,True,3,45.0,47.0,"45,46,47",21,136,0.15441176470588236,6,34,0.17647058823529413
previous_same_LED_abort,103,7,1,47,-6,3,True,3,46.0,48.0,"46,47,48",18,107,0.16822429906542055,5,43,0.11627906976744186
previous_same_LED_abort,103,7,1,48,-5,3,True,3,47.0,49.0,"47,48,49",18,104,0.17307692307692307,7,30,0.23333333333333334
previous_same_LED_abort,103,7,1,49,-4,3,True,3,48.0,50.0,"48,49,50",24,109,0.22018348623853212,6,31,0.1935483870967742
previous_same_LED_abort,103,7,1,50,-3,3,True,3,49.0,51.0,"49,50,51",25,118,0.211864406779661,11,48,0.22916666666666666
previous_same_LED_abort,103,7,1,51,-2,3,True,3,50.0,52.0,"50,51,52",23,122,0.1885245901639344,8,39,0.20512820512820512
previous_same_LED_abort,103,7,1,52,-1,3,True,2,51.0,52.0,"51,52",12,74,0.16216216216216217,4,35,0.11428571428571428
previous_same_LED_abort,103,8,0,53,0,3,True,2,53.0,54.0,"53,54",13,85,0.15294117647058825,5,40,0.125
previous_same_LED_abort,103,8,0,54,1,3,True,3,53.0,55.0,"53,54,55",21,139,0.1510791366906475,8,45,0.17777777777777778
previous_same_LED_abort,103,8,0,55,2,3,True,3,54.0,56.0,"54,55,56",17,122,0.13934426229508196,8,54,0.14814814814814814
previous_same_LED_abort,103,8,0,56,3,3,True,3,55.0,57.0,"55,56,57",13,116,0.11206896551724138,1,23,0.043478260869565216
previous_same_LED_abort,103,8,0,57,4,3,True,3,56.0,58.0,"56,57,58",8,107,0.07476635514018691,4,39,0.10256410256410256
previous_same_LED_abort,103,8,0,58,5,3,True,3,57.0,59.0,"57,58,59",8,121,0.06611570247933884,3,45,0.06666666666666667
previous_same_LED_abort,103,8,0,59,6,3,True,3,58.0,60.0,"58,59,60",9,122,0.07377049180327869,1,37,0.02702702702702703
previous_same_LED_abort,103,8,0,60,7,3,True,3,59.0,61.0,"59,60,61",9,130,0.06923076923076923,5,40,0.125
previous_same_LED_abort,103,8,0,61,8,3,True,3,60.0,62.0,"60,61,62",16,146,0.1095890410958904,3,53,0.05660377358490566
previous_same_LED_abort,103,8,0,62,9,3,True,3,61.0,63.0,"61,62,63",15,153,0.09803921568627451,8,53,0.1509433962264151
previous_same_LED_abort,103,8,0,63,10,3,True,3,62.0,64.0,"62,63,64",15,136,0.11029411764705882,4,47,0.0851063829787234
previous_same_LED_abort,103,8,0,64,11,3,True,3,63.0,65.0,"63,64,65",11,117,0.09401709401709402,3,36,0.08333333333333333
previous_same_LED_abort,103,8,0,65,12,3,True,3,64.0,66.0,"64,65,66",10,99,0.10101010101010101,4,34,0.11764705882352941
previous_same_LED_abort,103,8,0,66,13,3,True,3,65.0,67.0,"65,66,67",15,118,0.1271186440677966,3,29,0.10344827586206896
previous_same_LED_abort,103,8,0,67,14,3,True,3,66.0,68.0,"66,67,68",16,135,0.11851851851851852,8,55,0.14545454545454545
previous_same_LED_abort,103,8,0,68,15,3,True,3,67.0,69.0,"67,68,69",18,148,0.12162162162162163,5,51,0.09803921568627451
previous_same_LED_abort,103,8,0,69,16,3,True,3,68.0,70.0,"68,69,70",19,134,0.1417910447761194,5,42,0.11904761904761904
previous_same_LED_abort,103,8,0,70,17,3,True,3,69.0,71.0,"69,70,71",17,115,0.14782608695652175,9,41,0.21951219512195122
previous_same_LED_abort,103,8,0,71,18,3,True,3,70.0,72.0,"70,71,72",14,104,0.1346153846153846,3,32,0.09375
previous_same_LED_abort,103,8,0,72,19,3,True,3,71.0,73.0,"71,72,73",6,94,0.06382978723404255,2,31,0.06451612903225806
previous_same_LED_abort,103,8,0,73,20,3,True,3,72.0,74.0,"72,73,74",7,94,0.07446808510638298,1,31,0.03225806451612903
previous_same_LED_abort,103,8,0,74,21,3,True,3,73.0,75.0,"73,74,75",8,94,0.0851063829787234,4,32,0.125
previous_same_LED_abort,103,8,0,75,22,3,True,3,74.0,76.0,"74,75,76",9,86,0.10465116279069768,3,31,0.0967741935483871
previous_same_LED_abort,103,8,0,76,23,3,True,3,75.0,77.0,"75,76,77",8,78,0.10256410256410256,2,23,0.08695652173913043
previous_same_LED_abort,103,8,0,77,24,3,True,3,76.0,78.0,"76,77,78",15,85,0.17647058823529413,3,24,0.125
previous_same_LED_abort,103,8,0,78,25,3,True,3,77.0,79.0,"77,78,79",14,82,0.17073170731707318,10,38,0.2631578947368421
previous_same_LED_abort,103,8,0,79,26,3,True,3,78.0,80.0,"78,79,80",19,115,0.16521739130434782,1,20,0.05
previous_same_LED_abort,103,8,0,80,27,3,True,3,79.0,81.0,"79,80,81",27,220,0.12272727272727273,8,57,0.14035087719298245
previous_same_LED_abort,103,8,0,81,28,3,True,2,80.0,81.0,"80,81",26,200,0.13,18,143,0.1258741258741259
previous_same_LED_abort,103,8,1,53,0,3,True,2,53.0,54.0,"53,54",19,90,0.2111111111111111,5,34,0.14705882352941177
previous_same_LED_abort,103,8,1,54,1,3,True,3,53.0,55.0,"53,54,55",35,165,0.21212121212121213,14,56,0.25
previous_same_LED_abort,103,8,1,55,2,3,True,3,54.0,56.0,"54,55,56",34,162,0.20987654320987653,16,75,0.21333333333333335
previous_same_LED_abort,103,8,1,56,3,3,True,3,55.0,57.0,"55,56,57",29,154,0.18831168831168832,4,31,0.12903225806451613
previous_same_LED_abort,103,8,1,57,4,3,True,3,56.0,58.0,"56,57,58",23,154,0.14935064935064934,9,48,0.1875
previous_same_LED_abort,103,8,1,58,5,3,True,3,57.0,59.0,"57,58,59",26,166,0.1566265060240964,10,75,0.13333333333333333
previous_same_LED_abort,103,8,1,59,6,3,True,3,58.0,60.0,"58,59,60",28,172,0.16279069767441862,7,43,0.16279069767441862
previous_same_LED_abort,103,8,1,60,7,3,True,3,59.0,61.0,"59,60,61",29,151,0.19205298013245034,11,54,0.2037037037037037
previous_same_LED_abort,103,8,1,61,8,3,True,3,60.0,62.0,"60,61,62",31,160,0.19375,11,54,0.2037037037037037
previous_same_LED_abort,103,8,1,62,9,3,True,3,61.0,63.0,"61,62,63",35,171,0.2046783625730994,9,52,0.17307692307692307
previous_same_LED_abort,103,8,1,63,10,3,True,3,62.0,64.0,"62,63,64",33,174,0.1896551724137931,15,65,0.23076923076923078
previous_same_LED_abort,103,8,1,64,11,3,True,3,63.0,65.0,"63,64,65",29,169,0.17159763313609466,9,57,0.15789473684210525
previous_same_LED_abort,103,8,1,65,12,3,True,3,64.0,66.0,"64,65,66",15,133,0.11278195488721804,5,47,0.10638297872340426
previous_same_LED_abort,103,8,1,66,13,3,True,3,65.0,67.0,"65,66,67",16,134,0.11940298507462686,1,29,0.034482758620689655
previous_same_LED_abort,103,8,1,67,14,3,True,3,66.0,68.0,"66,67,68",25,161,0.15527950310559005,10,58,0.1724137931034483
previous_same_LED_abort,103,8,1,68,15,3,True,3,67.0,69.0,"67,68,69",33,184,0.1793478260869565,14,74,0.1891891891891892
previous_same_LED_abort,103,8,1,69,16,3,True,3,68.0,70.0,"68,69,70",40,189,0.21164021164021163,9,52,0.17307692307692307
previous_same_LED_abort,103,8,1,70,17,3,True,3,69.0,71.0,"69,70,71",42,168,0.25,17,63,0.2698412698412698
previous_same_LED_abort,103,8,1,71,18,3,True,3,70.0,72.0,"70,71,72",37,148,0.25,16,53,0.3018867924528302
previous_same_LED_abort,103,8,1,72,19,3,True,3,71.0,73.0,"71,72,73",26,124,0.20967741935483872,4,32,0.125
previous_same_LED_abort,103,8,1,73,20,3,True,3,72.0,74.0,"72,73,74",14,109,0.12844036697247707,6,39,0.15384615384615385
previous_same_LED_abort,103,8,1,74,21,3,True,3,73.0,75.0,"73,74,75",20,129,0.15503875968992248,4,38,0.10526315789473684
previous_same_LED_abort,103,8,1,75,22,3,True,3,74.0,76.0,"74,75,76",17,130,0.13076923076923078,10,52,0.19230769230769232
previous_same_LED_abort,103,8,1,76,23,3,True,3,75.0,77.0,"75,76,77",22,147,0.14965986394557823,3,40,0.075
previous_same_LED_abort,103,8,1,77,24,3,True,3,76.0,78.0,"76,77,78",13,116,0.11206896551724138,9,55,0.16363636363636364
previous_same_LED_abort,103,8,1,78,25,3,True,3,77.0,79.0,"77,78,79",16,124,0.12903225806451613,1,21,0.047619047619047616
previous_same_LED_abort,103,8,1,79,26,3,True,3,78.0,80.0,"78,79,80",41,170,0.2411764705882353,6,48,0.125
previous_same_LED_abort,103,8,1,80,27,3,True,2,79.0,80.0,"79,80",40,149,0.2684563758389262,34,101,0.33663366336633666
