animal,session_type,LED_trial,session,relative_session,window_sessions,n_sessions_used,window_first_session,window_last_session,window_session_ids,window_condition_trials,raw_condition_trials,event3_total,raw_event3_total,event3_missing_timing,raw_event3_missing_timing,first_count,raw_first_count,last_count,raw_last_count,isolated_count,raw_isolated_count,first_missing_timing,raw_first_missing_timing,last_missing_timing,raw_last_missing_timing,isolated_missing_timing,raw_isolated_missing_timing,first_fraction,raw_first_fraction,last_fraction,raw_last_fraction,isolated_fraction,raw_isolated_fraction
92,7,0,40,-35,3,2,40,41,"40,41",778,340,85,47,0,0,6,3,6,3,65,37,0,0,0,0,0,0,0.007712082262210797,0.008823529411764706,0.007712082262210797,0.008823529411764706,0.08354755784061697,0.10882352941176471
92,7,0,41,-34,3,3,40,42,"40,41,42",1243,438,134,38,0,0,10,3,8,3,103,28,0,0,0,0,0,0,0.008045052292839904,0.00684931506849315,0.006436041834271922,0.00684931506849315,0.08286403861625101,0.0639269406392694
92,7,0,42,-33,3,3,41,43,"41,42,43",1296,465,128,49,0,0,9,4,7,2,100,38,0,0,0,0,0,0,0.006944444444444444,0.008602150537634409,0.005401234567901234,0.004301075268817204,0.07716049382716049,0.08172043010752689
92,7,0,43,-32,3,3,42,44,"42,43,44",1214,393,121,41,0,0,8,2,5,2,94,34,0,0,0,0,0,0,0.006589785831960461,0.005089058524173028,0.004118616144975288,0.005089058524173028,0.07742998352553541,0.08651399491094147
92,7,0,44,-31,3,3,43,45,"43,44,45",1184,356,114,31,0,0,8,2,7,1,81,22,0,0,0,0,0,0,0.006756756756756757,0.0056179775280898875,0.0059121621621621625,0.0028089887640449437,0.06841216216216216,0.06179775280898876
92,7,0,45,-30,3,3,44,46,"44,45,46",1225,435,130,42,1,0,11,4,9,4,89,25,0,0,0,0,0,0,0.008979591836734694,0.009195402298850575,0.007346938775510204,0.009195402298850575,0.07265306122448979,0.05747126436781609
92,7,0,46,-29,3,3,45,47,"45,46,47",1294,434,165,57,1,1,16,5,15,4,113,42,0,0,0,0,0,0,0.012364760432766615,0.01152073732718894,0.011591962905718702,0.009216589861751152,0.08732612055641421,0.0967741935483871
92,7,0,47,-28,3,3,46,48,"46,47,48",1351,425,208,66,1,0,19,7,15,7,153,46,0,0,0,0,0,0,0.014063656550703183,0.01647058823529412,0.011102886750555145,0.01647058823529412,0.11324944485566248,0.10823529411764705
92,7,0,48,-27,3,3,47,49,"47,48,49",1359,492,225,85,0,0,23,7,18,4,161,65,0,0,0,0,0,0,0.01692420897718911,0.014227642276422764,0.013245033112582781,0.008130081300813009,0.11846946284032377,0.13211382113821138
92,7,0,49,-26,3,3,48,50,"48,49,50",1388,442,225,74,0,0,22,9,16,7,166,50,0,0,0,0,0,0,0.01585014409221902,0.020361990950226245,0.011527377521613832,0.01583710407239819,0.11959654178674352,0.11312217194570136
92,7,0,50,-25,3,3,49,51,"49,50,51",1404,454,219,66,0,0,23,6,19,5,159,51,0,0,0,0,0,0,0.01638176638176638,0.013215859030837005,0.013532763532763533,0.011013215859030838,0.11324786324786325,0.11233480176211454
92,7,0,51,-24,3,3,50,52,"50,51,52",1431,508,214,79,0,0,20,8,18,7,161,58,0,0,0,0,0,0,0.013976240391334731,0.015748031496062992,0.012578616352201259,0.013779527559055118,0.11250873515024458,0.1141732283464567
92,7,0,52,-23,3,3,51,53,"51,52,53",1377,469,220,69,0,0,20,6,18,6,164,52,0,0,0,0,0,0,0.014524328249818447,0.01279317697228145,0.013071895424836602,0.01279317697228145,0.11909949164851126,0.11087420042643924
92,7,0,53,-22,3,3,52,54,"52,53,54",1378,400,219,72,0,0,20,6,19,5,160,54,0,0,0,0,0,0,0.01451378809869376,0.015,0.013788098693759071,0.0125,0.11611030478955008,0.135
92,7,0,54,-21,3,3,53,55,"53,54,55",1302,509,193,78,0,0,15,8,14,8,148,54,0,0,0,0,0,0,0.01152073732718894,0.015717092337917484,0.010752688172043012,0.015717092337917484,0.11367127496159754,0.10609037328094302
92,7,0,55,-20,3,3,54,56,"54,55,56",1357,393,212,43,0,0,24,1,22,1,151,40,0,0,0,0,0,0,0.017686072218128224,0.002544529262086514,0.016212232866617538,0.002544529262086514,0.11127487103905674,0.10178117048346055
92,7,0,56,-19,3,3,55,57,"55,56,57",1351,455,205,91,0,0,26,15,23,13,144,57,0,0,0,0,0,0,0.01924500370096225,0.03296703296703297,0.017024426350851222,0.02857142857142857,0.10658771280532939,0.12527472527472527
92,7,0,57,-18,3,3,56,58,"56,57,58",1355,503,209,71,0,0,31,10,27,9,136,47,0,0,0,0,0,0,0.022878228782287822,0.019880715705765408,0.01992619926199262,0.017892644135188866,0.1003690036900369,0.09343936381709742
92,7,0,58,-17,3,3,57,59,"57,58,59",1388,397,177,47,0,0,22,6,20,5,121,32,0,0,0,0,0,0,0.01585014409221902,0.015113350125944584,0.01440922190201729,0.012594458438287154,0.08717579250720461,0.08060453400503778
92,7,0,59,-16,3,3,58,60,"58,59,60",1144,488,127,59,0,0,13,6,12,6,88,42,0,0,0,0,0,0,0.011363636363636364,0.012295081967213115,0.01048951048951049,0.012295081967213115,0.07692307692307693,0.0860655737704918
92,7,0,60,-15,3,3,59,61,"59,60,61",1181,259,175,21,0,0,22,1,19,1,121,14,0,0,0,0,0,0,0.018628281117696866,0.003861003861003861,0.016088060965283656,0.003861003861003861,0.10245554614733277,0.05405405405405406
92,7,0,61,-14,3,3,60,62,"60,61,62",1181,434,171,95,0,0,25,15,19,12,112,65,0,0,0,0,0,0,0.021168501270110076,0.03456221198156682,0.016088060965283656,0.027649769585253458,0.09483488569009314,0.1497695852534562
92,7,0,62,-13,3,3,61,63,"61,62,63",1299,488,207,55,0,0,29,9,22,6,141,33,0,0,0,0,0,0,0.022324865280985373,0.018442622950819672,0.016936104695919937,0.012295081967213115,0.10854503464203233,0.06762295081967214
92,7,0,63,-12,3,3,62,64,"62,63,64",1203,377,158,57,0,0,21,5,16,4,105,43,0,0,0,0,0,0,0.017456359102244388,0.013262599469496022,0.013300083125519535,0.010610079575596816,0.08728179551122195,0.11405835543766578
92,7,0,64,-11,3,3,63,65,"63,64,65",1153,338,166,46,0,0,20,7,17,6,118,29,0,0,0,0,0,0,0.017346053772766695,0.020710059171597635,0.014744145706851692,0.01775147928994083,0.1023417172593235,0.08579881656804733
92,7,0,65,-10,3,3,64,66,"64,65,66",1168,438,175,63,0,0,25,8,22,7,117,46,0,0,0,0,0,0,0.021404109589041095,0.0182648401826484,0.018835616438356163,0.01598173515981735,0.10017123287671233,0.1050228310502283
92,7,0,66,-9,3,3,65,67,"65,66,67",1249,392,219,66,0,0,29,10,26,9,153,42,0,0,0,0,0,0,0.02321857485988791,0.025510204081632654,0.020816653322658127,0.02295918367346939,0.12249799839871897,0.10714285714285714
92,7,0,67,-8,3,3,66,68,"66,67,68",1329,419,234,90,0,0,34,11,30,10,154,65,0,0,0,0,0,0,0.025583145221971408,0.026252983293556086,0.022573363431151242,0.02386634844868735,0.11587659894657637,0.15513126491646778
92,7,0,68,-7,3,3,67,69,"67,68,69",1378,518,236,78,0,0,32,13,29,11,162,47,0,0,0,0,0,0,0.023222060957910014,0.025096525096525095,0.02104499274310595,0.021235521235521235,0.11756168359941944,0.09073359073359073
92,7,0,69,-6,3,3,68,70,"68,69,70",1436,441,217,68,0,0,26,8,24,8,152,50,0,0,0,0,0,0,0.018105849582172703,0.018140589569160998,0.016713091922005572,0.018140589569160998,0.10584958217270195,0.11337868480725624
92,7,0,70,-5,3,3,69,71,"69,70,71",1372,477,220,71,0,0,26,5,25,5,158,55,0,0,0,0,0,0,0.018950437317784258,0.010482180293501049,0.018221574344023325,0.010482180293501049,0.1151603498542274,0.11530398322851153
92,7,0,71,-4,3,3,70,72,"70,71,72",1475,454,216,81,0,0,23,13,21,12,158,53,0,0,0,0,0,0,0.015593220338983051,0.028634361233480177,0.01423728813559322,0.02643171806167401,0.10711864406779661,0.11674008810572688
92,7,0,72,-3,3,3,71,73,"71,72,73",1353,544,192,64,0,0,23,5,20,4,139,50,0,0,0,0,0,0,0.016999260901699925,0.009191176470588236,0.014781966001478197,0.007352941176470588,0.10273466371027347,0.09191176470588236
92,7,0,73,-2,3,3,72,74,"72,73,74",1432,355,184,47,0,0,17,5,15,4,141,36,0,0,0,0,0,0,0.011871508379888268,0.014084507042253521,0.01047486033519553,0.011267605633802818,0.09846368715083799,0.10140845070422536
92,7,0,74,-1,3,2,73,74,"73,74",888,533,120,73,0,0,12,7,11,7,91,55,0,0,0,0,0,0,0.013513513513513514,0.013133208255159476,0.012387387387387387,0.013133208255159476,0.10247747747747747,0.10318949343339587
92,7,1,40,-35,3,2,40,41,"40,41",437,179,55,32,0,0,5,2,5,2,39,25,0,0,0,0,0,0,0.011441647597254004,0.0111731843575419,0.011441647597254004,0.0111731843575419,0.08924485125858124,0.13966480446927373
92,7,1,41,-34,3,3,40,42,"40,41,42",675,258,84,23,0,0,9,3,11,3,56,14,0,0,0,0,0,0,0.013333333333333334,0.011627906976744186,0.016296296296296295,0.011627906976744186,0.08296296296296296,0.05426356589147287
92,7,1,42,-33,3,3,41,43,"41,42,43",692,238,83,29,0,0,9,4,11,6,56,17,0,0,0,0,0,0,0.01300578034682081,0.01680672268907563,0.015895953757225433,0.025210084033613446,0.08092485549132948,0.07142857142857142
92,7,1,43,-32,3,3,42,44,"42,43,44",614,196,79,31,0,0,7,2,10,2,53,25,0,0,0,0,0,0,0.011400651465798045,0.01020408163265306,0.016286644951140065,0.01020408163265306,0.08631921824104234,0.12755102040816327
92,7,1,44,-31,3,3,43,45,"43,44,45",569,180,72,19,0,0,5,1,6,2,47,11,0,0,0,0,0,0,0.008787346221441126,0.005555555555555556,0.01054481546572935,0.011111111111111112,0.08260105448154657,0.06111111111111111
92,7,1,45,-30,3,3,44,46,"44,45,46",559,193,74,22,0,0,6,2,8,2,44,11,0,0,0,0,0,0,0.01073345259391771,0.010362694300518135,0.014311270125223614,0.010362694300518135,0.07871198568872988,0.05699481865284974
92,7,1,46,-29,3,3,45,47,"45,46,47",630,186,100,33,0,0,12,3,13,4,57,22,0,0,0,0,0,0,0.01904761904761905,0.016129032258064516,0.020634920634920634,0.021505376344086023,0.09047619047619047,0.11827956989247312
92,7,1,47,-28,3,3,46,48,"46,47,48",682,251,130,45,0,0,15,7,19,7,81,24,0,0,0,0,0,0,0.021994134897360705,0.027888446215139442,0.02785923753665689,0.027888446215139442,0.1187683284457478,0.09561752988047809
92,7,1,48,-27,3,3,47,49,"47,48,49",708,245,125,52,0,0,12,5,17,8,81,35,0,0,0,0,0,0,0.01694915254237288,0.02040816326530612,0.02401129943502825,0.0326530612244898,0.11440677966101695,0.14285714285714285
92,7,1,49,-26,3,3,48,50,"48,49,50",704,212,124,28,0,0,8,0,14,2,88,22,0,0,0,0,0,0,0.011363636363636364,0.0,0.019886363636363636,0.009433962264150943,0.125,0.10377358490566038
92,7,1,50,-25,3,3,49,51,"49,50,51",673,247,105,44,0,0,7,3,11,4,75,31,0,0,0,0,0,0,0.010401188707280832,0.012145748987854251,0.01634472511144131,0.016194331983805668,0.11144130757800892,0.12550607287449392
92,7,1,51,-24,3,3,50,52,"50,51,52",694,214,120,33,0,0,13,4,15,5,81,22,0,0,0,0,0,0,0.018731988472622477,0.018691588785046728,0.021613832853025938,0.02336448598130841,0.11671469740634005,0.102803738317757
92,7,1,52,-23,3,3,51,53,"51,52,53",685,233,126,43,0,0,14,6,16,6,84,28,0,0,0,0,0,0,0.020437956204379562,0.02575107296137339,0.02335766423357664,0.02575107296137339,0.12262773722627737,0.12017167381974249
92,7,1,53,-22,3,3,52,54,"52,53,54",713,238,140,50,0,0,16,4,17,5,94,34,0,0,0,0,0,0,0.02244039270687237,0.01680672268907563,0.023842917251051893,0.02100840336134454,0.13183730715287517,0.14285714285714285
92,7,1,54,-21,3,3,53,55,"53,54,55",678,242,122,47,0,0,12,6,13,6,85,32,0,0,0,0,0,0,0.017699115044247787,0.024793388429752067,0.019174041297935103,0.024793388429752067,0.12536873156342182,0.1322314049586777
92,7,1,55,-20,3,3,54,56,"54,55,56",685,198,118,25,0,0,12,2,14,2,84,19,0,0,0,0,0,0,0.017518248175182483,0.010101010101010102,0.020437956204379562,0.010101010101010102,0.12262773722627737,0.09595959595959595
92,7,1,56,-19,3,3,55,57,"55,56,57",700,245,101,46,0,0,10,4,13,6,70,33,0,0,0,0,0,0,0.014285714285714285,0.0163265306122449,0.018571428571428572,0.024489795918367346,0.1,0.1346938775510204
92,7,1,57,-18,3,3,56,58,"56,57,58",676,257,88,30,0,0,9,4,13,5,59,18,0,0,0,0,0,0,0.013313609467455622,0.01556420233463035,0.019230769230769232,0.019455252918287938,0.08727810650887574,0.07003891050583658
92,7,1,58,-17,3,3,57,59,"57,58,59",672,174,94,12,0,0,13,1,15,2,56,8,0,0,0,0,0,0,0.019345238095238096,0.005747126436781609,0.022321428571428572,0.011494252873563218,0.08333333333333333,0.04597701149425287
92,7,1,59,-16,3,3,58,60,"58,59,60",570,241,84,52,0,0,12,8,13,8,47,30,0,0,0,0,0,0,0.021052631578947368,0.03319502074688797,0.02280701754385965,0.03319502074688797,0.0824561403508772,0.12448132780082988
92,7,1,60,-15,3,3,59,61,"59,60,61",646,155,124,20,0,0,17,3,20,3,70,9,0,0,0,0,0,0,0.02631578947368421,0.01935483870967742,0.030959752321981424,0.01935483870967742,0.10835913312693499,0.05806451612903226
92,7,1,61,-14,3,3,60,62,"60,61,62",624,250,109,52,0,0,15,6,21,9,58,31,0,0,0,0,0,0,0.02403846153846154,0.024,0.03365384615384615,0.036,0.09294871794871795,0.124
92,7,1,62,-13,3,3,61,63,"61,62,63",707,219,118,37,0,0,14,6,21,9,70,18,0,0,0,0,0,0,0.019801980198019802,0.0273972602739726,0.0297029702970297,0.0410958904109589,0.09900990099009901,0.0821917808219178
92,7,1,63,-12,3,3,62,64,"62,63,64",644,238,93,29,0,0,11,2,16,3,57,21,0,0,0,0,0,0,0.017080745341614908,0.008403361344537815,0.024844720496894408,0.012605042016806723,0.08850931677018634,0.08823529411764706
92,7,1,64,-11,3,3,63,65,"63,64,65",652,187,83,27,0,0,9,3,12,4,52,18,0,0,0,0,0,0,0.013803680981595092,0.016042780748663103,0.018404907975460124,0.0213903743315508,0.07975460122699386,0.0962566844919786
92,7,1,65,-10,3,3,64,66,"64,65,66",605,227,87,27,0,0,8,4,11,5,54,13,0,0,0,0,0,0,0.013223140495867768,0.01762114537444934,0.01818181818181818,0.022026431718061675,0.08925619834710743,0.05726872246696035
92,7,1,66,-9,3,3,65,67,"65,66,67",654,191,123,33,0,0,14,1,17,2,71,23,0,0,0,0,0,0,0.021406727828746176,0.005235602094240838,0.02599388379204893,0.010471204188481676,0.10856269113149847,0.12041884816753927
92,7,1,67,-8,3,3,66,68,"66,67,68",688,236,163,63,0,0,18,9,22,10,99,35,0,0,0,0,0,0,0.02616279069767442,0.038135593220338986,0.03197674418604651,0.0423728813559322,0.1438953488372093,0.1483050847457627
92,7,1,68,-7,3,3,67,69,"67,68,69",781,261,201,67,0,0,30,8,33,10,110,41,0,0,0,0,0,0,0.03841229193341869,0.03065134099616858,0.04225352112676056,0.038314176245210725,0.14084507042253522,0.15708812260536398
92,7,1,69,-6,3,3,68,70,"68,69,70",756,284,167,71,0,0,24,13,26,13,93,34,0,0,0,0,0,0,0.031746031746031744,0.045774647887323945,0.03439153439153439,0.045774647887323945,0.12301587301587301,0.11971830985915492
92,7,1,70,-5,3,3,69,71,"69,70,71",780,211,173,29,0,0,30,3,31,3,85,18,0,0,0,0,0,0,0.038461538461538464,0.014218009478672985,0.03974358974358974,0.014218009478672985,0.10897435897435898,0.08530805687203792
92,7,1,71,-4,3,3,70,72,"70,71,72",776,285,162,73,0,0,29,14,31,15,80,33,0,0,0,0,0,0,0.037371134020618556,0.04912280701754386,0.03994845360824742,0.05263157894736842,0.10309278350515463,0.11578947368421053
92,7,1,72,-3,3,3,71,73,"71,72,73",770,280,174,60,0,0,30,12,33,13,92,29,0,0,0,0,0,0,0.03896103896103896,0.04285714285714286,0.04285714285714286,0.04642857142857143,0.11948051948051948,0.10357142857142858
92,7,1,73,-2,3,3,72,74,"72,73,74",722,205,135,41,0,0,19,4,21,5,86,30,0,0,0,0,0,0,0.02631578947368421,0.01951219512195122,0.029085872576177285,0.024390243902439025,0.11911357340720222,0.14634146341463414
92,7,1,74,-1,3,2,73,74,"73,74",442,237,75,34,0,0,7,3,8,3,57,27,0,0,0,0,0,0,0.01583710407239819,0.012658227848101266,0.01809954751131222,0.012658227848101266,0.12895927601809956,0.11392405063291139
92,8,0,75,0,3,2,75,76,"75,76",752,464,95,68,0,0,5,3,4,3,71,56,0,0,0,0,0,0,0.006648936170212766,0.00646551724137931,0.005319148936170213,0.00646551724137931,0.09441489361702128,0.1206896551724138
92,8,0,76,1,3,3,75,77,"75,76,77",1252,288,185,27,0,0,22,2,12,1,134,15,0,0,0,0,0,0,0.01757188498402556,0.006944444444444444,0.009584664536741214,0.003472222222222222,0.10702875399361023,0.052083333333333336
92,8,0,77,2,3,2,76,77,"76,77",788,500,117,90,0,0,19,17,9,8,78,63,0,0,0,0,0,0,0.024111675126903553,0.034,0.011421319796954314,0.016,0.09898477157360407,0.126
92,8,0,81,6,3,2,81,82,"81,82",833,450,114,71,0,0,16,14,11,9,77,42,0,0,0,0,0,0,0.01920768307322929,0.03111111111111111,0.013205282112845138,0.02,0.09243697478991597,0.09333333333333334
92,8,0,82,7,3,3,81,83,"81,82,83",950,383,128,43,0,0,16,2,11,2,91,35,0,0,0,0,0,0,0.016842105263157894,0.005221932114882507,0.011578947368421053,0.005221932114882507,0.09578947368421052,0.09138381201044386
92,8,0,83,8,3,3,82,84,"82,83,84",954,117,118,14,0,0,8,0,7,0,97,14,0,0,0,0,0,0,0.008385744234800839,0.0,0.007337526205450734,0.0,0.10167714884696016,0.11965811965811966
92,8,0,84,9,3,3,83,85,"83,84,85",1018,454,135,61,0,0,14,6,9,5,106,48,0,0,0,0,0,0,0.0137524557956778,0.013215859030837005,0.008840864440078585,0.011013215859030838,0.10412573673870335,0.10572687224669604
92,8,0,85,10,3,2,84,85,"84,85",901,447,121,60,0,0,14,8,9,4,92,44,0,0,0,0,0,0,0.01553829078801332,0.017897091722595078,0.009988901220865706,0.008948545861297539,0.10210876803551609,0.09843400447427293
92,8,0,88,13,3,2,88,89,"88,89",508,216,51,12,0,0,1,0,0,0,47,10,0,0,0,0,0,0,0.001968503937007874,0.0,0.0,0.0,0.09251968503937008,0.046296296296296294
92,8,0,89,14,3,3,88,90,"88,89,90",885,292,121,39,0,0,10,1,3,0,99,37,0,0,0,0,0,0,0.011299435028248588,0.003424657534246575,0.003389830508474576,0.0,0.11186440677966102,0.1267123287671233
92,8,0,90,15,3,3,89,91,"89,90,91",1158,377,178,70,0,0,18,9,7,3,143,52,0,0,0,0,0,0,0.015544041450777202,0.023872679045092837,0.006044905008635579,0.007957559681697613,0.1234887737478411,0.13793103448275862
92,8,0,91,16,3,3,90,92,"90,91,92",1266,489,190,69,0,0,22,8,10,4,143,54,0,0,0,0,0,0,0.017377567140600316,0.016359918200409,0.007898894154818325,0.0081799591002045,0.11295418641390205,0.11042944785276074
92,8,0,92,17,3,3,91,93,"91,92,93",1352,400,161,51,0,0,16,5,10,3,125,37,0,0,0,0,0,0,0.011834319526627219,0.0125,0.0073964497041420114,0.0075,0.09245562130177515,0.0925
92,8,0,93,18,3,3,92,94,"92,93,94",1281,463,125,41,0,0,11,3,9,3,95,34,0,0,0,0,0,0,0.00858704137392662,0.0064794816414686825,0.00702576112412178,0.0064794816414686825,0.0741608118657299,0.0734341252699784
92,8,0,94,19,3,2,93,94,"93,94",881,418,74,33,0,0,6,3,6,3,58,24,0,0,0,0,0,0,0.00681044267877412,0.007177033492822967,0.00681044267877412,0.007177033492822967,0.06583427922814983,0.05741626794258373
92,8,0,96,21,3,2,96,97,"96,97",803,464,98,50,0,0,5,0,3,0,86,46,0,0,0,0,0,0,0.0062266500622665,0.0,0.0037359900373599006,0.0,0.10709838107098381,0.09913793103448276
92,8,0,97,22,3,3,96,98,"96,97,98",1280,339,148,48,0,0,10,5,7,3,122,40,0,0,0,0,0,0,0.0078125,0.014749262536873156,0.00546875,0.008849557522123894,0.0953125,0.11799410029498525
92,8,0,98,23,3,3,97,99,"97,98,99",1313,477,151,50,0,0,16,5,11,4,117,36,0,0,0,0,0,0,0.012185833968012186,0.010482180293501049,0.008377760853008377,0.008385744234800839,0.0891089108910891,0.07547169811320754
92,8,0,99,24,3,3,98,100,"98,99,100",1426,497,155,53,0,0,16,6,12,4,117,41,0,0,0,0,0,0,0.011220196353436185,0.012072434607645875,0.008415147265077139,0.008048289738430584,0.0820476858345021,0.08249496981891348
92,8,0,100,25,3,3,99,101,"99,100,101",1275,452,134,52,0,0,12,5,9,4,107,40,0,0,0,0,0,0,0.009411764705882352,0.011061946902654867,0.007058823529411765,0.008849557522123894,0.08392156862745098,0.08849557522123894
92,8,0,101,26,3,3,100,102,"100,101,102",939,326,115,29,0,0,9,1,7,1,93,26,0,0,0,0,0,0,0.009584664536741214,0.003067484662576687,0.007454739084132056,0.003067484662576687,0.09904153354632587,0.07975460122699386
92,8,0,102,27,3,3,101,103,"101,102,103",934,161,120,34,0,0,17,3,14,2,82,27,0,0,0,0,0,0,0.018201284796573874,0.018633540372670808,0.014989293361884369,0.012422360248447204,0.08779443254817987,0.16770186335403728
92,8,0,103,28,3,3,102,104,"102,103,104",999,447,133,57,0,0,21,13,16,11,85,29,0,0,0,0,0,0,0.021021021021021023,0.029082774049217,0.016016016016016016,0.024608501118568233,0.08508508508508508,0.06487695749440715
92,8,0,104,29,3,2,103,104,"103,104",838,391,99,42,0,0,18,5,14,3,58,29,0,0,0,0,0,0,0.021479713603818614,0.01278772378516624,0.016706443914081145,0.0076726342710997444,0.06921241050119331,0.0741687979539642
92,8,1,75,0,3,2,75,76,"75,76",507,228,67,36,0,0,7,5,8,5,35,24,0,0,0,0,0,0,0.013806706114398421,0.021929824561403508,0.015779092702169626,0.021929824561403508,0.06903353057199212,0.10526315789473684
92,8,1,76,1,3,3,75,77,"75,76,77",747,279,119,31,0,0,13,2,23,3,60,11,0,0,0,0,0,0,0.01740294511378849,0.007168458781362007,0.030789825970548863,0.010752688172043012,0.08032128514056225,0.03942652329749104
92,8,1,77,2,3,2,76,77,"76,77",519,240,83,52,0,0,8,6,18,15,36,25,0,0,0,0,0,0,0.015414258188824663,0.025,0.03468208092485549,0.0625,0.06936416184971098,0.10416666666666667
92,8,1,81,6,3,2,81,82,"81,82",503,247,69,41,0,0,7,5,12,10,43,22,0,0,0,0,0,0,0.013916500994035786,0.020242914979757085,0.02385685884691849,0.04048582995951417,0.08548707753479125,0.08906882591093117
92,8,1,82,7,3,3,81,83,"81,82,83",573,256,78,28,0,0,7,2,12,2,51,21,0,0,0,0,0,0,0.012216404886561954,0.0078125,0.020942408376963352,0.0078125,0.08900523560209424,0.08203125
92,8,1,83,8,3,3,82,84,"82,83,84",599,70,83,9,0,0,11,0,12,0,51,8,0,0,0,0,0,0,0.018363939899833055,0.0,0.02003338898163606,0.0,0.08514190317195326,0.11428571428571428
92,8,1,84,9,3,3,83,85,"83,84,85",599,273,100,46,0,0,13,9,18,10,52,22,0,0,0,0,0,0,0.021702838063439065,0.03296703296703297,0.03005008347245409,0.03663003663003663,0.08681135225375626,0.08058608058608059
92,8,1,85,10,3,2,84,85,"84,85",529,256,91,45,0,0,13,4,18,8,44,22,0,0,0,0,0,0,0.024574669187145556,0.015625,0.034026465028355386,0.03125,0.0831758034026465,0.0859375
92,8,1,88,13,3,2,88,89,"88,89",319,127,30,6,0,0,3,1,4,1,14,1,0,0,0,0,0,0,0.009404388714733543,0.007874015748031496,0.012539184952978056,0.007874015748031496,0.0438871473354232,0.007874015748031496
92,8,1,89,14,3,3,88,90,"88,89,90",584,192,77,24,0,0,8,2,15,3,38,13,0,0,0,0,0,0,0.0136986301369863,0.010416666666666666,0.025684931506849314,0.015625,0.06506849315068493,0.06770833333333333
92,8,1,90,15,3,3,89,91,"89,90,91",745,265,113,47,0,0,13,5,24,11,62,24,0,0,0,0,0,0,0.0174496644295302,0.018867924528301886,0.032214765100671144,0.04150943396226415,0.08322147651006712,0.09056603773584905
92,8,1,91,16,3,3,90,92,"90,91,92",776,288,131,42,0,0,18,6,30,10,69,25,0,0,0,0,0,0,0.023195876288659795,0.020833333333333332,0.03865979381443299,0.034722222222222224,0.08891752577319588,0.08680555555555555
92,8,1,92,17,3,3,91,93,"91,92,93",775,223,117,42,0,0,15,7,21,9,70,20,0,0,0,0,0,0,0.01935483870967742,0.03139013452914798,0.027096774193548386,0.04035874439461883,0.09032258064516129,0.08968609865470852
92,8,1,93,18,3,3,92,94,"92,93,94",742,264,104,33,0,0,13,2,15,2,63,25,0,0,0,0,0,0,0.01752021563342318,0.007575757575757576,0.02021563342318059,0.007575757575757576,0.08490566037735849,0.0946969696969697
92,8,1,94,19,3,3,93,95,"93,94,95",534,255,65,29,0,0,7,4,7,4,43,18,0,0,0,0,0,0,0.013108614232209739,0.01568627450980392,0.013108614232209739,0.01568627450980392,0.08052434456928839,0.07058823529411765
92,8,1,95,20,3,3,94,96,"94,95,96",507,15,58,3,0,0,7,1,7,1,36,0,0,0,0,0,0,0,0.013806706114398421,0.06666666666666667,0.013806706114398421,0.06666666666666667,0.07100591715976332,0.0
92,8,1,96,21,3,3,95,97,"95,96,97",452,237,47,26,0,0,5,2,7,2,28,18,0,0,0,0,0,0,0.011061946902654867,0.008438818565400843,0.015486725663716814,0.008438818565400843,0.061946902654867256,0.0759493670886076
92,8,1,97,22,3,3,96,98,"96,97,98",714,200,72,18,0,0,6,2,9,4,48,10,0,0,0,0,0,0,0.008403361344537815,0.01,0.012605042016806723,0.02,0.06722689075630252,0.05
92,8,1,98,23,3,3,97,99,"97,98,99",718,277,79,28,0,0,7,2,12,3,50,20,0,0,0,0,0,0,0.009749303621169917,0.007220216606498195,0.016713091922005572,0.010830324909747292,0.06963788300835655,0.07220216606498195
92,8,1,99,24,3,3,98,100,"98,99,100",760,241,98,33,0,0,11,3,15,5,59,20,0,0,0,0,0,0,0.014473684210526316,0.012448132780082987,0.019736842105263157,0.02074688796680498,0.07763157894736843,0.08298755186721991
92,8,1,100,25,3,3,99,101,"99,100,101",730,242,92,37,0,0,11,6,14,7,50,19,0,0,0,0,0,0,0.015068493150684932,0.024793388429752067,0.019178082191780823,0.028925619834710745,0.0684931506849315,0.07851239669421488
92,8,1,101,26,3,3,100,102,"100,101,102",581,247,74,22,0,0,8,2,10,2,42,11,0,0,0,0,0,0,0.013769363166953529,0.008097165991902834,0.01721170395869191,0.008097165991902834,0.07228915662650602,0.044534412955465584
92,8,1,102,27,3,3,101,103,"101,102,103",601,92,74,15,0,0,4,0,7,1,44,12,0,0,0,0,0,0,0.0066555740432612314,0.0,0.011647254575707155,0.010869565217391304,0.07321131447587355,0.13043478260869565
92,8,1,103,28,3,3,102,104,"102,103,104",621,262,88,37,0,0,6,2,11,4,55,21,0,0,0,0,0,0,0.00966183574879227,0.007633587786259542,0.017713365539452495,0.015267175572519083,0.08856682769726248,0.08015267175572519
92,8,1,104,29,3,2,103,104,"103,104",529,267,73,36,0,0,6,4,10,6,43,22,0,0,0,0,0,0,0.011342155009451797,0.0149812734082397,0.01890359168241966,0.02247191011235955,0.08128544423440454,0.08239700374531835
93,7,0,28,-27,3,2,28,29,"28,29",838,439,172,102,0,0,27,18,24,15,97,54,0,0,0,0,0,0,0.032219570405727926,0.04100227790432802,0.028639618138424822,0.03416856492027335,0.11575178997613365,0.12300683371298406
93,7,0,29,-26,3,3,28,30,"28,29,30",1276,399,232,70,0,0,32,9,28,9,141,43,0,0,0,0,0,0,0.025078369905956112,0.022556390977443608,0.0219435736677116,0.022556390977443608,0.11050156739811912,0.10776942355889724
93,7,0,30,-25,3,3,29,31,"29,30,31",1235,438,192,60,0,0,28,5,24,4,118,44,0,0,0,0,0,0,0.022672064777327937,0.01141552511415525,0.019433198380566803,0.0091324200913242,0.09554655870445344,0.1004566210045662
93,7,0,31,-24,3,3,30,32,"30,31,32",1182,398,165,62,0,0,27,14,22,11,97,31,0,0,0,0,0,0,0.02284263959390863,0.035175879396984924,0.018612521150592216,0.02763819095477387,0.08206429780033841,0.07788944723618091
93,7,0,32,-23,3,3,31,33,"31,32,33",1170,346,178,43,0,0,31,8,26,7,101,22,0,0,0,0,0,0,0.026495726495726495,0.023121387283236993,0.022222222222222223,0.02023121387283237,0.08632478632478632,0.06358381502890173
93,7,0,33,-22,3,3,32,34,"32,33,34",1208,426,186,73,0,0,28,9,24,8,117,48,0,0,0,0,0,0,0.023178807947019868,0.02112676056338028,0.019867549668874173,0.018779342723004695,0.09685430463576158,0.11267605633802817
93,7,0,34,-21,3,3,33,35,"33,34,35",1294,436,233,70,0,0,37,11,33,9,141,47,0,0,0,0,0,0,0.0285935085007728,0.02522935779816514,0.025502318392581144,0.020642201834862386,0.10896445131375579,0.10779816513761468
93,7,0,35,-20,3,3,34,36,"34,35,36",1361,432,233,90,0,0,40,17,36,16,131,46,0,0,0,0,0,0,0.029390154298310066,0.03935185185185185,0.02645113886847906,0.037037037037037035,0.09625275532696546,0.10648148148148148
93,7,0,36,-19,3,3,35,37,"35,36,37",1356,493,239,73,0,0,43,12,40,11,127,38,0,0,0,0,0,0,0.03171091445427729,0.02434077079107505,0.029498525073746312,0.02231237322515213,0.09365781710914454,0.07707910750507099
93,7,0,37,-18,3,3,36,38,"36,37,38",1364,431,210,76,0,0,32,14,28,13,119,43,0,0,0,0,0,0,0.02346041055718475,0.03248259860788863,0.020527859237536656,0.030162412993039442,0.0872434017595308,0.09976798143851508
93,7,0,38,-17,3,3,37,39,"37,38,39",1203,440,195,61,0,0,27,6,23,4,122,38,0,0,0,0,0,0,0.022443890274314215,0.013636363636363636,0.019118869492934332,0.00909090909090909,0.10141313383208644,0.08636363636363636
93,7,0,39,-16,3,3,38,40,"38,39,40",1216,332,217,58,0,0,28,7,22,6,135,41,0,0,0,0,0,0,0.023026315789473683,0.02108433734939759,0.018092105263157895,0.018072289156626505,0.11101973684210527,0.12349397590361445
93,7,0,40,-15,3,3,39,41,"39,40,41",1088,444,210,98,0,0,31,15,26,12,129,56,0,0,0,0,0,0,0.02849264705882353,0.033783783783783786,0.02389705882352941,0.02702702702702703,0.11856617647058823,0.12612612612612611
93,7,0,41,-14,3,3,40,42,"40,41,42",1197,312,285,54,0,0,54,9,41,8,148,32,0,0,0,0,0,0,0.045112781954887216,0.028846153846153848,0.034252297410192145,0.02564102564102564,0.12364243943191311,0.10256410256410256
93,7,0,42,-13,3,3,41,43,"41,42,43",1196,441,283,133,0,0,55,30,42,21,153,60,0,0,0,0,0,0,0.04598662207357859,0.06802721088435375,0.03511705685618729,0.047619047619047616,0.12792642140468227,0.1360544217687075
93,7,0,43,-12,3,3,42,44,"42,43,44",1343,443,306,96,0,0,58,16,44,13,171,61,0,0,0,0,0,0,0.04318689501116903,0.03611738148984198,0.03276247207743857,0.029345372460496615,0.12732688011913626,0.13769751693002258
93,7,0,44,-11,3,3,43,45,"43,44,45",1220,459,226,77,0,0,37,12,30,10,143,50,0,0,0,0,0,0,0.030327868852459017,0.026143790849673203,0.02459016393442623,0.02178649237472767,0.11721311475409836,0.10893246187363835
93,7,0,45,-10,3,3,44,46,"44,45,46",1217,318,203,53,0,0,35,9,30,7,118,32,0,0,0,0,0,0,0.02875924404272802,0.02830188679245283,0.024650780608052588,0.0220125786163522,0.09695973705834018,0.10062893081761007
93,7,0,46,-9,3,3,45,47,"45,46,47",1108,440,182,73,0,0,31,14,28,13,101,36,0,0,0,0,0,0,0.027978339350180504,0.031818181818181815,0.02527075812274368,0.029545454545454545,0.09115523465703972,0.08181818181818182
93,7,0,47,-8,3,3,46,48,"46,47,48",1204,350,225,56,0,0,40,8,37,8,119,33,0,0,0,0,0,0,0.03322259136212625,0.022857142857142857,0.030730897009966777,0.022857142857142857,0.09883720930232558,0.09428571428571429
93,7,0,48,-7,3,3,47,49,"47,48,49",1217,414,227,96,0,0,37,18,34,16,127,50,0,0,0,0,0,0,0.030402629416598194,0.043478260869565216,0.027937551355792935,0.03864734299516908,0.10435497124075596,0.12077294685990338
93,7,0,49,-6,3,3,48,50,"48,49,50",1359,453,227,75,0,0,36,11,31,10,136,44,0,0,0,0,0,0,0.026490066225165563,0.024282560706401765,0.022810890360559236,0.02207505518763797,0.10007358351729213,0.09713024282560706
93,7,0,50,-5,3,3,49,51,"49,50,51",1426,492,183,56,0,0,25,7,21,5,117,42,0,0,0,0,0,0,0.01753155680224404,0.014227642276422764,0.014726507713884993,0.01016260162601626,0.0820476858345021,0.08536585365853659
93,7,0,51,-4,3,3,50,52,"50,51,52",1444,481,164,52,0,0,22,7,16,6,105,31,0,0,0,0,0,0,0.015235457063711912,0.014553014553014554,0.0110803324099723,0.012474012474012475,0.07271468144044321,0.06444906444906445
93,7,0,52,-3,3,3,51,53,"51,52,53",1416,471,170,56,0,0,28,8,22,5,96,32,0,0,0,0,0,0,0.01977401129943503,0.016985138004246284,0.015536723163841809,0.010615711252653927,0.06779661016949153,0.06794055201698514
93,7,0,53,-2,3,3,52,54,"52,53,54",1437,464,167,62,0,0,28,13,23,11,100,33,0,0,0,0,0,0,0.019485038274182326,0.028017241379310345,0.016005567153792623,0.023706896551724137,0.06958942240779402,0.07112068965517242
93,7,0,54,-1,3,2,53,54,"53,54",966,502,111,49,0,0,20,7,18,7,68,35,0,0,0,0,0,0,0.020703933747412008,0.013944223107569721,0.018633540372670808,0.013944223107569721,0.07039337474120083,0.0697211155378486
93,7,1,28,-27,3,2,28,29,"28,29",449,220,118,53,0,0,19,5,22,8,53,26,0,0,0,0,0,0,0.042316258351893093,0.022727272727272728,0.04899777282850779,0.03636363636363636,0.11804008908685969,0.11818181818181818
93,7,1,29,-26,3,3,28,30,"28,29,30",663,229,166,65,0,0,32,14,36,14,71,27,0,0,0,0,0,0,0.048265460030165915,0.0611353711790393,0.05429864253393665,0.0611353711790393,0.10708898944193061,0.11790393013100436
93,7,1,30,-25,3,3,29,31,"29,30,31",671,214,159,48,0,0,34,13,38,14,64,18,0,0,0,0,0,0,0.05067064083457526,0.06074766355140187,0.05663189269746647,0.06542056074766354,0.09538002980625931,0.08411214953271028
93,7,1,31,-24,3,3,30,32,"30,31,32",634,228,132,46,0,0,27,7,32,10,57,19,0,0,0,0,0,0,0.04258675078864353,0.03070175438596491,0.050473186119873815,0.043859649122807015,0.08990536277602523,0.08333333333333333
93,7,1,32,-23,3,3,31,33,"31,32,33",665,192,134,38,0,0,24,7,29,8,59,20,0,0,0,0,0,0,0.03609022556390978,0.036458333333333336,0.04360902255639098,0.041666666666666664,0.0887218045112782,0.10416666666666667
93,7,1,33,-22,3,3,32,34,"32,33,34",670,245,137,50,0,0,24,10,28,11,62,20,0,0,0,0,0,0,0.03582089552238806,0.04081632653061224,0.041791044776119404,0.044897959183673466,0.09253731343283582,0.08163265306122448
93,7,1,34,-21,3,3,33,35,"33,34,35",716,233,157,49,0,0,26,7,30,9,72,22,0,0,0,0,0,0,0.036312849162011177,0.030042918454935622,0.04189944134078212,0.03862660944206009,0.1005586592178771,0.0944206008583691
93,7,1,35,-20,3,3,34,36,"34,35,36",660,238,137,58,0,0,18,9,22,10,71,30,0,0,0,0,0,0,0.02727272727272727,0.037815126050420166,0.03333333333333333,0.04201680672268908,0.10757575757575757,0.12605042016806722
93,7,1,36,-19,3,3,35,37,"35,36,37",656,189,136,30,0,0,19,2,22,3,73,19,0,0,0,0,0,0,0.028963414634146343,0.010582010582010581,0.03353658536585366,0.015873015873015872,0.11128048780487805,0.10052910052910052
93,7,1,37,-18,3,3,36,38,"36,37,38",631,229,113,48,0,0,15,8,19,9,62,24,0,0,0,0,0,0,0.02377179080824089,0.034934497816593885,0.030110935023771792,0.039301310043668124,0.098256735340729,0.10480349344978165
93,7,1,38,-17,3,3,37,39,"37,38,39",662,213,135,35,0,0,21,5,25,7,67,19,0,0,0,0,0,0,0.03172205438066465,0.023474178403755867,0.0377643504531722,0.03286384976525822,0.10120845921450151,0.0892018779342723
93,7,1,39,-16,3,3,38,40,"38,39,40",660,220,148,52,0,0,24,8,30,9,68,24,0,0,0,0,0,0,0.03636363636363636,0.03636363636363636,0.045454545454545456,0.04090909090909091,0.10303030303030303,0.10909090909090909
93,7,1,40,-15,3,3,39,41,"39,40,41",627,227,158,61,0,0,30,11,35,14,62,25,0,0,0,0,0,0,0.04784688995215311,0.048458149779735685,0.05582137161084529,0.06167400881057269,0.09888357256778309,0.11013215859030837
93,7,1,41,-14,3,3,40,42,"40,41,42",657,180,205,45,0,0,44,11,57,12,56,13,0,0,0,0,0,0,0.0669710806697108,0.06111111111111111,0.0867579908675799,0.06666666666666667,0.0852359208523592,0.07222222222222222
93,7,1,42,-13,3,3,41,43,"41,42,43",656,250,207,99,0,0,45,22,58,31,63,18,0,0,0,0,0,0,0.06859756097560976,0.088,0.08841463414634146,0.124,0.09603658536585366,0.072
93,7,1,43,-12,3,3,42,44,"42,43,44",733,226,213,63,0,0,41,12,55,15,82,32,0,0,0,0,0,0,0.05593451568894952,0.05309734513274336,0.07503410641200546,0.06637168141592921,0.11186903137789904,0.1415929203539823
93,7,1,44,-11,3,3,43,45,"43,44,45",673,257,149,51,0,0,27,7,34,9,75,32,0,0,0,0,0,0,0.04011887072808321,0.027237354085603113,0.05052005943536404,0.03501945525291829,0.11144130757800892,0.1245136186770428
93,7,1,45,-10,3,3,44,46,"44,45,46",710,190,157,35,0,0,30,8,35,10,78,11,0,0,0,0,0,0,0.04225352112676056,0.042105263157894736,0.04929577464788732,0.05263157894736842,0.10985915492957747,0.05789473684210526
93,7,1,46,-9,3,3,45,47,"45,46,47",652,263,159,71,0,0,34,15,37,16,69,35,0,0,0,0,0,0,0.05214723926380368,0.057034220532319393,0.05674846625766871,0.060836501901140684,0.1058282208588957,0.13307984790874525
93,7,1,47,-8,3,3,46,48,"46,47,48",702,199,198,53,0,0,40,11,43,11,89,23,0,0,0,0,0,0,0.05698005698005698,0.05527638190954774,0.06125356125356125,0.05527638190954774,0.1267806267806268,0.11557788944723618
93,7,1,48,-7,3,3,47,49,"47,48,49",676,240,176,74,0,0,33,14,36,16,81,31,0,0,0,0,0,0,0.04881656804733728,0.058333333333333334,0.05325443786982249,0.06666666666666667,0.11982248520710059,0.12916666666666668
93,7,1,49,-6,3,3,48,50,"48,49,50",690,237,165,49,0,0,29,8,34,9,79,27,0,0,0,0,0,0,0.042028985507246375,0.03375527426160337,0.04927536231884058,0.0379746835443038,0.1144927536231884,0.11392405063291139
93,7,1,50,-5,3,3,49,51,"49,50,51",683,213,114,42,0,0,16,7,20,9,65,21,0,0,0,0,0,0,0.02342606149341142,0.03286384976525822,0.029282576866764276,0.04225352112676056,0.0951683748169839,0.09859154929577464
93,7,1,51,-4,3,3,50,52,"50,51,52",673,233,102,23,0,0,15,1,21,2,55,17,0,0,0,0,0,0,0.022288261515601784,0.004291845493562232,0.031203566121842496,0.008583690987124463,0.08172362555720654,0.07296137339055794
93,7,1,52,-3,3,3,51,53,"51,52,53",697,227,114,37,0,0,16,7,22,10,66,17,0,0,0,0,0,0,0.02295552367288379,0.030837004405286344,0.03156384505021521,0.04405286343612335,0.09469153515064563,0.07488986784140969
93,7,1,53,-2,3,3,52,54,"52,53,54",707,237,131,54,0,0,21,8,26,10,70,32,0,0,0,0,0,0,0.0297029702970297,0.03375527426160337,0.036775106082036775,0.04219409282700422,0.09900990099009901,0.1350210970464135
93,7,1,54,-1,3,2,53,54,"53,54",480,243,94,40,0,0,14,6,16,6,53,21,0,0,0,0,0,0,0.029166666666666667,0.024691358024691357,0.03333333333333333,0.024691358024691357,0.11041666666666666,0.08641975308641975
93,8,0,55,0,3,2,55,56,"55,56",753,368,86,47,0,0,13,7,7,4,52,26,0,0,0,0,0,0,0.017264276228419653,0.019021739130434784,0.009296148738379814,0.010869565217391304,0.06905710491367861,0.07065217391304347
93,8,0,56,1,3,3,55,57,"55,56,57",1068,385,128,39,0,0,18,6,7,3,83,26,0,0,0,0,0,0,0.016853932584269662,0.015584415584415584,0.006554307116104869,0.007792207792207792,0.07771535580524344,0.06753246753246753
93,8,0,57,2,3,3,56,58,"56,57,58",991,315,120,42,0,0,18,5,8,0,73,31,0,0,0,0,0,0,0.018163471241170535,0.015873015873015872,0.008072653884964682,0.0,0.07366296670030273,0.09841269841269841
93,8,0,58,3,3,3,57,59,"57,58,59",1061,291,127,39,0,0,16,7,7,5,80,16,0,0,0,0,0,0,0.015080113100848256,0.024054982817869417,0.006597549481621112,0.01718213058419244,0.07540056550424128,0.054982817869415807
93,8,0,59,4,3,3,58,60,"58,59,60",1257,455,157,46,0,0,23,4,14,2,93,33,0,0,0,0,0,0,0.018297533810660304,0.008791208791208791,0.011137629276054098,0.004395604395604396,0.07398568019093078,0.07252747252747253
93,8,0,60,5,3,3,59,61,"59,60,61",1314,511,135,72,0,0,16,12,9,7,88,44,0,0,0,0,0,0,0.0121765601217656,0.023483365949119372,0.00684931506849315,0.0136986301369863,0.0669710806697108,0.08610567514677103
93,8,0,61,6,3,3,60,62,"60,61,62",1196,348,128,17,0,0,14,0,8,0,80,11,0,0,0,0,0,0,0.011705685618729096,0.0,0.006688963210702341,0.0,0.06688963210702341,0.031609195402298854
93,8,0,62,7,3,3,61,63,"61,62,63",1169,337,105,39,0,0,12,2,9,1,65,25,0,0,0,0,0,0,0.010265183917878529,0.005934718100890208,0.007698887938408896,0.002967359050445104,0.055603079555175364,0.07418397626112759
93,8,0,63,8,3,3,62,64,"62,63,64",1248,484,143,49,0,0,21,10,14,8,92,29,0,0,0,0,0,0,0.016826923076923076,0.02066115702479339,0.011217948717948718,0.01652892561983471,0.07371794871794872,0.05991735537190083
93,8,0,64,9,3,3,63,65,"63,64,65",1352,427,171,55,0,0,32,9,23,5,104,38,0,0,0,0,0,0,0.023668639053254437,0.02107728337236534,0.017011834319526627,0.0117096018735363,0.07692307692307693,0.08899297423887588
93,8,0,65,10,3,3,64,66,"64,65,66",1176,441,165,67,0,0,28,13,18,10,104,37,0,0,0,0,0,0,0.023809523809523808,0.02947845804988662,0.015306122448979591,0.022675736961451247,0.08843537414965986,0.08390022675736962
93,8,0,66,11,3,3,65,67,"65,66,67",1087,308,160,43,0,0,27,6,18,3,99,29,0,0,0,0,0,0,0.02483900643974241,0.01948051948051948,0.01655933762649494,0.00974025974025974,0.09107635694572216,0.09415584415584416
93,8,0,67,12,3,3,66,68,"66,67,68",1070,338,147,50,0,0,21,8,13,5,100,33,0,0,0,0,0,0,0.019626168224299065,0.023668639053254437,0.012149532710280374,0.014792899408284023,0.09345794392523364,0.09763313609467456
93,8,0,68,13,3,3,67,69,"67,68,69",1181,424,160,54,0,0,25,7,14,5,107,38,0,0,0,0,0,0,0.021168501270110076,0.01650943396226415,0.011854360711261643,0.01179245283018868,0.09060118543607112,0.08962264150943396
93,8,0,69,14,3,3,68,70,"68,69,70",1350,419,169,56,0,0,25,10,14,4,115,36,0,0,0,0,0,0,0.018518518518518517,0.02386634844868735,0.01037037037037037,0.00954653937947494,0.08518518518518518,0.08591885441527446
93,8,0,70,15,3,3,69,71,"69,70,71",1438,507,172,59,0,0,26,8,15,5,115,41,0,0,0,0,0,0,0.01808066759388039,0.015779092702169626,0.01043115438108484,0.009861932938856016,0.0799721835883171,0.08086785009861933
93,8,0,71,16,3,3,70,72,"70,71,72",1421,512,183,57,0,0,22,8,15,6,131,38,0,0,0,0,0,0,0.015482054890921885,0.015625,0.01055594651653765,0.01171875,0.09218859957776214,0.07421875
93,8,0,72,17,3,3,71,73,"71,72,73",1346,402,169,67,0,0,19,6,14,4,125,52,0,0,0,0,0,0,0.01411589895988113,0.014925373134328358,0.010401188707280832,0.009950248756218905,0.09286775631500743,0.12935323383084577
93,8,0,73,18,3,3,72,74,"72,73,74",1209,432,167,45,0,0,17,5,13,4,129,35,0,0,0,0,0,0,0.014061207609594707,0.011574074074074073,0.010752688172043012,0.009259259259259259,0.10669975186104218,0.08101851851851852
93,8,0,74,19,3,3,73,75,"73,74,75",1243,375,143,55,0,0,18,6,13,5,109,42,0,0,0,0,0,0,0.014481094127111826,0.016,0.010458567980691875,0.013333333333333334,0.08769106999195495,0.112
93,8,0,75,20,3,3,74,76,"74,75,76",1270,436,174,43,0,0,24,7,16,4,130,32,0,0,0,0,0,0,0.01889763779527559,0.016055045871559634,0.012598425196850394,0.009174311926605505,0.10236220472440945,0.07339449541284404
93,8,0,76,21,3,3,75,77,"75,76,77",1304,459,160,76,0,0,28,11,17,7,108,56,0,0,0,0,0,0,0.02147239263803681,0.023965141612200435,0.01303680981595092,0.015250544662309368,0.08282208588957055,0.12200435729847495
93,8,0,77,22,3,3,76,78,"76,77,78",1299,409,167,41,0,0,31,10,17,6,107,20,0,0,0,0,0,0,0.02386451116243264,0.02444987775061125,0.01308698999230177,0.014669926650366748,0.08237105465742879,0.0488997555012225
93,8,0,78,23,3,3,77,79,"77,78,79",1246,431,187,50,0,0,40,10,22,4,108,31,0,0,0,0,0,0,0.03210272873194221,0.02320185614849188,0.01765650080256822,0.009280742459396751,0.08667736757624397,0.07192575406032482
93,8,0,79,24,3,3,78,80,"78,79,80",1322,406,245,96,0,0,46,20,29,12,148,57,0,0,0,0,0,0,0.03479576399394856,0.04926108374384237,0.02193645990922844,0.029556650246305417,0.11195158850226929,0.14039408866995073
93,8,0,80,25,3,3,79,81,"79,80,81",1297,485,253,99,0,0,42,16,29,13,161,60,0,0,0,0,0,0,0.03238242097147263,0.032989690721649485,0.02235929067077872,0.026804123711340205,0.12413261372397841,0.12371134020618557
93,8,0,81,26,3,3,80,82,"80,81,82",1262,406,193,58,0,0,24,6,19,4,133,44,0,0,0,0,0,0,0.01901743264659271,0.014778325123152709,0.015055467511885896,0.009852216748768473,0.10538827258320127,0.10837438423645321
93,8,0,82,27,3,2,81,82,"81,82",777,371,94,36,0,0,8,2,6,2,73,29,0,0,0,0,0,0,0.010296010296010296,0.005390835579514825,0.007722007722007722,0.005390835579514825,0.09395109395109395,0.07816711590296496
93,8,1,55,0,3,2,55,56,"55,56",427,199,68,36,0,0,11,5,17,8,30,18,0,0,0,0,0,0,0.02576112412177986,0.02512562814070352,0.03981264637002342,0.04020100502512563,0.0702576112412178,0.09045226130653267
93,8,1,56,1,3,3,55,57,"55,56,57",626,228,106,32,1,0,14,6,25,9,53,12,0,0,0,0,0,0,0.022364217252396165,0.02631578947368421,0.039936102236421724,0.039473684210526314,0.08466453674121406,0.05263157894736842
93,8,1,57,2,3,3,56,58,"56,57,58",581,199,96,38,1,1,13,3,23,8,46,23,0,0,0,0,0,0,0.022375215146299483,0.01507537688442211,0.039586919104991396,0.04020100502512563,0.07917383820998279,0.11557788944723618
93,8,1,58,3,3,3,57,59,"57,58,59",614,154,99,26,1,0,13,4,22,6,50,11,0,0,0,0,0,0,0.021172638436482084,0.025974025974025976,0.035830618892508145,0.03896103896103896,0.08143322475570032,0.07142857142857142
93,8,1,59,4,3,3,58,60,"58,59,60",697,261,121,35,0,0,21,6,30,8,54,16,0,0,0,0,0,0,0.03012912482065997,0.022988505747126436,0.043041606886657105,0.03065134099616858,0.07747489239598278,0.06130268199233716
93,8,1,60,5,3,3,59,61,"59,60,61",765,282,120,60,0,0,21,11,28,16,52,27,0,0,0,0,0,0,0.027450980392156862,0.03900709219858156,0.036601307189542485,0.05673758865248227,0.06797385620915032,0.09574468085106383
93,8,1,61,6,3,3,60,62,"60,61,62",726,222,108,25,0,0,15,4,21,4,47,9,0,0,0,0,0,0,0.02066115702479339,0.018018018018018018,0.028925619834710745,0.018018018018018018,0.06473829201101929,0.04054054054054054
93,8,1,62,7,3,3,61,63,"61,62,63",689,222,91,23,0,0,10,0,13,1,40,11,0,0,0,0,0,0,0.01451378809869376,0.0,0.018867924528301886,0.0045045045045045045,0.05805515239477504,0.04954954954954955
93,8,1,63,8,3,3,62,64,"62,63,64",732,245,123,43,0,0,17,6,24,8,51,20,0,0,0,0,0,0,0.023224043715846996,0.024489795918367346,0.03278688524590164,0.0326530612244898,0.06967213114754098,0.08163265306122448
93,8,1,64,9,3,3,63,65,"63,64,65",731,265,134,57,0,0,19,11,28,15,60,20,0,0,0,0,0,0,0.025991792065663474,0.04150943396226415,0.038303693570451436,0.05660377358490566,0.08207934336525308,0.07547169811320754
93,8,1,65,10,3,3,64,66,"64,65,66",689,221,147,34,1,0,24,2,34,5,52,20,0,0,0,0,0,0,0.03483309143686502,0.00904977375565611,0.04934687953555878,0.02262443438914027,0.07547169811320754,0.09049773755656108
93,8,1,66,11,3,3,65,67,"65,66,67",628,203,150,56,1,1,28,11,37,14,53,12,0,0,0,0,0,0,0.044585987261146494,0.054187192118226604,0.0589171974522293,0.06896551724137931,0.08439490445859872,0.059113300492610835
93,8,1,67,12,3,3,66,68,"66,67,68",704,204,168,60,1,0,34,15,42,18,58,21,0,0,0,0,0,0,0.048295454545454544,0.07352941176470588,0.05965909090909091,0.08823529411764706,0.08238636363636363,0.10294117647058823
93,8,1,68,13,3,3,67,69,"67,68,69",781,297,179,52,0,0,32,8,43,10,77,25,0,0,0,0,0,0,0.040973111395646605,0.026936026936026935,0.05505761843790013,0.03367003367003367,0.09859154929577464,0.08417508417508418
93,8,1,69,14,3,3,68,70,"68,69,70",860,280,178,67,0,0,31,9,42,15,76,31,0,0,0,0,0,0,0.03604651162790698,0.03214285714285714,0.04883720930232558,0.05357142857142857,0.08837209302325581,0.11071428571428571
93,8,1,70,15,3,3,69,71,"69,70,71",840,283,190,59,0,0,33,14,44,17,84,20,0,0,0,0,0,0,0.039285714285714285,0.04946996466431095,0.05238095238095238,0.06007067137809187,0.1,0.0706713780918728
93,8,1,71,16,3,3,70,72,"70,71,72",839,277,201,64,0,0,37,10,44,12,86,33,0,0,0,0,0,0,0.04410011918951132,0.036101083032490974,0.052443384982121574,0.04332129963898917,0.10250297973778308,0.11913357400722022
93,8,1,72,17,3,3,71,73,"71,72,73",788,279,190,78,0,0,33,13,38,15,85,33,0,0,0,0,0,0,0.04187817258883249,0.04659498207885305,0.048223350253807105,0.053763440860215055,0.10786802030456853,0.11827956989247312
93,8,1,73,18,3,3,72,74,"72,73,74",758,232,188,48,0,0,32,10,36,11,83,19,0,0,0,0,0,0,0.04221635883905013,0.04310344827586207,0.047493403693931395,0.04741379310344827,0.10949868073878628,0.08189655172413793
93,8,1,74,19,3,3,73,75,"73,74,75",753,247,167,62,0,0,24,9,29,10,85,31,0,0,0,0,0,0,0.03187250996015936,0.03643724696356275,0.03851261620185923,0.04048582995951417,0.11288180610889774,0.12550607287449392
93,8,1,75,20,3,3,74,76,"74,75,76",803,274,202,57,0,0,31,5,39,8,98,35,0,0,0,0,0,0,0.038605230386052306,0.01824817518248175,0.048567870485678705,0.029197080291970802,0.12204234122042341,0.12773722627737227
93,8,1,76,21,3,3,75,77,"75,76,77",864,282,194,83,0,0,32,17,43,21,88,32,0,0,0,0,0,0,0.037037037037037035,0.06028368794326241,0.04976851851851852,0.07446808510638298,0.10185185185185185,0.11347517730496454
93,8,1,77,22,3,3,76,78,"76,77,78",861,308,196,54,0,0,35,10,49,14,82,21,0,0,0,0,0,0,0.04065040650406504,0.032467532467532464,0.056910569105691054,0.045454545454545456,0.09523809523809523,0.06818181818181818
93,8,1,78,23,3,3,77,79,"77,78,79",858,271,200,59,0,0,30,8,48,14,90,29,0,0,0,0,0,0,0.03496503496503497,0.02952029520295203,0.055944055944055944,0.05166051660516605,0.1048951048951049,0.1070110701107011
93,8,1,79,24,3,3,78,80,"78,79,80",800,279,214,87,0,0,32,12,49,20,96,40,0,0,0,0,0,0,0.04,0.043010752688172046,0.06125,0.07168458781362007,0.12,0.14336917562724014
93,8,1,80,25,3,3,79,81,"79,80,81",805,250,227,68,0,0,35,12,48,15,104,27,0,0,0,0,0,0,0.043478260869565216,0.048,0.05962732919254658,0.06,0.12919254658385093,0.108
93,8,1,81,26,3,3,80,82,"80,81,82",763,276,177,72,0,0,28,11,33,13,83,37,0,0,0,0,0,0,0.03669724770642202,0.03985507246376811,0.04325032765399738,0.04710144927536232,0.10878112712975098,0.13405797101449277
93,8,1,82,27,3,2,81,82,"81,82",513,237,109,37,0,0,16,5,18,5,56,19,0,0,0,0,0,0,0.031189083820662766,0.02109704641350211,0.03508771929824561,0.02109704641350211,0.10916179337231968,0.08016877637130802
98,7,0,28,-20,3,2,28,29,"28,29",893,410,142,55,0,0,25,13,19,10,87,27,0,0,0,0,0,0,0.027995520716685332,0.03170731707317073,0.02127659574468085,0.024390243902439025,0.09742441209406495,0.06585365853658537
98,7,0,29,-19,3,3,28,30,"28,29,30",1399,483,212,87,0,0,33,12,26,9,134,60,0,0,0,0,0,0,0.023588277340957826,0.024844720496894408,0.01858470335954253,0.018633540372670808,0.09578270192994996,0.12422360248447205
98,7,0,30,-18,3,3,29,31,"29,30,31",1256,506,192,70,0,0,21,8,17,7,138,47,0,0,0,0,0,0,0.016719745222929936,0.015810276679841896,0.013535031847133758,0.01383399209486166,0.10987261146496816,0.09288537549407115
98,7,0,31,-17,3,3,30,32,"30,31,32",1272,267,171,35,0,0,21,1,17,1,121,31,0,0,0,0,0,0,0.01650943396226415,0.003745318352059925,0.013364779874213837,0.003745318352059925,0.09512578616352202,0.11610486891385768
98,7,0,32,-16,3,3,31,33,"31,32,33",1154,499,149,66,0,0,21,12,16,9,103,43,0,0,0,0,0,0,0.018197573656845753,0.02404809619238477,0.01386481802426343,0.018036072144288578,0.08925476603119584,0.08617234468937876
98,7,0,33,-15,3,3,32,34,"32,33,34",1358,388,264,48,0,0,50,8,43,6,151,29,0,0,0,0,0,0,0.036818851251840944,0.020618556701030927,0.03166421207658321,0.015463917525773196,0.11119293078055964,0.07474226804123711
98,7,0,34,-14,3,3,33,35,"33,34,35",1425,471,318,150,0,0,54,30,47,28,194,79,0,0,0,0,0,0,0.037894736842105266,0.06369426751592357,0.03298245614035088,0.059447983014861996,0.13614035087719298,0.16772823779193205
98,7,0,35,-13,3,3,34,36,"34,35,36",1577,566,336,120,0,0,53,16,47,13,216,86,0,0,0,0,0,0,0.033608116677235254,0.028268551236749116,0.029803424223208624,0.022968197879858657,0.13696892834495877,0.1519434628975265
98,7,0,36,-12,3,3,35,37,"35,36,37",1625,540,249,66,0,0,30,7,26,6,181,51,0,0,0,0,0,0,0.018461538461538463,0.012962962962962963,0.016,0.011111111111111112,0.11138461538461539,0.09444444444444444
98,7,0,37,-11,3,3,36,38,"36,37,38",1550,519,185,63,0,0,21,7,20,7,132,44,0,0,0,0,0,0,0.013548387096774193,0.01348747591522158,0.012903225806451613,0.01348747591522158,0.08516129032258064,0.08477842003853564
98,7,0,38,-10,3,3,37,39,"37,38,39",1386,491,197,56,0,0,28,7,26,7,123,37,0,0,0,0,0,0,0.020202020202020204,0.014256619144602852,0.01875901875901876,0.014256619144602852,0.08874458874458875,0.07535641547861507
98,7,0,39,-9,3,3,38,40,"38,39,40",1404,376,259,78,0,0,46,14,41,12,145,42,0,0,0,0,0,0,0.03276353276353276,0.03723404255319149,0.0292022792022792,0.031914893617021274,0.10327635327635327,0.11170212765957446
98,7,0,40,-8,3,3,39,41,"39,40,41",1405,537,325,125,0,0,57,25,49,22,185,66,0,0,0,0,0,0,0.040569395017793594,0.04655493482309125,0.034875444839857654,0.040968342644320296,0.13167259786476868,0.12290502793296089
98,7,0,41,-7,3,3,40,42,"40,41,42",1540,492,327,122,0,0,59,18,51,15,185,77,0,0,0,0,0,0,0.03831168831168831,0.036585365853658534,0.033116883116883114,0.03048780487804878,0.12012987012987013,0.1565040650406504
98,7,0,42,-6,3,3,41,43,"41,42,43",1530,511,276,80,0,0,47,16,40,14,167,42,0,0,0,0,0,0,0.03071895424836601,0.03131115459882583,0.026143790849673203,0.0273972602739726,0.10915032679738562,0.0821917808219178
98,7,0,43,-5,3,3,42,44,"42,43,44",1589,527,239,74,0,0,40,13,34,11,145,48,0,0,0,0,0,0,0.025173064820641914,0.024667931688804556,0.021397105097545627,0.020872865275142316,0.09125235997482693,0.09108159392789374
98,7,0,44,-4,3,3,43,45,"43,44,45",1656,551,263,85,0,0,44,11,38,9,160,55,0,0,0,0,0,0,0.026570048309178744,0.019963702359346643,0.022946859903381644,0.016333938294010888,0.0966183574879227,0.0998185117967332
98,7,0,45,-3,3,3,44,46,"44,45,46",1720,578,269,104,0,0,40,20,34,18,172,57,0,0,0,0,0,0,0.023255813953488372,0.03460207612456748,0.019767441860465116,0.031141868512110725,0.1,0.0986159169550173
98,7,0,46,-2,3,3,45,47,"45,46,47",1696,591,239,80,0,0,34,9,30,7,153,60,0,0,0,0,0,0,0.020047169811320754,0.015228426395939087,0.01768867924528302,0.011844331641285956,0.0902122641509434,0.10152284263959391
98,7,0,47,-1,3,2,46,47,"46,47",1118,527,135,55,0,0,14,5,12,5,96,36,0,0,0,0,0,0,0.012522361359570662,0.009487666034155597,0.01073345259391771,0.009487666034155597,0.08586762075134168,0.0683111954459203
98,7,1,28,-20,3,2,28,29,"28,29",468,225,84,36,0,0,13,6,19,9,44,18,0,0,0,0,0,0,0.027777777777777776,0.02666666666666667,0.0405982905982906,0.04,0.09401709401709402,0.08
98,7,1,29,-19,3,3,28,30,"28,29,30",696,243,115,48,0,0,15,7,22,10,67,26,0,0,0,0,0,0,0.021551724137931036,0.02880658436213992,0.031609195402298854,0.0411522633744856,0.09626436781609195,0.10699588477366255
98,7,1,30,-18,3,3,29,31,"29,30,31",674,228,110,31,0,0,15,2,19,3,68,23,0,0,0,0,0,0,0.02225519287833828,0.008771929824561403,0.028189910979228485,0.013157894736842105,0.10089020771513353,0.10087719298245613
98,7,1,31,-17,3,3,30,32,"30,31,32",670,203,107,31,0,0,13,6,17,6,68,19,0,0,0,0,0,0,0.019402985074626865,0.029556650246305417,0.025373134328358207,0.029556650246305417,0.10149253731343283,0.09359605911330049
98,7,1,32,-16,3,3,31,33,"31,32,33",644,239,106,45,0,0,14,5,19,8,65,26,0,0,0,0,0,0,0.021739130434782608,0.02092050209205021,0.029503105590062112,0.03347280334728033,0.10093167701863354,0.1087866108786611
98,7,1,33,-15,3,3,32,34,"32,33,34",685,202,157,30,0,0,29,3,36,5,76,20,0,0,0,0,0,0,0.042335766423357665,0.01485148514851485,0.052554744525547446,0.024752475247524754,0.11094890510948906,0.09900990099009901
98,7,1,34,-14,3,3,33,35,"33,34,35",707,244,162,82,0,0,32,21,39,23,77,30,0,0,0,0,0,0,0.04526166902404526,0.0860655737704918,0.055162659123055166,0.0942622950819672,0.10891089108910891,0.12295081967213115
98,7,1,35,-13,3,3,34,36,"34,35,36",807,261,182,50,0,0,38,8,44,11,85,27,0,0,0,0,0,0,0.04708798017348203,0.03065134099616858,0.05452292441140025,0.0421455938697318,0.10532837670384139,0.10344827586206896
98,7,1,36,-12,3,3,35,37,"35,36,37",816,302,143,50,0,0,26,9,30,10,74,28,0,0,0,0,0,0,0.031862745098039214,0.029801324503311258,0.03676470588235294,0.033112582781456956,0.09068627450980392,0.09271523178807947
98,7,1,37,-11,3,3,36,38,"36,37,38",819,253,128,43,0,0,24,9,25,9,67,19,0,0,0,0,0,0,0.029304029304029304,0.03557312252964427,0.030525030525030524,0.03557312252964427,0.08180708180708181,0.07509881422924901
98,7,1,38,-10,3,3,37,39,"37,38,39",684,264,114,35,0,0,20,6,22,6,61,20,0,0,0,0,0,0,0.029239766081871343,0.022727272727272728,0.03216374269005848,0.022727272727272728,0.0891812865497076,0.07575757575757576
98,7,1,39,-9,3,3,38,40,"38,39,40",667,167,144,36,0,0,26,5,31,7,76,22,0,0,0,0,0,0,0.038980509745127435,0.029940119760479042,0.046476761619190406,0.041916167664670656,0.11394302848575712,0.1317365269461078
98,7,1,40,-8,3,3,39,41,"39,40,41",678,236,194,73,0,0,39,15,47,18,91,34,0,0,0,0,0,0,0.05752212389380531,0.0635593220338983,0.06932153392330384,0.07627118644067797,0.13421828908554573,0.1440677966101695
98,7,1,41,-7,3,3,40,42,"40,41,42",777,275,220,85,0,0,42,19,50,22,97,35,0,0,0,0,0,0,0.05405405405405406,0.06909090909090909,0.06435006435006435,0.08,0.12483912483912483,0.12727272727272726
98,7,1,42,-6,3,3,41,43,"41,42,43",812,266,222,62,0,0,42,8,49,10,94,28,0,0,0,0,0,0,0.05172413793103448,0.03007518796992481,0.0603448275862069,0.03759398496240601,0.11576354679802955,0.10526315789473684
98,7,1,43,-5,3,3,42,44,"42,43,44",786,271,181,75,0,0,29,15,35,17,83,31,0,0,0,0,0,0,0.03689567430025445,0.055350553505535055,0.044529262086514,0.06273062730627306,0.10559796437659033,0.11439114391143912
98,7,1,44,-4,3,3,43,45,"43,44,45",759,249,164,44,0,0,26,6,32,8,85,24,0,0,0,0,0,0,0.034255599472990776,0.024096385542168676,0.04216073781291173,0.0321285140562249,0.11198945981554677,0.0963855421686747
98,7,1,45,-3,3,3,44,46,"44,45,46",779,239,135,45,0,0,18,5,24,7,82,30,0,0,0,0,0,0,0.023106546854942234,0.02092050209205021,0.03080872913992298,0.029288702928870293,0.10526315789473684,0.12552301255230125
98,7,1,46,-2,3,3,45,47,"45,46,47",787,291,131,46,0,0,18,7,22,9,81,28,0,0,0,0,0,0,0.022871664548919948,0.024054982817869417,0.02795425667090216,0.030927835051546393,0.10292249047013977,0.09621993127147767
98,7,1,47,-1,3,2,46,47,"46,47",548,257,86,40,0,0,13,6,15,6,51,23,0,0,0,0,0,0,0.023722627737226276,0.023346303501945526,0.02737226277372263,0.023346303501945526,0.09306569343065693,0.08949416342412451
98,8,0,48,0,3,2,48,49,"48,49",652,364,75,51,0,0,10,9,7,7,47,32,0,0,0,0,0,0,0.015337423312883436,0.024725274725274724,0.010736196319018405,0.019230769230769232,0.07208588957055215,0.08791208791208792
98,8,0,49,1,3,3,48,50,"48,49,50",988,288,104,24,0,0,18,1,7,0,67,15,0,0,0,0,0,0,0.018218623481781375,0.003472222222222222,0.00708502024291498,0.0,0.06781376518218624,0.052083333333333336
98,8,0,50,2,3,3,49,51,"49,50,51",1055,336,100,29,0,0,18,8,7,0,59,20,0,0,0,0,0,0,0.017061611374407582,0.023809523809523808,0.006635071090047393,0.0,0.055924170616113746,0.05952380952380952
98,8,0,51,3,3,3,50,52,"50,51,52",1191,431,112,47,0,0,23,9,8,7,69,24,0,0,0,0,0,0,0.019311502938706968,0.02088167053364269,0.006717044500419815,0.016241299303944315,0.05793450881612091,0.05568445475638051
98,8,0,52,4,3,3,51,53,"51,52,53",1330,424,167,36,0,0,33,6,14,1,102,25,0,0,0,0,0,0,0.02481203007518797,0.014150943396226415,0.010526315789473684,0.0023584905660377358,0.07669172932330827,0.0589622641509434
98,8,0,53,5,3,3,52,54,"52,53,54",1293,475,211,84,0,0,37,18,18,6,142,53,0,0,0,0,0,0,0.028615622583139984,0.037894736842105266,0.013921113689095127,0.01263157894736842,0.10982211910286156,0.11157894736842106
98,8,0,54,6,3,3,53,55,"53,54,55",1313,394,253,91,0,0,44,13,23,11,172,64,0,0,0,0,0,0,0.03351104341203351,0.03299492385786802,0.017517136329017517,0.027918781725888325,0.130997715156131,0.16243654822335024
98,8,0,55,7,3,3,54,56,"54,55,56",1210,444,238,78,0,0,38,13,22,6,164,55,0,0,0,0,0,0,0.03140495867768595,0.02927927927927928,0.01818181818181818,0.013513513513513514,0.13553719008264462,0.12387387387387387
98,8,0,56,8,3,3,55,57,"55,56,57",1257,372,235,69,0,0,41,12,18,5,160,45,0,0,0,0,0,0,0.03261734287987271,0.03225806451612903,0.014319809069212411,0.013440860215053764,0.12728719172633254,0.12096774193548387
98,8,0,57,9,3,3,56,58,"56,57,58",1159,441,214,88,0,0,39,16,19,7,143,60,0,0,0,0,0,0,0.03364969801553063,0.036281179138321996,0.01639344262295082,0.015873015873015872,0.12338222605694564,0.1360544217687075
98,8,0,58,10,3,3,57,59,"57,58,59",1131,346,213,57,0,0,39,11,20,7,145,38,0,0,0,0,0,0,0.034482758620689655,0.031791907514450865,0.01768346595932803,0.02023121387283237,0.1282051282051282,0.10982658959537572
98,8,0,59,11,3,3,58,60,"58,59,60",1114,344,198,68,0,0,33,12,19,6,141,47,0,0,0,0,0,0,0.0296229802513465,0.03488372093023256,0.017055655296229804,0.01744186046511628,0.12657091561938957,0.13662790697674418
98,8,0,60,12,3,3,59,61,"59,60,61",1212,424,245,73,0,0,45,10,25,6,168,56,0,0,0,0,0,0,0.03712871287128713,0.02358490566037736,0.020627062706270627,0.014150943396226415,0.13861386138613863,0.1320754716981132
98,8,0,61,13,3,3,60,62,"60,61,62",1304,444,278,104,0,0,51,23,32,13,179,65,0,0,0,0,0,0,0.039110429447852764,0.0518018018018018,0.024539877300613498,0.02927927927927928,0.13726993865030676,0.1463963963963964
98,8,0,62,14,3,3,61,63,"61,62,63",1299,436,311,101,0,0,67,18,37,13,184,58,0,0,0,0,0,0,0.05157813702848345,0.04128440366972477,0.02848344880677444,0.02981651376146789,0.14164742109314857,0.13302752293577982
98,8,0,63,15,3,3,62,64,"62,63,64",1271,419,282,106,0,0,58,26,33,11,166,61,0,0,0,0,0,0,0.045633359559402044,0.06205250596658711,0.025963808025177025,0.026252983293556086,0.13060582218725414,0.14558472553699284
98,8,0,64,16,3,3,63,65,"63,64,65",1228,416,248,75,0,0,52,14,28,9,151,47,0,0,0,0,0,0,0.04234527687296417,0.03365384615384615,0.02280130293159609,0.021634615384615384,0.12296416938110749,0.11298076923076923
98,8,0,65,17,3,3,64,66,"64,65,66",901,393,154,67,0,0,28,12,19,8,95,43,0,0,0,0,0,0,0.03107658157602664,0.030534351145038167,0.021087680355160933,0.020356234096692113,0.10543840177580466,0.10941475826972011
98,8,0,66,18,3,3,65,67,"65,66,67",947,92,179,12,0,0,35,2,21,2,109,5,0,0,0,0,0,0,0.03695881731784583,0.021739130434782608,0.022175290390707498,0.021739130434782608,0.11510031678986272,0.05434782608695652
98,8,0,67,19,3,2,66,67,"66,67",554,462,112,100,0,0,23,21,13,11,66,61,0,0,0,0,0,0,0.04151624548736462,0.045454545454545456,0.023465703971119134,0.023809523809523808,0.11913357400722022,0.13203463203463203
98,8,0,69,21,3,2,69,70,"69,70",916,446,199,114,0,0,42,29,24,18,126,63,0,0,0,0,0,0,0.04585152838427948,0.06502242152466367,0.026200873362445413,0.04035874439461883,0.13755458515283842,0.1412556053811659
98,8,0,70,22,3,3,69,71,"69,70,71",1321,470,298,85,0,0,58,13,32,6,199,63,0,0,0,0,0,0,0.04390613171839516,0.027659574468085105,0.024224072672218017,0.01276595744680851,0.1506434519303558,0.13404255319148936
98,8,0,71,23,3,3,70,72,"70,71,72",1296,405,299,99,0,0,55,16,30,8,202,73,0,0,0,0,0,0,0.04243827160493827,0.03950617283950617,0.023148148148148147,0.019753086419753086,0.1558641975308642,0.18024691358024691
98,8,0,72,24,3,3,71,73,"71,72,73",1332,421,335,115,0,0,66,26,40,16,208,66,0,0,0,0,0,0,0.04954954954954955,0.06175771971496437,0.03003003003003003,0.03800475059382423,0.15615615615615616,0.15676959619952494
98,8,0,73,25,3,3,72,74,"72,73,74",1417,506,333,121,0,0,67,24,42,16,198,69,0,0,0,0,0,0,0.04728299223712068,0.04743083003952569,0.029640084685956247,0.03162055335968379,0.1397318278052223,0.13636363636363635
98,8,0,74,26,3,2,73,74,"73,74",996,490,218,97,0,0,41,17,26,10,132,63,0,0,0,0,0,0,0.04116465863453815,0.03469387755102041,0.02610441767068273,0.02040816326530612,0.13253012048192772,0.12857142857142856
98,8,1,48,0,3,2,48,49,"48,49",504,261,90,50,0,0,18,7,21,9,30,24,0,0,0,0,0,0,0.03571428571428571,0.02681992337164751,0.041666666666666664,0.034482758620689655,0.05952380952380952,0.09195402298850575
98,8,1,49,1,3,3,48,50,"48,49,50",723,243,142,40,0,0,25,11,36,12,52,6,0,0,0,0,0,0,0.034578146611341634,0.04526748971193416,0.04979253112033195,0.04938271604938271,0.07192254495159059,0.024691358024691357
98,8,1,50,2,3,3,49,51,"49,50,51",776,219,165,52,0,0,33,7,44,15,55,22,0,0,0,0,0,0,0.04252577319587629,0.0319634703196347,0.05670103092783505,0.0684931506849315,0.07087628865979381,0.1004566210045662
98,8,1,51,3,3,3,50,52,"50,51,52",828,314,193,73,0,0,34,15,49,17,77,27,0,0,0,0,0,0,0.04106280193236715,0.04777070063694268,0.059178743961352656,0.054140127388535034,0.0929951690821256,0.08598726114649681
98,8,1,52,4,3,3,51,53,"51,52,53",901,295,221,68,0,0,40,12,59,17,88,28,0,0,0,0,0,0,0.04439511653718091,0.04067796610169491,0.06548279689234185,0.0576271186440678,0.097669256381798,0.09491525423728814
98,8,1,53,5,3,3,52,54,"52,53,54",878,292,254,80,0,0,45,13,64,25,105,33,0,0,0,0,0,0,0.05125284738041002,0.04452054794520548,0.07289293849658314,0.08561643835616438,0.11958997722095673,0.11301369863013698
98,8,1,54,6,3,3,53,55,"53,54,55",919,291,297,106,0,0,55,20,76,22,125,44,0,0,0,0,0,0,0.05984766050054407,0.06872852233676977,0.08269858541893363,0.07560137457044673,0.13601741022850924,0.15120274914089346
98,8,1,55,7,3,3,54,56,"54,55,56",949,336,330,111,0,0,66,22,82,29,131,48,0,0,0,0,0,0,0.06954689146469968,0.06547619047619048,0.08640674394099052,0.08630952380952381,0.1380400421496312,0.14285714285714285
98,8,1,56,8,3,3,55,57,"55,56,57",1000,322,353,113,0,0,74,24,97,31,135,39,0,0,0,0,0,0,0.074,0.07453416149068323,0.097,0.09627329192546584,0.135,0.12111801242236025
98,8,1,57,9,3,3,56,58,"56,57,58",889,342,324,129,0,0,66,28,86,37,120,48,0,0,0,0,0,0,0.07424071991001124,0.08187134502923976,0.09673790776152981,0.10818713450292397,0.13498312710911137,0.14035087719298245
98,8,1,58,10,3,3,57,59,"57,58,59",798,225,266,82,0,0,49,14,68,18,110,33,0,0,0,0,0,0,0.06140350877192982,0.06222222222222222,0.08521303258145363,0.08,0.13784461152882205,0.14666666666666667
98,8,1,59,11,3,3,58,60,"58,59,60",769,231,232,55,0,0,35,7,49,13,113,29,0,0,0,0,0,0,0.045513654096228866,0.030303030303030304,0.06371911573472042,0.05627705627705628,0.1469440832249675,0.12554112554112554
98,8,1,60,12,3,3,59,61,"59,60,61",882,313,277,95,0,0,49,14,69,18,126,51,0,0,0,0,0,0,0.05555555555555555,0.04472843450479233,0.0782312925170068,0.05750798722044728,0.14285714285714285,0.16293929712460065
98,8,1,61,13,3,3,60,62,"60,61,62",947,338,306,127,0,0,59,28,78,38,130,46,0,0,0,0,0,0,0.06230200633579725,0.08284023668639054,0.08236536430834214,0.11242603550295859,0.13727560718057022,0.13609467455621302
98,8,1,62,14,3,3,61,63,"61,62,63",950,296,314,84,0,0,60,17,90,22,118,33,0,0,0,0,0,0,0.06315789473684211,0.057432432432432436,0.09473684210526316,0.07432432432432433,0.12421052631578948,0.11148648648648649
98,8,1,63,15,3,3,62,64,"62,63,64",926,316,264,103,0,0,46,15,71,30,107,39,0,0,0,0,0,0,0.04967602591792657,0.04746835443037975,0.07667386609071274,0.0949367088607595,0.11555075593952484,0.12341772151898735
98,8,1,64,16,3,3,63,65,"63,64,65",873,314,231,77,0,0,33,14,57,19,107,35,0,0,0,0,0,0,0.037800687285223365,0.044585987261146494,0.06529209621993128,0.06050955414012739,0.12256586483390607,0.11146496815286625
98,8,1,65,17,3,3,64,66,"64,65,66",736,243,140,51,0,0,18,4,27,8,71,33,0,0,0,0,0,0,0.024456521739130436,0.01646090534979424,0.036684782608695655,0.03292181069958848,0.09646739130434782,0.13580246913580246
98,8,1,66,18,3,3,65,67,"65,66,67",725,179,139,12,0,0,16,0,30,0,71,3,0,0,0,0,0,0,0.022068965517241378,0.0,0.041379310344827586,0.0,0.09793103448275862,0.01675977653631285
98,8,1,67,19,3,3,66,68,"66,67,68",486,303,89,76,0,0,12,12,22,22,38,35,0,0,0,0,0,0,0.024691358024691357,0.039603960396039604,0.04526748971193416,0.07260726072607261,0.07818930041152264,0.11551155115511551
98,8,1,68,20,3,3,67,69,"67,68,69",631,4,177,1,0,0,26,0,47,0,80,0,0,0,0,0,0,0,0.04120443740095087,0.0,0.07448494453248812,0.0,0.12678288431061807,0.0
98,8,1,69,21,3,3,68,70,"68,69,70",638,324,188,100,0,0,29,14,47,25,83,45,0,0,0,0,0,0,0.045454545454545456,0.043209876543209874,0.07366771159874608,0.07716049382716049,0.13009404388714735,0.1388888888888889
98,8,1,70,22,3,3,69,71,"69,70,71",975,310,293,87,0,0,48,15,74,22,128,38,0,0,0,0,0,0,0.04923076923076923,0.04838709677419355,0.0758974358974359,0.07096774193548387,0.13128205128205128,0.12258064516129032
98,8,1,71,23,3,3,70,72,"70,71,72",956,341,301,106,0,0,52,19,77,27,124,45,0,0,0,0,0,0,0.05439330543933055,0.05571847507331378,0.08054393305439331,0.07917888563049853,0.1297071129707113,0.13196480938416422
98,8,1,72,24,3,3,71,73,"71,72,73",913,305,282,108,0,0,47,18,73,28,117,41,0,0,0,0,0,0,0.05147864184008762,0.05901639344262295,0.07995618838992333,0.09180327868852459,0.12814895947426067,0.13442622950819672
98,8,1,73,25,3,3,72,74,"72,73,74",871,267,252,68,0,0,41,10,66,18,103,31,0,0,0,0,0,0,0.04707233065442021,0.03745318352059925,0.07577497129735936,0.06741573033707865,0.1182548794489093,0.11610486891385768
98,8,1,74,26,3,2,73,74,"73,74",566,299,144,76,0,0,23,13,38,20,62,31,0,0,0,0,0,0,0.04063604240282685,0.043478260869565216,0.06713780918727916,0.06688963210702341,0.10954063604240283,0.10367892976588629
99,7,0,28,-19,3,2,28,29,"28,29",930,476,262,117,0,0,45,17,42,15,158,80,0,0,0,0,0,0,0.04838709677419355,0.03571428571428571,0.04516129032258064,0.031512605042016806,0.16989247311827957,0.16806722689075632
99,7,0,29,-18,3,3,28,30,"28,29,30",1382,454,320,145,0,0,49,28,46,27,204,78,0,0,0,0,0,0,0.03545586107091172,0.06167400881057269,0.03328509406657019,0.05947136563876652,0.1476121562952243,0.17180616740088106
99,7,0,30,-17,3,3,29,31,"29,30,31",1480,452,301,58,0,0,44,4,41,4,196,46,0,0,0,0,0,0,0.02972972972972973,0.008849557522123894,0.027702702702702704,0.008849557522123894,0.13243243243243244,0.10176991150442478
99,7,0,31,-16,3,3,30,32,"30,31,32",1474,574,224,98,0,0,26,12,23,10,167,72,0,0,0,0,0,0,0.017639077340569877,0.020905923344947737,0.015603799185888738,0.017421602787456445,0.11329715061058344,0.1254355400696864
99,7,0,32,-15,3,3,31,33,"31,32,33",1538,448,305,68,0,0,53,10,45,9,190,49,0,0,0,0,0,0,0.03446033810143043,0.022321428571428572,0.029258777633289986,0.020089285714285716,0.1235370611183355,0.109375
99,7,0,33,-14,3,3,32,34,"32,33,34",1534,516,272,139,0,0,51,31,40,26,164,69,0,0,0,0,0,0,0.033246414602346806,0.060077519379844964,0.02607561929595828,0.050387596899224806,0.10691003911342895,0.13372093023255813
99,7,0,34,-13,3,3,33,35,"33,34,35",1464,570,245,65,0,0,46,10,36,5,143,46,0,0,0,0,0,0,0.031420765027322405,0.017543859649122806,0.02459016393442623,0.008771929824561403,0.0976775956284153,0.08070175438596491
99,7,0,35,-12,3,3,34,36,"34,35,36",1475,378,191,41,0,0,25,5,17,5,133,28,0,0,0,0,0,0,0.01694915254237288,0.013227513227513227,0.01152542372881356,0.013227513227513227,0.09016949152542372,0.07407407407407407
99,7,0,36,-11,3,3,35,37,"35,36,37",1485,527,230,85,0,0,33,10,29,7,154,59,0,0,0,0,0,0,0.022222222222222223,0.018975332068311195,0.019528619528619527,0.013282732447817837,0.1037037037037037,0.11195445920303605
99,7,0,37,-10,3,3,36,38,"36,37,38",1513,580,256,104,0,0,39,18,34,17,165,67,0,0,0,0,0,0,0.025776602775941838,0.03103448275862069,0.02247191011235955,0.029310344827586206,0.10905485789821547,0.11551724137931034
99,7,0,38,-9,3,3,37,39,"37,38,39",1591,406,259,67,0,0,42,11,40,10,161,39,0,0,0,0,0,0,0.026398491514770583,0.027093596059113302,0.0251414204902577,0.024630541871921183,0.10119421747328725,0.0960591133004926
99,7,0,39,-8,3,3,38,40,"38,39,40",1639,605,246,88,0,0,40,13,36,13,139,55,0,0,0,0,0,0,0.024405125076266018,0.021487603305785124,0.021964612568639415,0.021487603305785124,0.0848078096400244,0.09090909090909091
99,7,0,40,-7,3,3,39,41,"39,40,41",1829,628,271,91,0,0,39,16,35,13,168,45,0,0,0,0,0,0,0.021323127392017496,0.025477707006369428,0.01913613996719519,0.020700636942675158,0.09185347184253691,0.07165605095541401
99,7,0,41,-6,3,3,40,42,"40,41,42",1787,596,285,92,0,0,37,10,33,9,187,68,0,0,0,0,0,0,0.020705092333519866,0.016778523489932886,0.01846670397313934,0.015100671140939598,0.10464465584778959,0.11409395973154363
99,7,0,42,-5,3,3,41,43,"41,42,43",1635,563,298,102,0,0,41,11,34,11,198,74,0,0,0,0,0,0,0.02507645259938838,0.019538188277087035,0.020795107033639144,0.019538188277087035,0.12110091743119267,0.13143872113676733
99,7,0,43,-4,3,3,42,44,"42,43,44",1641,476,270,104,0,0,40,20,31,14,178,56,0,0,0,0,0,0,0.02437538086532602,0.04201680672268908,0.018890920170627667,0.029411764705882353,0.10847044485070079,0.11764705882352941
99,7,0,44,-3,3,3,43,45,"43,44,45",1674,602,265,64,0,0,46,9,35,6,164,48,0,0,0,0,0,0,0.027479091995221028,0.014950166112956811,0.02090800477897252,0.009966777408637873,0.0979689366786141,0.07973421926910298
99,7,0,45,-2,3,3,44,46,"44,45,46",1768,596,223,97,0,0,33,17,26,15,154,60,0,0,0,0,0,0,0.018665158371040724,0.028523489932885907,0.014705882352941176,0.025167785234899327,0.08710407239819004,0.10067114093959731
99,7,0,46,-1,3,2,45,46,"45,46",1166,570,159,62,0,0,24,7,20,5,106,46,0,0,0,0,0,0,0.02058319039451115,0.012280701754385965,0.017152658662092625,0.008771929824561403,0.09090909090909091,0.08070175438596491
99,7,1,28,-19,3,2,28,29,"28,29",458,234,142,70,0,0,27,12,30,14,57,28,0,0,0,0,0,0,0.05895196506550218,0.05128205128205128,0.06550218340611354,0.05982905982905983,0.12445414847161572,0.11965811965811966
99,7,1,29,-18,3,3,28,30,"28,29,30",671,224,185,72,0,0,32,15,35,16,85,29,0,0,0,0,0,0,0.04769001490312966,0.06696428571428571,0.05216095380029806,0.07142857142857142,0.12667660208643816,0.12946428571428573
99,7,1,30,-17,3,3,29,31,"29,30,31",724,213,173,43,0,0,29,5,32,5,91,28,0,0,0,0,0,0,0.04005524861878453,0.023474178403755867,0.04419889502762431,0.023474178403755867,0.12569060773480664,0.13145539906103287
99,7,1,31,-16,3,3,30,32,"30,31,32",711,287,127,58,0,0,14,9,17,11,83,34,0,0,0,0,0,0,0.01969057665260197,0.0313588850174216,0.02390998593530239,0.03832752613240418,0.11673699015471167,0.11846689895470383
99,7,1,32,-15,3,3,31,33,"31,32,33",774,211,176,26,0,0,29,0,37,1,82,21,0,0,0,0,0,0,0.037467700258397935,0.0,0.04780361757105943,0.004739336492890996,0.10594315245478036,0.0995260663507109
99,7,1,33,-14,3,3,32,34,"32,33,34",816,276,189,92,0,0,29,20,40,25,82,27,0,0,0,0,0,0,0.03553921568627451,0.07246376811594203,0.049019607843137254,0.09057971014492754,0.10049019607843138,0.09782608695652174
99,7,1,34,-13,3,3,33,35,"33,34,35",849,329,197,71,0,0,36,9,46,14,78,34,0,0,0,0,0,0,0.04240282685512368,0.02735562310030395,0.05418138987043581,0.0425531914893617,0.09187279151943463,0.1033434650455927
99,7,1,35,-12,3,3,34,36,"34,35,36",882,244,167,34,0,0,26,7,34,7,81,17,0,0,0,0,0,0,0.02947845804988662,0.028688524590163935,0.03854875283446712,0.028688524590163935,0.09183673469387756,0.06967213114754098
99,7,1,36,-11,3,3,35,37,"35,36,37",808,309,152,62,0,0,28,10,32,13,72,30,0,0,0,0,0,0,0.034653465346534656,0.032362459546925564,0.039603960396039604,0.042071197411003236,0.0891089108910891,0.0970873786407767
99,7,1,37,-10,3,3,36,38,"36,37,38",795,255,168,56,0,0,29,11,34,12,81,25,0,0,0,0,0,0,0.03647798742138365,0.043137254901960784,0.042767295597484274,0.047058823529411764,0.1018867924528302,0.09803921568627451
99,7,1,38,-9,3,3,37,39,"37,38,39",772,231,162,50,0,0,28,8,30,9,83,26,0,0,0,0,0,0,0.03626943005181347,0.03463203463203463,0.038860103626943004,0.03896103896103896,0.10751295336787564,0.11255411255411256
99,7,1,39,-8,3,3,38,40,"38,39,40",848,286,170,56,0,0,27,9,31,9,90,32,0,0,0,0,0,0,0.031839622641509434,0.03146853146853147,0.036556603773584904,0.03146853146853147,0.10613207547169812,0.11188811188811189
99,7,1,40,-7,3,3,39,41,"39,40,41",923,331,182,64,0,0,30,10,34,13,91,32,0,0,0,0,0,0,0.032502708559046585,0.030211480362537766,0.03683640303358613,0.03927492447129909,0.09859154929577464,0.09667673716012085
99,7,1,41,-6,3,3,40,42,"40,41,42",915,306,174,62,0,0,28,11,32,12,84,27,0,0,0,0,0,0,0.030601092896174863,0.03594771241830065,0.034972677595628415,0.0392156862745098,0.09180327868852459,0.08823529411764706
99,7,1,42,-5,3,3,41,43,"41,42,43",860,278,193,48,0,0,35,7,42,7,73,25,0,0,0,0,0,0,0.040697674418604654,0.025179856115107913,0.04883720930232558,0.025179856115107913,0.08488372093023255,0.08992805755395683
99,7,1,43,-4,3,3,42,44,"42,43,44",894,276,193,83,0,0,34,17,43,23,82,21,0,0,0,0,0,0,0.03803131991051454,0.06159420289855073,0.04809843400447427,0.08333333333333333,0.09172259507829977,0.07608695652173914
99,7,1,44,-3,3,3,43,45,"43,44,45",868,340,194,62,0,0,31,10,42,13,93,36,0,0,0,0,0,0,0.03571428571428571,0.029411764705882353,0.04838709677419355,0.03823529411764706,0.10714285714285714,0.10588235294117647
99,7,1,45,-2,3,3,44,46,"44,45,46",878,252,162,49,0,0,20,4,27,6,97,36,0,0,0,0,0,0,0.022779043280182234,0.015873015873015872,0.030751708428246014,0.023809523809523808,0.11047835990888383,0.14285714285714285
99,7,1,46,-1,3,2,45,46,"45,46",538,286,100,51,0,0,10,6,14,8,61,25,0,0,0,0,0,0,0.01858736059479554,0.02097902097902098,0.026022304832713755,0.027972027972027972,0.11338289962825279,0.08741258741258741
99,8,0,47,0,3,2,47,48,"47,48",1001,434,143,74,0,0,21,14,14,10,99,47,0,0,0,0,0,0,0.02097902097902098,0.03225806451612903,0.013986013986013986,0.02304147465437788,0.0989010989010989,0.10829493087557604
99,8,0,48,1,3,3,47,49,"47,48,49",1388,567,174,69,0,0,26,7,18,4,119,52,0,0,0,0,0,0,0.018731988472622477,0.012345679012345678,0.012968299711815562,0.007054673721340388,0.08573487031700289,0.09171075837742504
99,8,0,49,2,3,3,48,50,"48,49,50",1482,387,190,31,0,0,32,5,23,4,121,20,0,0,0,0,0,0,0.021592442645074223,0.012919896640826873,0.0155195681511471,0.0103359173126615,0.0816464237516869,0.05167958656330749
99,8,0,50,3,3,3,49,51,"49,50,51",1460,528,177,90,0,0,38,20,24,15,104,49,0,0,0,0,0,0,0.026027397260273973,0.03787878787878788,0.01643835616438356,0.028409090909090908,0.07123287671232877,0.0928030303030303
99,8,0,51,4,3,3,50,52,"50,51,52",1616,545,222,56,0,0,52,13,25,5,130,35,0,0,0,0,0,0,0.03217821782178218,0.023853211009174313,0.01547029702970297,0.009174311926605505,0.08044554455445545,0.06422018348623854
99,8,0,52,5,3,3,51,53,"51,52,53",1656,543,186,76,0,0,40,19,15,5,117,46,0,0,0,0,0,0,0.024154589371980676,0.034990791896869246,0.009057971014492754,0.009208103130755065,0.07065217391304347,0.0847145488029466
99,8,0,53,6,3,3,52,54,"52,53,54",1658,568,189,54,0,0,36,8,12,5,125,36,0,0,0,0,0,0,0.021712907117008445,0.014084507042253521,0.007237635705669481,0.008802816901408451,0.07539203860072376,0.06338028169014084
99,8,0,54,7,3,3,53,55,"53,54,55",1647,547,173,59,0,0,27,9,15,2,119,43,0,0,0,0,0,0,0.01639344262295082,0.016453382084095063,0.009107468123861567,0.003656307129798903,0.07225258044930176,0.07861060329067641
99,8,0,55,8,3,3,54,56,"54,55,56",1650,532,188,60,0,0,28,10,14,8,137,40,0,0,0,0,0,0,0.01696969696969697,0.018796992481203006,0.008484848484848486,0.015037593984962405,0.08303030303030302,0.07518796992481203
99,8,0,56,9,3,3,55,57,"55,56,57",1335,571,160,69,0,0,21,9,14,4,116,54,0,0,0,0,0,0,0.015730337078651686,0.01576182136602452,0.010486891385767791,0.0070052539404553416,0.08689138576779026,0.09457092819614711
99,8,0,57,10,3,3,56,58,"56,57,58",1299,232,154,31,0,0,15,2,10,2,119,22,0,0,0,0,0,0,0.011547344110854504,0.008620689655172414,0.007698229407236336,0.008620689655172414,0.09160892994611239,0.09482758620689655
99,8,0,58,11,3,3,57,59,"57,58,59",1268,496,149,54,0,0,16,4,10,4,114,43,0,0,0,0,0,0,0.012618296529968454,0.008064516129032258,0.007886435331230283,0.008064516129032258,0.08990536277602523,0.08669354838709678
99,8,0,59,12,3,3,58,60,"58,59,60",1585,540,204,64,0,0,23,10,14,4,157,49,0,0,0,0,0,0,0.014511041009463722,0.018518518518518517,0.008832807570977918,0.007407407407407408,0.09905362776025237,0.09074074074074075
99,8,0,60,13,3,3,59,61,"59,60,61",1657,549,231,86,0,0,27,9,15,6,179,65,0,0,0,0,0,0,0.016294508147254073,0.01639344262295082,0.009052504526252263,0.01092896174863388,0.108026554013277,0.11839708561020036
99,8,0,61,14,3,3,60,62,"60,61,62",1683,568,257,81,0,0,35,8,22,5,186,65,0,0,0,0,0,0,0.020796197266785502,0.014084507042253521,0.013071895424836602,0.008802816901408451,0.11051693404634581,0.11443661971830986
99,8,0,62,15,3,3,61,63,"61,62,63",1695,566,230,90,0,0,39,18,21,11,155,56,0,0,0,0,0,0,0.023008849557522124,0.03180212014134275,0.012389380530973451,0.019434628975265017,0.09144542772861357,0.0989399293286219
99,8,0,63,16,3,3,62,64,"62,63,64",1563,561,174,59,0,0,35,13,19,5,106,34,0,0,0,0,0,0,0.022392834293026232,0.023172905525846704,0.01215611004478567,0.008912655971479501,0.06781829814459372,0.06060606060606061
99,8,0,64,17,3,3,63,65,"63,64,65",1348,436,126,25,0,0,19,4,10,3,88,16,0,0,0,0,0,0,0.014094955489614243,0.009174311926605505,0.00741839762611276,0.006880733944954129,0.06528189910979229,0.03669724770642202
99,8,0,65,18,3,3,64,66,"64,65,66",1283,351,118,42,0,0,14,2,9,2,89,38,0,0,0,0,0,0,0.010911925175370226,0.005698005698005698,0.007014809041309431,0.005698005698005698,0.06936866718628215,0.10826210826210826
99,8,0,66,19,3,3,65,67,"65,66,67",1382,496,162,51,0,0,20,8,12,4,123,35,0,0,0,0,0,0,0.01447178002894356,0.016129032258064516,0.008683068017366137,0.008064516129032258,0.08900144717800289,0.07056451612903226
99,8,0,67,20,3,3,66,68,"66,67,68",1501,535,175,69,0,0,26,10,15,6,125,50,0,0,0,0,0,0,0.017321785476349102,0.018691588785046728,0.009993337774816789,0.011214953271028037,0.0832778147901399,0.09345794392523364
99,8,0,68,21,3,3,67,69,"67,68,69",1546,470,173,55,0,0,19,8,11,5,133,40,0,0,0,0,0,0,0.012289780077619664,0.01702127659574468,0.0071151358344113845,0.010638297872340425,0.08602846054333764,0.0851063829787234
99,8,0,69,22,3,3,68,70,"68,69,70",1227,541,117,49,0,0,10,1,5,0,94,43,0,0,0,0,0,0,0.008149959250203748,0.0018484288354898336,0.004074979625101874,0.0,0.07660961695191525,0.07948243992606285
99,8,0,70,23,3,3,69,71,"69,70,71",1335,216,125,13,0,0,9,1,5,0,101,11,0,0,0,0,0,0,0.006741573033707865,0.004629629629629629,0.003745318352059925,0.0,0.07565543071161049,0.05092592592592592
99,8,0,71,24,3,3,70,72,"70,71,72",1205,578,111,63,0,0,9,7,6,5,88,47,0,0,0,0,0,0,0.007468879668049793,0.012110726643598616,0.004979253112033195,0.00865051903114187,0.07302904564315353,0.08131487889273356
99,8,0,72,25,3,2,71,72,"71,72",989,411,98,35,0,0,8,1,6,1,77,30,0,0,0,0,0,0,0.008088978766430738,0.0024330900243309003,0.006066734074823054,0.0024330900243309003,0.07785642062689585,0.072992700729927
99,8,1,47,0,3,2,47,48,"47,48",594,288,134,73,0,0,24,15,31,19,58,26,0,0,0,0,0,0,0.04040404040404041,0.052083333333333336,0.05218855218855219,0.06597222222222222,0.09764309764309764,0.09027777777777778
99,8,1,48,1,3,3,47,49,"47,48,49",850,306,186,61,0,0,31,9,39,12,83,32,0,0,0,0,0,0,0.036470588235294116,0.029411764705882353,0.04588235294117647,0.0392156862745098,0.0976470588235294,0.10457516339869281
99,8,1,49,2,3,3,48,50,"48,49,50",885,256,190,52,0,0,27,7,36,8,89,25,0,0,0,0,0,0,0.030508474576271188,0.02734375,0.04067796610169491,0.03125,0.10056497175141244,0.09765625
99,8,1,50,3,3,3,49,51,"49,50,51",920,323,197,77,0,0,29,11,43,16,85,32,0,0,0,0,0,0,0.03152173913043478,0.034055727554179564,0.04673913043478261,0.04953560371517028,0.09239130434782608,0.09907120743034056
99,8,1,51,4,3,3,50,52,"50,51,52",1019,341,247,68,0,0,38,11,65,19,96,28,0,0,0,0,0,0,0.03729146221786065,0.03225806451612903,0.06378802747791953,0.05571847507331378,0.09421000981354269,0.08211143695014662
99,8,1,52,5,3,3,51,53,"51,52,53",1056,355,230,102,0,0,39,16,64,30,89,36,0,0,0,0,0,0,0.036931818181818184,0.04507042253521127,0.06060606060606061,0.08450704225352113,0.08428030303030302,0.10140845070422536
99,8,1,53,6,3,3,52,54,"52,53,54",1060,360,248,60,0,0,45,12,69,15,87,25,0,0,0,0,0,0,0.04245283018867924,0.03333333333333333,0.06509433962264151,0.041666666666666664,0.0820754716981132,0.06944444444444445
99,8,1,54,7,3,3,53,55,"53,54,55",1036,345,222,86,0,0,45,17,57,24,81,26,0,0,0,0,0,0,0.04343629343629344,0.04927536231884058,0.05501930501930502,0.06956521739130435,0.07818532818532818,0.07536231884057971
99,8,1,55,8,3,3,54,56,"54,55,56",1029,331,233,76,0,0,41,16,55,18,92,30,0,0,0,0,0,0,0.03984450923226433,0.04833836858006042,0.05344995140913508,0.054380664652567974,0.08940719144800778,0.09063444108761329
99,8,1,56,9,3,3,55,57,"55,56,57",852,353,164,71,0,0,26,8,33,13,74,36,0,0,0,0,0,0,0.03051643192488263,0.0226628895184136,0.03873239436619718,0.036827195467422094,0.08685446009389672,0.10198300283286119
99,8,1,57,10,3,3,56,58,"56,57,58",773,168,119,17,0,0,13,2,18,2,66,8,0,0,0,0,0,0,0.016817593790426907,0.011904761904761904,0.02328589909443726,0.011904761904761904,0.08538163001293661,0.047619047619047616
99,8,1,58,11,3,3,57,59,"57,58,59",721,252,104,31,0,0,7,3,13,3,70,22,0,0,0,0,0,0,0.009708737864077669,0.011904761904761904,0.018030513176144243,0.011904761904761904,0.0970873786407767,0.0873015873015873
99,8,1,59,12,3,3,58,60,"58,59,60",857,301,176,56,0,0,18,2,27,8,109,40,0,0,0,0,0,0,0.021003500583430573,0.006644518272425249,0.03150525087514586,0.026578073089700997,0.12718786464410736,0.132890365448505
99,8,1,60,13,3,3,59,61,"59,60,61",955,304,236,89,0,0,33,13,45,16,125,47,0,0,0,0,0,0,0.03455497382198953,0.04276315789473684,0.04712041884816754,0.05263157894736842,0.13089005235602094,0.15460526315789475
99,8,1,61,14,3,3,60,62,"60,61,62",960,350,262,91,0,0,49,18,62,21,110,38,0,0,0,0,0,0,0.051041666666666666,0.05142857142857143,0.06458333333333334,0.06,0.11458333333333333,0.10857142857142857
99,8,1,62,15,3,3,61,63,"61,62,63",949,306,222,82,0,0,44,18,62,25,81,25,0,0,0,0,0,0,0.04636459430979979,0.058823529411764705,0.06533192834562697,0.08169934640522876,0.08535300316122234,0.08169934640522876
99,8,1,63,16,3,3,62,64,"62,63,64",847,293,155,49,0,0,26,8,42,16,61,18,0,0,0,0,0,0,0.030696576151121605,0.027303754266211604,0.049586776859504134,0.05460750853242321,0.07201889020070838,0.06143344709897611
99,8,1,64,17,3,3,63,65,"63,64,65",792,248,125,24,0,0,18,0,27,1,58,18,0,0,0,0,0,0,0.022727272727272728,0.0,0.03409090909090909,0.004032258064516129,0.07323232323232323,0.07258064516129033
99,8,1,65,18,3,3,64,66,"64,65,66",783,251,122,52,0,0,17,10,22,10,64,22,0,0,0,0,0,0,0.021711366538952746,0.0398406374501992,0.0280970625798212,0.0398406374501992,0.08173690932311622,0.08764940239043825
99,8,1,66,19,3,3,65,67,"65,66,67",897,284,185,46,0,0,33,7,41,11,88,24,0,0,0,0,0,0,0.03678929765886288,0.02464788732394366,0.045707915273132664,0.03873239436619718,0.09810479375696766,0.08450704225352113
99,8,1,67,20,3,3,66,68,"66,67,68",963,362,179,87,0,0,30,16,41,20,88,42,0,0,0,0,0,0,0.03115264797507788,0.04419889502762431,0.04257528556593977,0.055248618784530384,0.09138110072689512,0.11602209944751381
99,8,1,68,21,3,3,67,69,"67,68,69",998,317,187,46,0,0,30,7,38,10,95,22,0,0,0,0,0,0,0.03006012024048096,0.022082018927444796,0.03807615230460922,0.031545741324921134,0.09519038076152304,0.0694006309148265
99,8,1,69,22,3,3,68,70,"68,69,70",745,319,110,54,0,0,14,7,19,8,62,31,0,0,0,0,0,0,0.01879194630872483,0.0219435736677116,0.025503355704697986,0.025078369905956112,0.08322147651006712,0.09717868338557993
99,8,1,70,23,3,3,69,71,"69,70,71",739,109,112,10,0,0,12,0,16,1,70,9,0,0,0,0,0,0,0.016238159675236806,0.0,0.02165087956698241,0.009174311926605505,0.09472259810554803,0.08256880733944955
99,8,1,71,24,3,3,70,72,"70,71,72",661,311,96,48,0,0,9,5,12,7,65,30,0,0,0,0,0,0,0.01361573373676248,0.01607717041800643,0.018154311649016642,0.022508038585209004,0.09833585476550681,0.09646302250803858
99,8,1,72,25,3,2,71,72,"71,72",552,241,86,38,0,0,9,4,11,4,56,26,0,0,0,0,0,0,0.016304347826086956,0.016597510373443983,0.019927536231884056,0.016597510373443983,0.10144927536231885,0.1078838174273859
100,7,0,28,-15,3,2,28,29,"28,29",880,297,150,62,1,1,29,12,26,12,81,29,0,0,0,0,0,0,0.03295454545454545,0.04040404040404041,0.029545454545454545,0.04040404040404041,0.09204545454545454,0.09764309764309764
100,7,0,29,-14,3,3,28,30,"28,29,30",1274,583,193,88,1,0,35,17,31,14,111,52,0,0,0,0,0,0,0.027472527472527472,0.029159519725557463,0.02433281004709576,0.024013722126929673,0.08712715855572999,0.08919382504288165
100,7,0,30,-13,3,3,29,31,"29,30,31",1229,394,158,43,0,0,24,6,20,5,103,30,0,0,0,0,0,0,0.01952807160292921,0.015228426395939087,0.01627339300244101,0.012690355329949238,0.0838079739625712,0.07614213197969544
100,7,0,31,-12,3,3,30,32,"30,31,32",1213,252,135,27,0,0,16,1,14,1,95,21,0,0,0,0,0,0,0.013190436933223413,0.003968253968253968,0.011541632316570486,0.003968253968253968,0.07831821929101401,0.08333333333333333
100,7,0,32,-11,3,3,31,33,"31,32,33",1314,567,138,65,0,0,14,9,13,8,99,44,0,0,0,0,0,0,0.0106544901065449,0.015873015873015872,0.00989345509893455,0.014109347442680775,0.07534246575342465,0.07760141093474426
100,7,0,33,-10,3,3,32,34,"32,33,34",1476,495,159,46,0,0,19,4,17,4,108,34,0,0,0,0,0,0,0.012872628726287264,0.00808080808080808,0.011517615176151762,0.00808080808080808,0.07317073170731707,0.06868686868686869
100,7,0,34,-9,3,3,33,35,"33,34,35",1352,414,147,48,0,0,19,6,14,5,101,30,0,0,0,0,0,0,0.014053254437869823,0.014492753623188406,0.010355029585798817,0.012077294685990338,0.07470414201183433,0.07246376811594203
100,7,0,35,-8,3,3,34,36,"34,35,36",1187,443,165,53,0,0,25,9,19,5,110,37,0,0,0,0,0,0,0.02106149957877001,0.020316027088036117,0.016006739679865205,0.011286681715575621,0.09267059814658804,0.0835214446952596
100,7,0,36,-7,3,3,35,37,"35,36,37",1249,330,176,64,0,0,24,10,19,9,118,43,0,0,0,0,0,0,0.01921537229783827,0.030303030303030304,0.01521216973578863,0.02727272727272727,0.0944755804643715,0.1303030303030303
100,7,0,37,-6,3,3,36,38,"36,37,38",1133,476,150,59,0,0,16,5,15,5,101,38,0,0,0,0,0,0,0.01412180052956752,0.01050420168067227,0.01323918799646955,0.01050420168067227,0.08914386584289496,0.07983193277310924
100,7,0,38,-5,3,3,37,39,"37,38,39",988,327,102,27,0,0,6,1,6,1,74,20,0,0,0,0,0,0,0.006072874493927126,0.0030581039755351682,0.006072874493927126,0.0030581039755351682,0.07489878542510121,0.06116207951070336
100,7,0,39,-4,3,3,38,40,"38,39,40",1051,185,124,16,0,0,18,0,15,0,80,16,0,0,0,0,0,0,0.017126546146527116,0.0,0.014272121788772598,0.0,0.07611798287345385,0.08648648648648649
100,7,0,40,-3,3,3,39,41,"39,40,41",1242,539,146,81,0,0,23,17,19,14,92,44,0,0,0,0,0,0,0.018518518518518517,0.03153988868274583,0.015297906602254429,0.025974025974025976,0.07407407407407407,0.08163265306122448
100,7,0,41,-2,3,3,40,42,"40,41,42",1464,518,164,49,0,0,26,6,21,5,100,32,0,0,0,0,0,0,0.017759562841530054,0.011583011583011582,0.014344262295081968,0.009652509652509652,0.06830601092896176,0.06177606177606178
100,7,0,42,-1,3,2,41,42,"41,42",925,407,83,34,0,0,9,3,7,2,56,24,0,0,0,0,0,0,0.00972972972972973,0.007371007371007371,0.0075675675675675675,0.004914004914004914,0.06054054054054054,0.05896805896805897
100,7,1,28,-15,3,2,28,29,"28,29",446,137,67,29,0,0,7,4,10,4,45,19,0,0,0,0,0,0,0.01569506726457399,0.029197080291970802,0.02242152466367713,0.029197080291970802,0.10089686098654709,0.1386861313868613
100,7,1,29,-14,3,3,28,30,"28,29,30",669,309,105,38,0,0,12,3,16,6,63,26,0,0,0,0,0,0,0.017937219730941704,0.009708737864077669,0.02391629297458894,0.019417475728155338,0.09417040358744394,0.08414239482200647
100,7,1,30,-13,3,3,29,31,"29,30,31",673,223,99,38,0,0,9,5,13,6,63,18,0,0,0,0,0,0,0.01337295690936107,0.02242152466367713,0.019316493313521546,0.026905829596412557,0.09361069836552749,0.08071748878923767
100,7,1,31,-12,3,3,30,32,"30,31,32",638,141,90,23,0,0,8,1,10,1,59,19,0,0,0,0,0,0,0.012539184952978056,0.0070921985815602835,0.01567398119122257,0.0070921985815602835,0.09247648902821316,0.1347517730496454
100,7,1,32,-11,3,3,31,33,"31,32,33",657,274,82,29,0,0,9,2,10,3,53,22,0,0,0,0,0,0,0.0136986301369863,0.0072992700729927005,0.015220700152207,0.010948905109489052,0.0806697108066971,0.08029197080291971
100,7,1,33,-10,3,3,32,34,"32,33,34",705,242,85,30,0,0,9,6,11,6,53,12,0,0,0,0,0,0,0.01276595744680851,0.024793388429752067,0.015602836879432624,0.024793388429752067,0.075177304964539,0.049586776859504134
100,7,1,34,-9,3,3,33,35,"33,34,35",695,189,100,26,0,0,12,1,17,2,55,19,0,0,0,0,0,0,0.017266187050359712,0.005291005291005291,0.02446043165467626,0.010582010582010581,0.07913669064748201,0.10052910052910052
100,7,1,35,-8,3,3,34,36,"34,35,36",715,264,90,44,0,0,10,5,16,9,53,24,0,0,0,0,0,0,0.013986013986013986,0.01893939393939394,0.022377622377622378,0.03409090909090909,0.07412587412587412,0.09090909090909091
100,7,1,36,-7,3,3,35,37,"35,36,37",770,262,89,20,0,0,15,4,20,5,43,10,0,0,0,0,0,0,0.01948051948051948,0.015267175572519083,0.025974025974025976,0.019083969465648856,0.05584415584415584,0.03816793893129771
100,7,1,37,-6,3,3,36,38,"36,37,38",738,244,72,25,0,0,14,6,15,6,31,9,0,0,0,0,0,0,0.018970189701897018,0.02459016393442623,0.02032520325203252,0.02459016393442623,0.04200542005420054,0.036885245901639344
100,7,1,38,-5,3,3,37,39,"37,38,39",602,232,65,27,0,0,12,4,12,4,27,12,0,0,0,0,0,0,0.019933554817275746,0.017241379310344827,0.019933554817275746,0.017241379310344827,0.044850498338870434,0.05172413793103448
100,7,1,39,-4,3,3,38,40,"38,39,40",609,126,76,13,0,0,11,2,14,2,37,6,0,0,0,0,0,0,0.0180623973727422,0.015873015873015872,0.022988505747126436,0.015873015873015872,0.060755336617405585,0.047619047619047616
100,7,1,40,-3,3,3,39,41,"39,40,41",630,251,85,36,0,0,12,5,16,8,43,19,0,0,0,0,0,0,0.01904761904761905,0.0199203187250996,0.025396825396825397,0.03187250996015936,0.06825396825396825,0.07569721115537849
100,7,1,41,-2,3,3,40,42,"40,41,42",734,253,98,36,0,0,13,5,18,6,51,18,0,0,0,0,0,0,0.017711171662125342,0.019762845849802372,0.02452316076294278,0.023715415019762844,0.06948228882833787,0.07114624505928854
100,7,1,42,-1,3,2,41,42,"41,42",483,230,62,26,0,0,8,3,10,4,32,14,0,0,0,0,0,0,0.016563146997929608,0.013043478260869565,0.020703933747412008,0.017391304347826087,0.06625258799171843,0.06086956521739131
100,8,0,43,0,3,2,43,44,"43,44",775,388,100,50,0,0,13,6,7,3,72,36,0,0,0,0,0,0,0.016774193548387096,0.015463917525773196,0.00903225806451613,0.007731958762886598,0.09290322580645162,0.09278350515463918
100,8,0,44,1,3,3,43,45,"43,44,45",1225,387,172,50,0,0,22,7,13,4,124,36,0,0,0,0,0,0,0.017959183673469388,0.01808785529715762,0.010612244897959184,0.0103359173126615,0.10122448979591837,0.09302325581395349
100,8,0,45,2,3,3,44,46,"44,45,46",1306,450,165,72,0,0,21,9,14,6,120,52,0,0,0,0,0,0,0.016079632465543645,0.02,0.010719754977029096,0.013333333333333334,0.09188361408882083,0.11555555555555555
100,8,0,46,3,3,3,45,47,"45,46,47",1420,469,162,43,0,0,18,5,12,4,121,32,0,0,0,0,0,0,0.01267605633802817,0.010660980810234541,0.008450704225352112,0.008528784648187633,0.0852112676056338,0.06823027718550106
100,8,0,47,4,3,3,46,48,"46,47,48",1472,501,146,47,0,0,15,4,8,2,114,37,0,0,0,0,0,0,0.010190217391304348,0.007984031936127744,0.005434782608695652,0.003992015968063872,0.07744565217391304,0.07385229540918163
100,8,0,48,5,3,3,47,49,"47,48,49",1470,502,144,56,0,0,16,6,7,2,113,45,0,0,0,0,0,0,0.010884353741496598,0.01195219123505976,0.004761904761904762,0.00398406374501992,0.07687074829931972,0.08964143426294821
100,8,0,49,6,3,3,48,50,"48,49,50",1377,467,137,41,0,0,17,6,8,3,104,31,0,0,0,0,0,0,0.012345679012345678,0.01284796573875803,0.005809731299927378,0.006423982869379015,0.07552650689905592,0.06638115631691649
100,8,0,50,7,3,3,49,51,"49,50,51",1323,408,130,40,0,0,16,5,8,3,97,28,0,0,0,0,0,0,0.012093726379440665,0.012254901960784314,0.006046863189720333,0.007352941176470588,0.07331821617535904,0.06862745098039216
100,8,0,51,8,3,3,50,52,"50,51,52",1296,448,152,49,0,0,21,5,13,2,104,38,0,0,0,0,0,0,0.016203703703703703,0.011160714285714286,0.010030864197530864,0.004464285714285714,0.08024691358024691,0.08482142857142858
100,8,0,52,9,3,3,51,53,"51,52,53",1367,440,177,63,0,0,23,11,16,8,122,38,0,0,0,0,0,0,0.016825164594001463,0.025,0.011704462326261888,0.01818181818181818,0.08924652523774688,0.08636363636363636
100,8,0,53,10,3,3,52,54,"52,53,54",1387,479,178,65,0,0,27,7,20,6,116,46,0,0,0,0,0,0,0.01946647440519106,0.014613778705636743,0.014419610670511895,0.012526096033402923,0.083633741888969,0.09603340292275574
100,8,0,54,11,3,3,53,55,"53,54,55",1440,468,161,50,0,0,21,9,17,6,110,32,0,0,0,0,0,0,0.014583333333333334,0.019230769230769232,0.011805555555555555,0.01282051282051282,0.0763888888888889,0.06837606837606838
100,8,0,55,12,3,3,54,56,"54,55,56",1253,493,135,46,0,0,19,5,15,5,90,32,0,0,0,0,0,0,0.015163607342378291,0.010141987829614604,0.011971268954509178,0.010141987829614604,0.07182761372705507,0.06490872210953347
100,8,0,56,13,3,2,55,56,"55,56",785,292,85,39,0,0,10,5,9,4,58,26,0,0,0,0,0,0,0.012738853503184714,0.017123287671232876,0.011464968152866241,0.0136986301369863,0.07388535031847134,0.08904109589041095
100,8,0,58,15,3,2,58,59,"58,59",869,428,95,43,0,0,12,6,9,6,73,30,0,0,0,0,0,0,0.01380897583429229,0.014018691588785047,0.010356731875719217,0.014018691588785047,0.08400460299194476,0.07009345794392523
100,8,0,59,16,3,3,58,60,"58,59,60",1297,441,151,52,0,0,18,6,13,3,118,43,0,0,0,0,0,0,0.013878180416345412,0.013605442176870748,0.010023130300693909,0.006802721088435374,0.09097918272937548,0.09750566893424037
100,8,0,60,17,3,3,59,61,"59,60,61",1380,428,154,56,0,0,16,6,10,4,123,45,0,0,0,0,0,0,0.011594202898550725,0.014018691588785047,0.007246376811594203,0.009345794392523364,0.0891304347826087,0.10514018691588785
100,8,0,61,18,3,3,60,62,"60,61,62",1398,511,140,46,0,0,17,4,11,3,107,35,0,0,0,0,0,0,0.012160228898426323,0.007827788649706457,0.007868383404864092,0.005870841487279843,0.0765379113018598,0.0684931506849315
100,8,0,62,19,3,3,61,63,"61,62,63",1434,459,116,38,0,0,15,7,10,4,86,27,0,0,0,0,0,0,0.010460251046025104,0.015250544662309368,0.00697350069735007,0.008714596949891068,0.0599721059972106,0.058823529411764705
100,8,0,63,20,3,3,62,64,"62,63,64",1419,464,118,32,0,0,17,4,12,3,86,24,0,0,0,0,0,0,0.011980267794221282,0.008620689655172414,0.008456659619450317,0.00646551724137931,0.06060606060606061,0.05172413793103448
100,8,0,64,21,3,3,63,65,"63,64,65",1422,496,124,48,0,0,17,6,11,5,91,35,0,0,0,0,0,0,0.011954992967651195,0.012096774193548387,0.007735583684950774,0.010080645161290322,0.0639943741209564,0.07056451612903226
100,8,0,65,22,3,3,64,66,"64,65,66",1394,462,133,44,0,0,18,7,11,3,100,32,0,0,0,0,0,0,0.01291248206599713,0.015151515151515152,0.007890961262553802,0.006493506493506494,0.07173601147776183,0.06926406926406926
100,8,0,66,23,3,3,65,67,"65,66,67",1357,436,135,41,0,0,18,5,10,3,94,33,0,0,0,0,0,0,0.013264554163596167,0.011467889908256881,0.007369196757553427,0.006880733944954129,0.06927044952100221,0.07568807339449542
100,8,0,67,24,3,3,66,68,"66,67,68",1300,459,142,50,0,0,18,6,13,4,93,29,0,0,0,0,0,0,0.013846153846153847,0.013071895424836602,0.01,0.008714596949891068,0.07153846153846154,0.06318082788671024
100,8,0,68,25,3,3,67,69,"67,68,69",1203,405,134,51,0,0,19,7,15,6,78,31,0,0,0,0,0,0,0.015793848711554447,0.01728395061728395,0.012468827930174564,0.014814814814814815,0.06483790523690773,0.07654320987654321
100,8,0,69,26,3,3,68,70,"68,69,70",1127,339,123,33,0,0,18,6,14,5,77,18,0,0,0,0,0,0,0.015971606033717833,0.017699115044247787,0.012422360248447204,0.014749262536873156,0.06832298136645963,0.05309734513274336
100,8,0,70,27,3,3,69,71,"69,70,71",1157,383,94,39,0,0,12,5,9,3,64,28,0,0,0,0,0,0,0.010371650821089023,0.013054830287206266,0.007778738115816767,0.007832898172323759,0.055315471045808126,0.0731070496083551
100,8,0,71,28,3,3,70,72,"70,71,72",1193,435,86,22,0,0,9,1,4,1,66,18,0,0,0,0,0,0,0.0075440067057837385,0.0022988505747126436,0.003352891869237217,0.0022988505747126436,0.055322715842414084,0.041379310344827586
100,8,0,72,29,3,2,71,72,"71,72",810,375,47,25,0,0,4,3,1,0,38,20,0,0,0,0,0,0,0.0049382716049382715,0.008,0.0012345679012345679,0.0,0.04691358024691358,0.05333333333333334
100,8,1,43,0,3,2,43,44,"43,44",479,234,88,46,0,0,12,6,18,9,31,18,0,0,0,0,0,0,0.025052192066805846,0.02564102564102564,0.037578288100208766,0.038461538461538464,0.06471816283924843,0.07692307692307693
100,8,1,44,1,3,3,43,45,"43,44,45",758,245,152,42,0,0,25,6,34,9,57,13,0,0,0,0,0,0,0.032981530343007916,0.024489795918367346,0.044854881266490766,0.036734693877551024,0.07519788918205805,0.053061224489795916
100,8,1,45,2,3,3,44,46,"44,45,46",796,279,147,64,0,0,23,13,30,16,62,26,0,0,0,0,0,0,0.028894472361809045,0.04659498207885305,0.03768844221105527,0.05734767025089606,0.07788944723618091,0.0931899641577061
100,8,1,46,3,3,3,45,47,"45,46,47",824,272,138,41,0,0,23,4,29,5,65,23,0,0,0,0,0,0,0.027912621359223302,0.014705882352941176,0.03519417475728155,0.01838235294117647,0.07888349514563107,0.08455882352941177
100,8,1,47,4,3,3,46,48,"46,47,48",784,273,107,33,0,0,14,6,21,8,54,16,0,0,0,0,0,0,0.017857142857142856,0.02197802197802198,0.026785714285714284,0.029304029304029304,0.06887755102040816,0.05860805860805861
100,8,1,48,5,3,3,47,49,"47,48,49",769,239,108,33,0,0,15,4,24,8,57,15,0,0,0,0,0,0,0.01950585175552666,0.016736401673640166,0.031209362808842653,0.03347280334728033,0.0741222366710013,0.06276150627615062
100,8,1,49,6,3,3,48,50,"48,49,50",747,257,111,42,0,0,11,5,20,8,61,26,0,0,0,0,0,0,0.014725568942436412,0.019455252918287938,0.02677376171352075,0.0311284046692607,0.08165997322623829,0.10116731517509728
100,8,1,50,7,3,3,49,51,"49,50,51",776,251,125,36,0,0,14,2,22,4,71,20,0,0,0,0,0,0,0.01804123711340206,0.00796812749003984,0.028350515463917526,0.01593625498007968,0.09149484536082474,0.0796812749003984
100,8,1,51,8,3,3,50,52,"50,51,52",772,268,141,47,0,0,17,7,25,10,73,25,0,0,0,0,0,0,0.022020725388601035,0.026119402985074626,0.03238341968911917,0.03731343283582089,0.09455958549222798,0.09328358208955224
100,8,1,52,9,3,3,51,53,"51,52,53",779,253,149,58,0,0,24,8,31,11,70,28,0,0,0,0,0,0,0.03080872913992298,0.03162055335968379,0.03979460847240052,0.043478260869565216,0.08985879332477535,0.11067193675889328
100,8,1,53,10,3,3,52,54,"52,53,54",782,258,139,44,0,0,20,9,27,10,67,17,0,0,0,0,0,0,0.02557544757033248,0.03488372093023256,0.034526854219948847,0.03875968992248062,0.08567774936061381,0.06589147286821706
100,8,1,54,11,3,3,53,55,"53,54,55",794,271,111,37,0,0,14,3,18,6,64,22,0,0,0,0,0,0,0.017632241813602016,0.01107011070110701,0.022670025188916875,0.02214022140221402,0.08060453400503778,0.08118081180811808
100,8,1,55,12,3,3,54,56,"54,55,56",698,265,79,30,0,0,6,2,10,2,53,25,0,0,0,0,0,0,0.008595988538681949,0.007547169811320755,0.014326647564469915,0.007547169811320755,0.07593123209169055,0.09433962264150944
100,8,1,56,13,3,2,55,56,"55,56",427,162,42,12,0,0,3,1,4,2,31,6,0,0,0,0,0,0,0.00702576112412178,0.006172839506172839,0.00936768149882904,0.012345679012345678,0.07259953161592506,0.037037037037037035
100,8,1,58,15,3,2,58,59,"58,59",503,255,75,43,0,0,11,9,14,9,44,22,0,0,0,0,0,0,0.02186878727634195,0.03529411764705882,0.027833001988071572,0.03529411764705882,0.0874751491053678,0.08627450980392157
100,8,1,59,16,3,3,58,60,"58,59,60",766,248,114,32,0,0,14,2,19,5,71,22,0,0,0,0,0,0,0.018276762402088774,0.008064516129032258,0.024804177545691905,0.020161290322580645,0.0926892950391645,0.08870967741935484
100,8,1,60,17,3,3,59,61,"59,60,61",776,263,109,39,0,0,12,3,18,5,66,27,0,0,0,0,0,0,0.015463917525773196,0.011406844106463879,0.023195876288659795,0.019011406844106463,0.08505154639175258,0.10266159695817491
100,8,1,61,18,3,3,60,62,"60,61,62",811,265,124,38,0,0,14,7,20,8,76,17,0,0,0,0,0,0,0.01726263871763255,0.026415094339622643,0.02466091245376079,0.03018867924528302,0.093711467324291,0.06415094339622641
100,8,1,62,19,3,3,61,63,"61,62,63",822,283,118,47,0,0,13,4,18,7,74,32,0,0,0,0,0,0,0.015815085158150853,0.014134275618374558,0.021897810218978103,0.024734982332155476,0.09002433090024331,0.11307420494699646
100,8,1,63,20,3,3,62,64,"62,63,64",807,274,117,33,0,0,11,2,16,3,79,25,0,0,0,0,0,0,0.013630731102850062,0.0072992700729927005,0.01982651796778191,0.010948905109489052,0.09789343246592318,0.09124087591240876
100,8,1,64,21,3,3,63,65,"63,64,65",776,250,114,37,0,0,16,5,22,6,65,22,0,0,0,0,0,0,0.020618556701030927,0.02,0.028350515463917526,0.024,0.08376288659793814,0.088
100,8,1,65,22,3,3,64,66,"64,65,66",781,252,125,44,0,0,19,9,26,13,67,18,0,0,0,0,0,0,0.024327784891165175,0.03571428571428571,0.03329065300896287,0.051587301587301584,0.08578745198463508,0.07142857142857142
100,8,1,66,23,3,3,65,67,"65,66,67",786,279,126,44,0,0,18,5,26,7,64,27,0,0,0,0,0,0,0.022900763358778626,0.017921146953405017,0.03307888040712468,0.025089605734767026,0.08142493638676845,0.0967741935483871
100,8,1,67,24,3,3,66,68,"66,67,68",765,255,115,38,0,0,13,4,18,6,66,19,0,0,0,0,0,0,0.01699346405228758,0.01568627450980392,0.023529411764705882,0.023529411764705882,0.08627450980392157,0.07450980392156863
100,8,1,68,25,3,3,67,69,"67,68,69",767,231,136,33,0,0,20,4,24,5,63,20,0,0,0,0,0,0,0.02607561929595828,0.017316017316017316,0.03129074315514994,0.021645021645021644,0.08213820078226858,0.08658008658008658
100,8,1,69,26,3,3,68,70,"68,69,70",795,281,158,65,0,0,25,12,29,13,77,24,0,0,0,0,0,0,0.031446540880503145,0.042704626334519574,0.03647798742138365,0.046263345195729534,0.09685534591194969,0.08540925266903915
100,8,1,70,27,3,3,69,71,"69,70,71",809,283,152,60,0,0,26,9,29,11,69,33,0,0,0,0,0,0,0.032138442521631644,0.03180212014134275,0.03584672435105068,0.038869257950530034,0.08529048207663782,0.1166077738515901
100,8,1,71,28,3,3,70,72,"70,71,72",771,245,128,27,0,0,18,5,23,5,65,12,0,0,0,0,0,0,0.023346303501945526,0.02040816326530612,0.029831387808041506,0.02040816326530612,0.08430609597924774,0.04897959183673469
100,8,1,72,29,3,2,71,72,"71,72",488,243,68,41,0,0,9,4,12,7,32,20,0,0,0,0,0,0,0.018442622950819672,0.01646090534979424,0.02459016393442623,0.02880658436213992,0.06557377049180328,0.0823045267489712
103,7,0,26,-27,3,2,26,27,"26,27",725,306,132,54,0,0,29,12,23,9,56,21,0,0,0,0,0,0,0.04,0.0392156862745098,0.031724137931034485,0.029411764705882353,0.07724137931034483,0.06862745098039216
103,7,0,27,-26,3,3,26,28,"26,27,28",1230,419,186,78,0,0,35,17,28,14,91,35,0,0,0,0,0,0,0.028455284552845527,0.0405727923627685,0.022764227642276424,0.03341288782816229,0.07398373983739838,0.08353221957040573
103,7,0,28,-25,3,3,27,29,"27,28,29",1337,505,187,54,0,0,31,6,27,5,100,35,0,0,0,0,0,0,0.02318623784592371,0.011881188118811881,0.02019446522064323,0.009900990099009901,0.07479431563201197,0.06930693069306931
103,7,0,29,-24,3,3,28,30,"28,29,30",1275,413,147,55,0,0,22,8,19,8,85,30,0,0,0,0,0,0,0.017254901960784313,0.01937046004842615,0.014901960784313726,0.01937046004842615,0.06666666666666667,0.07263922518159806
103,7,0,30,-23,3,3,29,31,"29,30,31",1241,357,150,38,0,0,22,8,18,6,90,20,0,0,0,0,0,0,0.017727639000805803,0.022408963585434174,0.014504431909750202,0.01680672268907563,0.072522159548751,0.056022408963585436
103,7,0,31,-22,3,3,30,32,"30,31,32",1348,471,194,57,0,0,34,6,26,4,116,40,0,0,0,0,0,0,0.025222551928783383,0.012738853503184714,0.019287833827893175,0.008492569002123142,0.08605341246290801,0.08492569002123142
103,7,0,32,-21,3,3,31,33,"31,32,33",1468,520,247,99,0,0,33,20,24,16,169,56,0,0,0,0,0,0,0.022479564032697547,0.038461538461538464,0.01634877384196185,0.03076923076923077,0.11512261580381472,0.1076923076923077
103,7,0,33,-20,3,3,32,34,"32,33,34",1359,477,239,91,0,0,31,7,23,4,167,73,0,0,0,0,0,0,0.022810890360559236,0.014675052410901468,0.01692420897718911,0.008385744234800839,0.12288447387785136,0.1530398322851153
103,7,0,34,-19,3,3,33,35,"33,34,35",1359,362,247,49,0,0,23,4,18,3,187,38,0,0,0,0,0,0,0.01692420897718911,0.011049723756906077,0.013245033112582781,0.008287292817679558,0.13760117733627666,0.10497237569060773
103,7,0,35,-18,3,3,34,36,"34,35,36",1490,520,246,107,0,0,33,12,29,11,159,76,0,0,0,0,0,0,0.02214765100671141,0.023076923076923078,0.019463087248322148,0.021153846153846155,0.10671140939597315,0.14615384615384616
103,7,0,36,-17,3,3,35,37,"35,36,37",1681,608,271,90,0,0,40,17,36,15,165,45,0,0,0,0,0,0,0.02379535990481856,0.027960526315789474,0.021415823914336704,0.024671052631578948,0.09815585960737656,0.07401315789473684
103,7,0,37,-16,3,3,36,38,"36,37,38",1482,553,210,74,0,0,36,11,33,10,117,44,0,0,0,0,0,0,0.024291497975708502,0.019891500904159132,0.022267206477732792,0.018083182640144666,0.07894736842105263,0.07956600361663653
103,7,0,38,-15,3,3,37,39,"37,38,39",1470,321,235,46,0,0,33,8,30,8,156,28,0,0,0,0,0,0,0.022448979591836733,0.024922118380062305,0.02040816326530612,0.024922118380062305,0.10612244897959183,0.08722741433021806
103,7,0,39,-14,3,3,38,40,"38,39,40",1494,596,212,115,0,0,28,14,26,12,147,84,0,0,0,0,0,0,0.018741633199464525,0.02348993288590604,0.01740294511378849,0.020134228187919462,0.09839357429718876,0.14093959731543623
103,7,0,40,-13,3,3,39,41,"39,40,41",1663,577,225,51,0,0,31,6,27,6,152,35,0,0,0,0,0,0,0.018641010222489478,0.010398613518197574,0.016235718580877932,0.010398613518197574,0.09140108238123873,0.060658578856152515
103,7,0,41,-12,3,3,40,42,"40,41,42",1507,490,165,59,0,0,19,11,17,9,111,33,0,0,0,0,0,0,0.012607830126078301,0.022448979591836733,0.0112806901128069,0.018367346938775512,0.07365627073656271,0.0673469387755102
103,7,0,42,-11,3,3,41,43,"41,42,43",1419,440,176,55,0,0,21,2,19,2,117,43,0,0,0,0,0,0,0.014799154334038054,0.004545454545454545,0.013389711064129669,0.004545454545454545,0.0824524312896406,0.09772727272727273
103,7,0,43,-10,3,3,42,44,"42,43,44",1389,489,191,62,0,0,20,8,20,8,128,41,0,0,0,0,0,0,0.014398848092152628,0.016359918200409,0.014398848092152628,0.016359918200409,0.09215262778977681,0.08384458077709611
103,7,0,44,-9,3,3,43,45,"43,44,45",1548,460,247,74,0,0,31,10,30,10,166,44,0,0,0,0,0,0,0.020025839793281652,0.021739130434782608,0.01937984496124031,0.021739130434782608,0.10723514211886305,0.09565217391304348
103,7,0,45,-8,3,3,44,46,"44,45,46",1761,599,272,111,0,0,35,13,33,12,184,81,0,0,0,0,0,0,0.019875070982396367,0.021702838063439065,0.018739352640545145,0.02003338898163606,0.10448608745031232,0.1352253756260434
103,7,0,46,-7,3,3,45,47,"45,46,47",1834,702,253,87,0,0,31,12,29,11,177,59,0,0,0,0,0,0,0.016902944383860415,0.017094017094017096,0.015812431842966195,0.01566951566951567,0.0965103598691385,0.08404558404558404
103,7,0,47,-6,3,3,46,48,"46,47,48",1837,533,201,55,0,0,20,6,19,6,144,37,0,0,0,0,0,0,0.010887316276537834,0.01125703564727955,0.010342950462710943,0.01125703564727955,0.0783886771910724,0.06941838649155722
103,7,0,48,-5,3,3,47,49,"47,48,49",1703,602,172,59,0,0,13,2,12,2,128,48,0,0,0,0,0,0,0.007633587786259542,0.0033222591362126247,0.007046388725778039,0.0033222591362126247,0.07516147974163241,0.07973421926910298
103,7,0,49,-4,3,3,48,50,"48,49,50",1776,568,204,58,0,0,19,5,14,4,153,43,0,0,0,0,0,0,0.010698198198198198,0.008802816901408451,0.007882882882882882,0.007042253521126761,0.08614864864864864,0.07570422535211267
103,7,0,50,-3,3,3,49,51,"49,50,51",1587,606,197,87,0,0,26,12,20,8,135,62,0,0,0,0,0,0,0.01638311279143037,0.019801980198019802,0.01260239445494644,0.013201320132013201,0.08506616257088846,0.10231023102310231
103,7,0,51,-2,3,3,50,52,"50,51,52",1507,413,203,52,0,0,29,9,23,8,134,30,0,0,0,0,0,0,0.019243530192435302,0.021791767554479417,0.015262110152621102,0.01937046004842615,0.08891838088918382,0.07263922518159806
103,7,0,52,-1,3,2,51,52,"51,52",901,488,116,64,0,0,17,8,15,7,72,42,0,0,0,0,0,0,0.018867924528301886,0.01639344262295082,0.016648168701442843,0.014344262295081968,0.07991120976692564,0.0860655737704918
103,7,1,26,-27,3,2,26,27,"26,27",459,233,97,50,0,0,22,13,28,16,29,13,0,0,0,0,0,0,0.04793028322440087,0.055793991416309016,0.06100217864923747,0.06866952789699571,0.06318082788671024,0.055793991416309016
103,7,1,27,-26,3,3,26,28,"26,27,28",724,226,148,47,0,0,33,9,40,12,52,16,0,0,0,0,0,0,0.04558011049723757,0.03982300884955752,0.055248618784530384,0.05309734513274336,0.0718232044198895,0.07079646017699115
103,7,1,28,-25,3,3,27,29,"27,28,29",694,265,128,51,0,0,24,11,28,12,58,23,0,0,0,0,0,0,0.0345821325648415,0.04150943396226415,0.040345821325648415,0.045283018867924525,0.08357348703170028,0.08679245283018867
103,7,1,29,-24,3,3,28,30,"28,29,30",648,203,112,30,0,0,17,4,20,4,63,19,0,0,0,0,0,0,0.026234567901234566,0.019704433497536946,0.030864197530864196,0.019704433497536946,0.09722222222222222,0.09359605911330049
103,7,1,30,-23,3,3,29,31,"29,30,31",594,180,96,31,0,0,10,2,14,4,59,21,0,0,0,0,0,0,0.016835016835016835,0.011111111111111112,0.02356902356902357,0.022222222222222223,0.09932659932659933,0.11666666666666667
103,7,1,31,-22,3,3,30,32,"30,31,32",622,211,122,35,0,0,15,4,23,6,66,19,0,0,0,0,0,0,0.024115755627009645,0.018957345971563982,0.03697749196141479,0.02843601895734597,0.10610932475884244,0.09004739336492891
103,7,1,32,-21,3,3,31,33,"31,32,33",709,231,153,56,0,0,23,9,32,13,76,26,0,0,0,0,0,0,0.03244005641748942,0.03896103896103896,0.045133991537376586,0.05627705627705628,0.1071932299012694,0.11255411255411256
103,7,1,33,-20,3,3,32,34,"32,33,34",721,267,170,62,0,0,28,10,36,13,86,31,0,0,0,0,0,0,0.038834951456310676,0.03745318352059925,0.049930651872399444,0.04868913857677903,0.11927877947295423,0.11610486891385768
103,7,1,34,-19,3,3,33,35,"33,34,35",753,223,167,52,0,0,25,9,30,10,95,29,0,0,0,0,0,0,0.033200531208499334,0.04035874439461883,0.0398406374501992,0.04484304932735426,0.12616201859229748,0.13004484304932734
103,7,1,35,-18,3,3,34,36,"34,35,36",721,263,139,53,0,0,18,6,22,7,88,35,0,0,0,0,0,0,0.024965325936199722,0.022813688212927757,0.030513176144244106,0.026615969581749048,0.12205270457697642,0.13307984790874525
103,7,1,36,-17,3,3,35,37,"35,36,37",746,235,117,34,0,0,13,3,17,5,79,24,0,0,0,0,0,0,0.01742627345844504,0.01276595744680851,0.022788203753351208,0.02127659574468085,0.10589812332439678,0.10212765957446808
103,7,1,37,-16,3,3,36,38,"36,37,38",654,248,89,30,0,0,10,4,13,5,61,20,0,0,0,0,0,0,0.01529051987767584,0.016129032258064516,0.019877675840978593,0.020161290322580645,0.09327217125382263,0.08064516129032258
103,7,1,38,-15,3,3,37,39,"37,38,39",705,171,105,25,0,0,13,3,16,3,67,17,0,0,0,0,0,0,0.018439716312056736,0.017543859649122806,0.02269503546099291,0.017543859649122806,0.0950354609929078,0.09941520467836257
103,7,1,39,-14,3,3,38,40,"38,39,40",751,286,104,50,0,0,12,6,14,8,63,30,0,0,0,0,0,0,0.015978695073235686,0.02097902097902098,0.018641810918774968,0.027972027972027972,0.08388814913448735,0.1048951048951049
103,7,1,40,-13,3,3,39,41,"39,40,41",838,294,110,29,0,0,10,3,14,3,67,16,0,0,0,0,0,0,0.011933174224343675,0.01020408163265306,0.016706443914081145,0.01020408163265306,0.07995226730310262,0.05442176870748299
103,7,1,41,-12,3,3,40,42,"40,41,42",741,258,86,31,0,0,9,1,11,3,52,21,0,0,0,0,0,0,0.012145748987854251,0.003875968992248062,0.014844804318488529,0.011627906976744186,0.07017543859649122,0.08139534883720931
103,7,1,42,-11,3,3,41,43,"41,42,43",711,189,87,26,0,0,8,5,10,5,59,15,0,0,0,0,0,0,0.011251758087201125,0.026455026455026454,0.014064697609001406,0.026455026455026454,0.0829817158931083,0.07936507936507936
103,7,1,43,-10,3,3,42,44,"42,43,44",657,264,85,30,0,0,9,2,9,2,60,23,0,0,0,0,0,0,0.0136986301369863,0.007575757575757576,0.0136986301369863,0.007575757575757576,0.091324200913242,0.08712121212121213
103,7,1,44,-9,3,3,43,45,"43,44,45",768,204,118,29,0,0,11,2,12,2,85,22,0,0,0,0,0,0,0.014322916666666666,0.00980392156862745,0.015625,0.00980392156862745,0.11067708333333333,0.10784313725490197
103,7,1,45,-8,3,3,44,46,"44,45,46",779,300,122,59,0,0,14,7,16,8,81,40,0,0,0,0,0,0,0.01797175866495507,0.023333333333333334,0.02053915275994865,0.02666666666666667,0.10397946084724005,0.13333333333333333
103,7,1,46,-7,3,3,45,47,"45,46,47",855,275,137,34,0,0,17,5,19,6,86,19,0,0,0,0,0,0,0.019883040935672516,0.01818181818181818,0.022222222222222223,0.02181818181818182,0.10058479532163743,0.06909090909090909
103,7,1,47,-6,3,3,46,48,"46,47,48",816,280,108,44,0,0,15,5,16,5,64,27,0,0,0,0,0,0,0.01838235294117647,0.017857142857142856,0.0196078431372549,0.017857142857142856,0.0784313725490196,0.09642857142857143
103,7,1,48,-5,3,3,47,49,"47,48,49",792,261,105,30,0,0,12,5,13,5,65,18,0,0,0,0,0,0,0.015151515151515152,0.019157088122605363,0.016414141414141416,0.019157088122605363,0.08207070707070707,0.06896551724137931
103,7,1,49,-4,3,3,48,50,"48,49,50",821,251,109,31,0,0,15,2,20,3,60,20,0,0,0,0,0,0,0.018270401948842874,0.00796812749003984,0.024360535931790498,0.01195219123505976,0.0730816077953715,0.0796812749003984
103,7,1,50,-3,3,3,49,51,"49,50,51",777,309,118,48,0,0,16,8,22,12,63,22,0,0,0,0,0,0,0.02059202059202059,0.025889967637540454,0.028314028314028315,0.038834951456310676,0.08108108108108109,0.07119741100323625
103,7,1,51,-2,3,3,50,52,"50,51,52",782,217,123,39,0,0,17,6,23,7,66,21,0,0,0,0,0,0,0.021739130434782608,0.027649769585253458,0.029411764705882353,0.03225806451612903,0.08439897698209718,0.0967741935483871
103,7,1,52,-1,3,2,51,52,"51,52",473,256,75,36,0,0,9,3,11,4,44,23,0,0,0,0,0,0,0.019027484143763214,0.01171875,0.023255813953488372,0.015625,0.09302325581395349,0.08984375
103,8,0,53,0,3,2,53,54,"53,54",895,426,118,53,0,0,15,6,10,5,83,39,0,0,0,0,0,0,0.01675977653631285,0.014084507042253521,0.0111731843575419,0.011737089201877934,0.09273743016759776,0.09154929577464789
103,8,0,54,1,3,3,53,55,"53,54,55",1506,469,196,65,0,0,27,9,18,5,140,44,0,0,0,0,0,0,0.017928286852589643,0.019189765458422176,0.01195219123505976,0.010660980810234541,0.09296148738379814,0.09381663113006397
103,8,0,55,2,3,3,54,56,"54,55,56",1452,611,180,78,0,0,23,12,14,8,126,57,0,0,0,0,0,0,0.01584022038567493,0.019639934533551555,0.009641873278236915,0.01309328968903437,0.08677685950413223,0.09328968903436989
103,8,0,56,3,3,3,55,57,"55,56,57",1457,372,165,37,0,0,19,2,13,1,118,25,0,0,0,0,0,0,0.013040494166094716,0.005376344086021506,0.008922443376801648,0.002688172043010753,0.08098833218943034,0.06720430107526881
103,8,0,57,4,3,3,56,58,"56,57,58",1366,474,156,50,0,0,15,5,8,4,118,36,0,0,0,0,0,0,0.010980966325036604,0.010548523206751054,0.005856515373352855,0.008438818565400843,0.08638360175695461,0.0759493670886076
103,8,0,58,5,3,3,57,59,"57,58,59",1541,520,164,69,0,0,15,8,8,3,134,57,0,0,0,0,0,0,0.00973393900064893,0.015384615384615385,0.005191434133679429,0.0057692307692307696,0.08695652173913043,0.10961538461538461
103,8,0,59,6,3,3,58,60,"58,59,60",1620,547,167,45,0,0,16,2,9,1,137,41,0,0,0,0,0,0,0.009876543209876543,0.003656307129798903,0.005555555555555556,0.0018281535648994515,0.08456790123456791,0.07495429616087751
103,8,0,60,7,3,3,59,61,"59,60,61",1660,553,168,53,0,0,12,6,9,5,141,39,0,0,0,0,0,0,0.007228915662650603,0.0108499095840868,0.005421686746987952,0.009041591320072333,0.08493975903614458,0.0705244122965642
103,8,0,61,8,3,3,60,62,"60,61,62",1701,560,192,70,0,0,20,4,15,3,150,61,0,0,0,0,0,0,0.011757789535567314,0.007142857142857143,0.008818342151675485,0.005357142857142857,0.08818342151675485,0.10892857142857143
103,8,0,62,9,3,3,61,63,"61,62,63",1743,588,209,69,0,0,22,10,14,7,169,50,0,0,0,0,0,0,0.012621916236374068,0.017006802721088437,0.008032128514056224,0.011904761904761904,0.09695926563396443,0.08503401360544217
103,8,0,63,10,3,3,62,64,"62,63,64",1767,595,192,70,0,0,25,8,13,4,149,58,0,0,0,0,0,0,0.014148273910582909,0.013445378151260505,0.007357102433503113,0.0067226890756302525,0.08432371250707414,0.09747899159663866
103,8,0,64,11,3,3,63,65,"63,64,65",1666,584,173,53,0,0,20,7,8,2,135,41,0,0,0,0,0,0,0.012004801920768308,0.011986301369863013,0.004801920768307323,0.003424657534246575,0.08103241296518607,0.0702054794520548
103,8,0,65,12,3,3,64,66,"64,65,66",1306,487,140,50,0,0,17,5,7,2,105,36,0,0,0,0,0,0,0.013016845329249618,0.01026694045174538,0.005359877488514548,0.004106776180698152,0.08039816232771822,0.07392197125256673
103,8,0,66,13,3,3,65,67,"65,66,67",1239,235,167,37,0,0,19,5,13,3,124,28,0,0,0,0,0,0,0.01533494753833737,0.02127659574468085,0.010492332526230832,0.01276595744680851,0.10008071025020178,0.11914893617021277
103,8,0,67,14,3,3,66,68,"66,67,68",1205,517,186,80,0,0,21,9,15,8,142,60,0,0,0,0,0,0,0.017427385892116183,0.017408123791102514,0.012448132780082987,0.015473887814313346,0.11784232365145228,0.11605415860735009
103,8,0,68,15,3,3,67,69,"67,68,69",1563,453,207,69,0,0,23,7,17,4,158,54,0,0,0,0,0,0,0.01471529110684581,0.01545253863134658,0.010876519513755598,0.008830022075055188,0.10108765195137556,0.11920529801324503
103,8,0,69,16,3,3,68,70,"68,69,70",1329,593,189,58,0,0,28,7,14,5,137,44,0,0,0,0,0,0,0.021068472535741158,0.011804384485666104,0.010534236267870579,0.008431703204047217,0.10308502633559068,0.07419898819561552
103,8,0,70,17,3,3,69,71,"69,70,71",1451,283,166,62,0,0,27,14,11,5,118,39,0,0,0,0,0,0,0.018607856650585803,0.04946996466431095,0.007580978635423846,0.0176678445229682,0.08132322536181943,0.13780918727915195
103,8,0,71,18,3,3,70,72,"70,71,72",1356,575,154,46,0,0,24,6,8,1,109,35,0,0,0,0,0,0,0.017699115044247787,0.010434782608695653,0.0058997050147492625,0.0017391304347826088,0.0803834808259587,0.06086956521739131
103,8,0,72,19,3,3,71,73,"71,72,73",1522,498,139,46,0,0,12,4,4,2,103,35,0,0,0,0,0,0,0.00788436268068331,0.008032128514056224,0.002628120893561104,0.004016064257028112,0.06767411300919843,0.07028112449799197
103,8,0,73,20,3,3,72,74,"72,73,74",1423,449,140,47,0,0,10,2,7,1,107,33,0,0,0,0,0,0,0.007027406886858749,0.004454342984409799,0.004919184820801124,0.0022271714922048997,0.07519325368938862,0.07349665924276169
103,8,0,74,21,3,3,73,75,"73,74,75",1427,476,143,47,0,0,12,4,7,4,110,39,0,0,0,0,0,0,0.008409250175192713,0.008403361344537815,0.004905395935529082,0.008403361344537815,0.07708479327259986,0.0819327731092437
103,8,0,75,22,3,3,74,76,"74,75,76",1448,502,131,49,0,0,12,6,8,2,104,38,0,0,0,0,0,0,0.008287292817679558,0.01195219123505976,0.0055248618784530384,0.00398406374501992,0.0718232044198895,0.07569721115537849
103,8,0,76,23,3,3,75,77,"75,76,77",1441,470,130,35,0,0,16,2,7,2,94,27,0,0,0,0,0,0,0.011103400416377515,0.00425531914893617,0.004857737682165163,0.00425531914893617,0.0652324774462179,0.0574468085106383
103,8,0,77,24,3,3,76,78,"76,77,78",1298,469,138,46,0,0,18,8,11,3,89,29,0,0,0,0,0,0,0.01386748844375963,0.017057569296375266,0.00847457627118644,0.006396588486140725,0.06856702619414484,0.06183368869936034
103,8,0,78,25,3,3,77,79,"77,78,79",1185,359,133,57,0,0,19,8,10,6,86,33,0,0,0,0,0,0,0.016033755274261603,0.022284122562674095,0.008438818565400843,0.016713091922005572,0.07257383966244725,0.09192200557103064
103,8,0,79,26,3,3,78,80,"78,79,80",1200,357,164,30,0,0,20,3,14,1,115,24,0,0,0,0,0,0,0.016666666666666666,0.008403361344537815,0.011666666666666667,0.0028011204481792717,0.09583333333333334,0.06722689075630252
103,8,0,80,27,3,3,79,81,"79,80,81",1469,484,250,77,0,0,30,9,26,7,166,58,0,0,0,0,0,0,0.02042205582028591,0.01859504132231405,0.017699115044247787,0.014462809917355372,0.11300204220558203,0.11983471074380166
103,8,0,81,28,3,2,80,81,"80,81",1112,628,220,143,0,0,27,18,25,18,142,84,0,0,0,0,0,0,0.024280575539568347,0.028662420382165606,0.022482014388489208,0.028662420382165606,0.12769784172661872,0.1337579617834395
103,8,1,53,0,3,2,53,54,"53,54",539,265,90,34,0,0,12,3,17,4,42,17,0,0,0,0,0,0,0.022263450834879406,0.011320754716981131,0.03153988868274583,0.01509433962264151,0.07792207792207792,0.06415094339622641
103,8,1,54,1,3,3,53,55,"53,54,55",902,274,165,56,0,0,24,9,33,13,83,25,0,0,0,0,0,0,0.026607538802660754,0.032846715328467155,0.036585365853658534,0.04744525547445255,0.09201773835920177,0.09124087591240876
103,8,1,55,2,3,3,54,56,"54,55,56",875,363,162,75,0,0,25,12,34,16,83,41,0,0,0,0,0,0,0.02857142857142857,0.03305785123966942,0.038857142857142854,0.0440771349862259,0.09485714285714286,0.11294765840220386
103,8,1,56,3,3,3,55,57,"55,56,57",903,238,154,31,0,0,22,4,28,5,84,17,0,0,0,0,0,0,0.024363233665559248,0.01680672268907563,0.031007751937984496,0.02100840336134454,0.09302325581395349,0.07142857142857142
103,8,1,57,4,3,3,56,58,"56,57,58",866,302,154,48,0,0,19,6,26,7,91,26,0,0,0,0,0,0,0.021939953810623556,0.019867549668874173,0.03002309468822171,0.023178807947019868,0.10508083140877598,0.08609271523178808
103,8,1,58,5,3,3,57,59,"57,58,59",914,326,166,75,0,0,22,9,29,14,96,48,0,0,0,0,0,0,0.024070021881838075,0.027607361963190184,0.03172866520787746,0.04294478527607362,0.1050328227571116,0.147239263803681
103,8,1,59,6,3,3,58,60,"58,59,60",902,286,172,43,0,0,25,7,32,8,101,22,0,0,0,0,0,0,0.02771618625277162,0.024475524475524476,0.03547671840354767,0.027972027972027972,0.11197339246119734,0.07692307692307693
103,8,1,60,7,3,3,59,61,"59,60,61",884,290,151,54,0,0,25,9,28,10,85,31,0,0,0,0,0,0,0.02828054298642534,0.03103448275862069,0.03167420814479638,0.034482758620689655,0.09615384615384616,0.10689655172413794
103,8,1,61,8,3,3,60,62,"60,61,62",889,308,160,54,0,0,23,9,28,10,96,32,0,0,0,0,0,0,0.025871766029246346,0.02922077922077922,0.031496062992125984,0.032467532467532464,0.10798650168728909,0.1038961038961039
103,8,1,62,9,3,3,61,63,"61,62,63",937,291,171,52,0,0,24,5,32,8,96,33,0,0,0,0,0,0,0.025613660618996798,0.01718213058419244,0.03415154749199573,0.027491408934707903,0.10245464247598719,0.1134020618556701
103,8,1,63,10,3,3,62,64,"62,63,64",945,338,174,65,0,0,21,10,33,14,99,31,0,0,0,0,0,0,0.022222222222222223,0.029585798816568046,0.03492063492063492,0.04142011834319527,0.10476190476190476,0.09171597633136094
103,8,1,64,11,3,3,63,65,"63,64,65",938,316,169,57,0,0,20,6,32,11,96,35,0,0,0,0,0,0,0.021321961620469083,0.0189873417721519,0.03411513859275053,0.03481012658227848,0.1023454157782516,0.11075949367088607
103,8,1,65,12,3,3,64,66,"64,65,66",745,284,133,47,0,0,11,4,21,7,87,30,0,0,0,0,0,0,0.01476510067114094,0.014084507042253521,0.028187919463087248,0.02464788732394366,0.11677852348993288,0.1056338028169014
103,8,1,66,13,3,3,65,67,"65,66,67",730,145,134,29,0,0,12,1,18,3,88,22,0,0,0,0,0,0,0.01643835616438356,0.006896551724137931,0.024657534246575342,0.020689655172413793,0.12054794520547946,0.15172413793103448
103,8,1,67,14,3,3,66,68,"66,67,68",773,301,161,58,0,0,19,7,25,8,100,36,0,0,0,0,0,0,0.02457956015523933,0.023255813953488372,0.03234152652005175,0.026578073089700997,0.129366106080207,0.11960132890365449
103,8,1,68,15,3,3,67,69,"67,68,69",944,327,184,74,0,0,21,11,27,14,112,42,0,0,0,0,0,0,0.022245762711864406,0.03363914373088685,0.028601694915254237,0.04281345565749235,0.11864406779661017,0.12844036697247707
103,8,1,69,16,3,3,68,70,"68,69,70",833,316,189,52,0,0,23,3,37,5,100,34,0,0,0,0,0,0,0.027611044417767107,0.00949367088607595,0.04441776710684274,0.015822784810126583,0.12004801920768307,0.10759493670886076
103,8,1,70,17,3,3,69,71,"69,70,71",814,190,168,63,0,0,20,9,36,18,77,24,0,0,0,0,0,0,0.02457002457002457,0.04736842105263158,0.044226044226044224,0.09473684210526316,0.0945945945945946,0.12631578947368421
103,8,1,71,18,3,3,70,72,"70,71,72",758,308,148,53,0,0,21,8,37,13,63,19,0,0,0,0,0,0,0.027704485488126648,0.025974025974025976,0.048812664907651716,0.04220779220779221,0.08311345646437995,0.06168831168831169
103,8,1,72,19,3,3,71,73,"71,72,73",835,260,124,32,0,0,18,4,26,6,61,20,0,0,0,0,0,0,0.02155688622754491,0.015384615384615385,0.031137724550898204,0.023076923076923078,0.07305389221556886,0.07692307692307693
103,8,1,73,20,3,3,72,74,"72,73,74",815,267,109,39,0,0,14,6,17,7,66,22,0,0,0,0,0,0,0.01717791411042945,0.02247191011235955,0.020858895705521473,0.026217228464419477,0.08098159509202454,0.08239700374531835
103,8,1,74,21,3,3,73,75,"73,74,75",843,288,129,38,0,0,17,4,22,4,74,24,0,0,0,0,0,0,0.020166073546856466,0.013888888888888888,0.02609727164887307,0.013888888888888888,0.08778173190984578,0.08333333333333333
103,8,1,75,22,3,3,74,76,"74,75,76",852,288,130,52,0,0,13,7,17,11,81,28,0,0,0,0,0,0,0.015258215962441314,0.024305555555555556,0.01995305164319249,0.03819444444444445,0.09507042253521127,0.09722222222222222
103,8,1,76,23,3,3,75,77,"75,76,77",840,276,147,40,0,0,15,2,24,2,88,29,0,0,0,0,0,0,0.017857142857142856,0.007246376811594203,0.02857142857142857,0.007246376811594203,0.10476190476190476,0.10507246376811594
103,8,1,77,24,3,3,76,78,"76,77,78",752,276,116,55,0,0,9,6,16,11,72,31,0,0,0,0,0,0,0.011968085106382979,0.021739130434782608,0.02127659574468085,0.03985507246376811,0.09574468085106383,0.11231884057971014
103,8,1,78,25,3,3,77,79,"77,78,79",747,200,124,21,0,0,12,1,21,3,73,12,0,0,0,0,0,0,0.01606425702811245,0.005,0.028112449799196786,0.015,0.09772423025435073,0.06
103,8,1,79,26,3,3,78,80,"78,79,80",775,271,170,48,0,0,27,5,33,7,75,30,0,0,0,0,0,0,0.03483870967741935,0.01845018450184502,0.04258064516129032,0.025830258302583026,0.0967741935483871,0.11070110701107011
103,8,1,80,27,3,2,79,80,"79,80",575,304,149,101,0,0,26,21,30,23,63,33,0,0,0,0,0,0,0.04521739130434783,0.06907894736842106,0.05217391304347826,0.0756578947368421,0.10956521739130434,0.10855263157894737
