metric,animal,session_type,session,LED_trial,all_condition_trials,eligible_trials,aborts,eligible_missing_timing,aborts_missing_timing,fraction,defined,relative_session
previous_abort,92,7,40,0,340,44,3,2,0,0.06818181818181818,True,-35
previous_abort,92,7,40,1,179,35,2,2,0,0.05714285714285714,True,-35
previous_abort,92,7,41,0,438,34,3,0,0,0.08823529411764706,True,-34
previous_abort,92,7,41,1,258,27,3,3,0,0.1111111111111111,True,-34
previous_abort,92,7,42,0,465,41,3,1,0,0.07317073170731707,True,-33
previous_abort,92,7,42,1,238,37,8,1,0,0.21621621621621623,True,-33
previous_abort,92,7,43,0,393,37,2,3,0,0.05405405405405406,True,-32
previous_abort,92,7,43,1,196,35,2,1,0,0.05714285714285714,True,-32
previous_abort,92,7,44,0,356,28,1,5,0,0.03571428571428571,True,-31
previous_abort,92,7,44,1,180,22,2,3,0,0.09090909090909091,True,-31
previous_abort,92,7,45,0,435,40,4,5,0,0.1,True,-30
previous_abort,92,7,45,1,193,24,3,2,0,0.125,True,-30
previous_abort,92,7,46,0,434,54,6,3,1,0.1111111111111111,True,-29
previous_abort,92,7,46,1,186,35,6,2,0,0.17142857142857143,True,-29
previous_abort,92,7,47,0,425,58,8,2,0,0.13793103448275862,True,-28
previous_abort,92,7,47,1,251,52,8,5,0,0.15384615384615385,True,-28
previous_abort,92,7,48,0,492,78,8,2,0,0.10256410256410256,True,-27
previous_abort,92,7,48,1,245,59,9,1,0,0.15254237288135594,True,-27
previous_abort,92,7,49,0,442,67,12,2,0,0.1791044776119403,True,-26
previous_abort,92,7,49,1,212,35,2,1,0,0.05714285714285714,True,-26
previous_abort,92,7,50,0,454,61,7,0,0,0.11475409836065574,True,-25
previous_abort,92,7,50,1,247,49,7,2,0,0.14285714285714285,True,-25
previous_abort,92,7,51,0,508,71,8,2,0,0.11267605633802817,True,-24
previous_abort,92,7,51,1,214,41,6,1,0,0.14634146341463414,True,-24
previous_abort,92,7,52,0,469,58,6,1,0,0.10344827586206896,True,-23
previous_abort,92,7,52,1,233,54,6,2,0,0.1111111111111111,True,-23
previous_abort,92,7,53,0,400,62,6,2,0,0.0967741935483871,True,-22
previous_abort,92,7,53,1,238,60,6,3,0,0.1,True,-22
previous_abort,92,7,54,0,509,67,10,3,0,0.14925373134328357,True,-21
previous_abort,92,7,54,1,242,58,6,0,0,0.10344827586206896,True,-21
previous_abort,92,7,55,0,393,36,1,1,0,0.027777777777777776,True,-20
previous_abort,92,7,55,1,198,32,2,1,0,0.0625,True,-20
previous_abort,92,7,56,0,455,78,15,1,0,0.19230769230769232,True,-19
previous_abort,92,7,56,1,245,59,6,1,0,0.1016949152542373,True,-19
previous_abort,92,7,57,0,503,62,10,2,0,0.16129032258064516,True,-18
previous_abort,92,7,57,1,257,39,6,1,0,0.15384615384615385,True,-18
previous_abort,92,7,58,0,397,41,6,0,0,0.14634146341463414,True,-17
previous_abort,92,7,58,1,174,18,2,1,0,0.1111111111111111,True,-17
previous_abort,92,7,59,0,488,59,8,1,0,0.13559322033898305,True,-16
previous_abort,92,7,59,1,241,52,10,1,0,0.19230769230769232,True,-16
previous_abort,92,7,60,0,259,20,1,2,0,0.05,True,-15
previous_abort,92,7,60,1,155,21,5,2,0,0.23809523809523808,True,-15
previous_abort,92,7,61,0,434,87,14,1,0,0.16091954022988506,True,-14
previous_abort,92,7,61,1,250,60,12,2,0,0.2,True,-14
previous_abort,92,7,62,0,488,51,7,4,0,0.13725490196078433,True,-13
previous_abort,92,7,62,1,219,41,9,4,0,0.21951219512195122,True,-13
previous_abort,92,7,63,0,377,54,6,2,0,0.1111111111111111,True,-12
previous_abort,92,7,63,1,238,32,3,1,0,0.09375,True,-12
previous_abort,92,7,64,0,338,40,6,3,0,0.15,True,-11
previous_abort,92,7,64,1,187,33,4,1,0,0.12121212121212122,True,-11
previous_abort,92,7,65,0,438,54,7,2,0,0.12962962962962962,True,-10
previous_abort,92,7,65,1,227,36,7,1,0,0.19444444444444445,True,-10
previous_abort,92,7,66,0,392,59,10,3,0,0.1694915254237288,True,-9
previous_abort,92,7,66,1,191,40,2,1,0,0.05,True,-9
previous_abort,92,7,67,0,419,85,13,2,0,0.15294117647058825,True,-8
previous_abort,92,7,67,1,236,68,13,4,0,0.19117647058823528,True,-8
previous_abort,92,7,68,0,518,70,13,1,0,0.18571428571428572,True,-7
previous_abort,92,7,68,1,261,75,11,1,0,0.14666666666666667,True,-7
previous_abort,92,7,69,0,441,64,9,0,0,0.140625,True,-6
previous_abort,92,7,69,1,284,75,14,3,0,0.18666666666666668,True,-6
previous_abort,92,7,70,0,477,67,6,3,0,0.08955223880597014,True,-5
previous_abort,92,7,70,1,211,33,3,2,0,0.09090909090909091,True,-5
previous_abort,92,7,71,0,454,76,13,0,0,0.17105263157894737,True,-4
previous_abort,92,7,71,1,285,78,20,2,0,0.2564102564102564,True,-4
previous_abort,92,7,72,0,544,60,5,3,0,0.08333333333333333,True,-3
previous_abort,92,7,72,1,280,64,17,1,0,0.265625,True,-3
previous_abort,92,7,73,0,355,43,5,0,0,0.11627906976744186,True,-2
previous_abort,92,7,73,1,205,45,6,2,0,0.13333333333333333,True,-2
previous_abort,92,7,74,0,533,68,9,2,0,0.1323529411764706,True,-1
previous_abort,92,7,74,1,237,39,3,0,0,0.07692307692307693,True,-1
previous_abort,93,7,28,0,439,93,24,0,0,0.25806451612903225,True,-27
previous_abort,93,7,28,1,220,62,19,0,0,0.3064516129032258,True,-27
previous_abort,93,7,29,0,399,62,13,1,0,0.20967741935483872,True,-26
previous_abort,93,7,29,1,229,72,21,1,0,0.2916666666666667,True,-26
previous_abort,93,7,30,0,438,54,6,1,0,0.1111111111111111,True,-25
previous_abort,93,7,30,1,214,54,15,1,0,0.2777777777777778,True,-25
previous_abort,93,7,31,0,398,58,14,2,0,0.2413793103448276,True,-24
previous_abort,93,7,31,1,228,50,15,1,0,0.3,True,-24
previous_abort,93,7,32,0,346,36,8,4,0,0.2222222222222222,True,-23
previous_abort,93,7,32,1,192,45,9,1,0,0.2,True,-23
previous_abort,93,7,33,0,426,60,10,2,0,0.16666666666666666,True,-22
previous_abort,93,7,33,1,245,63,12,1,0,0.19047619047619047,True,-22
previous_abort,93,7,34,0,436,64,9,2,0,0.140625,True,-21
previous_abort,93,7,34,1,233,55,11,5,0,0.2,True,-21
previous_abort,93,7,35,0,432,80,20,0,0,0.25,True,-20
previous_abort,93,7,35,1,238,67,14,2,0,0.208955223880597,True,-20
previous_abort,93,7,36,0,493,63,12,5,0,0.19047619047619047,True,-19
previous_abort,93,7,36,1,189,40,4,3,0,0.1,True,-19
previous_abort,93,7,37,0,431,69,14,2,0,0.2028985507246377,True,-18
previous_abort,93,7,37,1,229,55,11,1,0,0.2,True,-18
previous_abort,93,7,38,0,440,53,8,4,0,0.1509433962264151,True,-17
previous_abort,93,7,38,1,213,43,8,3,0,0.18604651162790697,True,-17
previous_abort,93,7,39,0,332,52,10,0,0,0.19230769230769232,True,-16
previous_abort,93,7,39,1,220,58,14,1,0,0.2413793103448276,True,-16
previous_abort,93,7,40,0,444,86,21,2,0,0.2441860465116279,True,-15
previous_abort,93,7,40,1,227,72,24,0,0,0.3333333333333333,True,-15
previous_abort,93,7,41,0,312,49,9,0,0,0.1836734693877551,True,-14
previous_abort,93,7,41,1,180,50,21,0,0,0.42,True,-14
previous_abort,93,7,42,0,441,119,35,1,0,0.29411764705882354,True,-13
previous_abort,93,7,42,1,250,113,55,0,0,0.48672566371681414,True,-13
previous_abort,93,7,43,0,443,87,14,2,0,0.16091954022988506,True,-12
previous_abort,93,7,43,1,226,72,18,1,0,0.25,True,-12
previous_abort,93,7,44,0,459,64,10,0,0,0.15625,True,-11
previous_abort,93,7,44,1,257,63,10,1,0,0.15873015873015872,True,-11
previous_abort,93,7,45,0,318,42,9,0,0,0.21428571428571427,True,-10
previous_abort,93,7,45,1,190,46,15,1,0,0.32608695652173914,True,-10
previous_abort,93,7,46,0,440,62,16,0,0,0.25806451612903225,True,-9
previous_abort,93,7,46,1,263,82,20,1,0,0.24390243902439024,True,-9
previous_abort,93,7,47,0,350,53,9,1,0,0.16981132075471697,True,-8
previous_abort,93,7,47,1,199,56,15,0,0,0.26785714285714285,True,-8
previous_abort,93,7,48,0,414,87,19,2,0,0.21839080459770116,True,-7
previous_abort,93,7,48,1,240,83,26,1,0,0.3132530120481928,True,-7
previous_abort,93,7,49,0,453,66,13,3,0,0.19696969696969696,True,-6
previous_abort,93,7,49,1,237,57,11,1,0,0.19298245614035087,True,-6
previous_abort,93,7,50,0,492,49,5,0,0,0.10204081632653061,True,-5
previous_abort,93,7,50,1,213,49,12,0,0,0.24489795918367346,True,-5
previous_abort,93,7,51,0,481,46,6,3,0,0.13043478260869565,True,-4
previous_abort,93,7,51,1,233,29,2,1,0,0.06896551724137931,True,-4
previous_abort,93,7,52,0,471,47,8,4,0,0.1702127659574468,True,-3
previous_abort,93,7,52,1,227,46,13,0,0,0.2826086956521739,True,-3
previous_abort,93,7,53,0,464,56,13,1,0,0.23214285714285715,True,-2
previous_abort,93,7,53,1,237,59,11,1,0,0.1864406779661017,True,-2
previous_abort,93,7,54,0,502,45,7,0,0,0.15555555555555556,True,-1
previous_abort,93,7,54,1,243,44,9,0,0,0.20454545454545456,True,-1
previous_abort,98,7,28,0,410,49,10,3,0,0.20408163265306123,True,-20
previous_abort,98,7,28,1,225,42,11,2,0,0.2619047619047619,True,-20
previous_abort,98,7,29,0,483,79,12,0,0,0.1518987341772152,True,-19
previous_abort,98,7,29,1,243,56,12,2,0,0.21428571428571427,True,-19
previous_abort,98,7,30,0,506,64,10,4,0,0.15625,True,-18
previous_abort,98,7,30,1,228,37,4,1,0,0.10810810810810811,True,-18
previous_abort,98,7,31,0,267,32,1,3,0,0.03125,True,-17
previous_abort,98,7,31,1,203,34,6,1,0,0.17647058823529413,True,-17
previous_abort,98,7,32,0,499,55,9,2,0,0.16363636363636364,True,-16
previous_abort,98,7,32,1,239,56,10,2,0,0.17857142857142858,True,-16
previous_abort,98,7,33,0,388,42,8,1,0,0.19047619047619047,True,-15
previous_abort,98,7,33,1,202,36,6,1,0,0.16666666666666666,True,-15
previous_abort,98,7,34,0,471,138,37,1,0,0.26811594202898553,True,-14
previous_abort,98,7,34,1,244,94,30,0,0,0.3191489361702128,True,-14
previous_abort,98,7,35,0,566,109,14,0,0,0.12844036697247707,True,-13
previous_abort,98,7,35,1,261,61,14,0,0,0.22950819672131148,True,-13
previous_abort,98,7,36,0,540,56,6,0,0,0.10714285714285714,True,-12
previous_abort,98,7,36,1,302,60,11,0,0,0.18333333333333332,True,-12
previous_abort,98,7,37,0,519,60,8,2,0,0.13333333333333333,True,-11
previous_abort,98,7,37,1,253,46,12,4,0,0.2608695652173913,True,-11
previous_abort,98,7,38,0,491,52,7,2,0,0.1346153846153846,True,-10
previous_abort,98,7,38,1,264,39,8,1,0,0.20512820512820512,True,-10
previous_abort,98,7,39,0,376,72,16,4,0,0.2222222222222222,True,-9
previous_abort,98,7,39,1,167,42,8,1,0,0.19047619047619047,True,-9
previous_abort,98,7,40,0,537,119,31,2,0,0.2605042016806723,True,-8
previous_abort,98,7,40,1,236,79,24,0,0,0.3037974683544304,True,-8
previous_abort,98,7,41,0,492,108,22,0,0,0.2037037037037037,True,-7
previous_abort,98,7,41,1,275,98,31,1,0,0.3163265306122449,True,-7
previous_abort,98,7,42,0,511,71,20,0,0,0.28169014084507044,True,-6
previous_abort,98,7,42,1,266,70,23,1,0,0.32857142857142857,True,-6
previous_abort,98,7,43,0,527,68,12,1,0,0.17647058823529413,True,-5
previous_abort,98,7,43,1,271,81,25,1,0,0.30864197530864196,True,-5
previous_abort,98,7,44,0,551,79,10,2,0,0.12658227848101267,True,-4
previous_abort,98,7,44,1,249,50,9,1,0,0.18,True,-4
previous_abort,98,7,45,0,578,99,25,1,0,0.25252525252525254,True,-3
previous_abort,98,7,45,1,239,50,7,2,0,0.14,True,-3
previous_abort,98,7,46,0,591,69,8,1,0,0.11594202898550725,True,-2
previous_abort,98,7,46,1,291,56,9,0,0,0.16071428571428573,True,-2
previous_abort,98,7,47,0,527,51,5,3,0,0.09803921568627451,True,-1
previous_abort,98,7,47,1,257,43,8,1,0,0.18604651162790697,True,-1
previous_abort,99,7,28,0,476,109,16,1,0,0.14678899082568808,True,-19
previous_abort,99,7,28,1,234,78,26,0,0,0.3333333333333333,True,-19
previous_abort,99,7,29,0,454,132,34,1,0,0.25757575757575757,True,-18
previous_abort,99,7,29,1,224,85,25,1,0,0.29411764705882354,True,-18
previous_abort,99,7,30,0,452,52,4,1,0,0.07692307692307693,True,-17
previous_abort,99,7,30,1,213,49,10,0,0,0.20408163265306123,True,-17
previous_abort,99,7,31,0,574,84,11,1,0,0.13095238095238096,True,-16
previous_abort,99,7,31,1,287,72,14,1,0,0.19444444444444445,True,-16
previous_abort,99,7,32,0,448,63,9,0,0,0.14285714285714285,True,-15
previous_abort,99,7,32,1,211,31,1,1,0,0.03225806451612903,True,-15
previous_abort,99,7,33,0,516,122,34,1,0,0.2786885245901639,True,-14
previous_abort,99,7,33,1,276,108,40,0,0,0.37037037037037035,True,-14
previous_abort,99,7,34,0,570,58,6,3,0,0.10344827586206896,True,-13
previous_abort,99,7,34,1,329,78,25,3,0,0.32051282051282054,True,-13
previous_abort,99,7,35,0,378,39,6,0,0,0.15384615384615385,True,-12
previous_abort,99,7,35,1,244,36,7,0,0,0.19444444444444445,True,-12
previous_abort,99,7,36,0,527,76,11,2,0,0.14473684210526316,True,-11
previous_abort,99,7,36,1,309,71,17,1,0,0.23943661971830985,True,-11
previous_abort,99,7,37,0,580,94,19,0,0,0.20212765957446807,True,-10
previous_abort,99,7,37,1,255,66,20,0,0,0.30303030303030304,True,-10
previous_abort,99,7,38,0,406,63,13,4,0,0.20634920634920634,True,-9
previous_abort,99,7,38,1,231,54,10,3,0,0.18518518518518517,True,-9
previous_abort,99,7,39,0,605,83,16,1,0,0.1927710843373494,True,-8
previous_abort,99,7,39,1,286,61,13,0,0,0.21311475409836064,True,-8
previous_abort,99,7,40,0,628,82,26,0,0,0.3170731707317073,True,-7
previous_abort,99,7,40,1,331,72,21,0,0,0.2916666666666667,True,-7
previous_abort,99,7,41,0,596,81,11,1,0,0.13580246913580246,True,-6
previous_abort,99,7,41,1,306,73,21,1,0,0.2876712328767123,True,-6
previous_abort,99,7,42,0,563,96,12,3,0,0.125,True,-5
previous_abort,99,7,42,1,278,54,11,1,0,0.2037037037037037,True,-5
previous_abort,99,7,43,0,476,94,23,4,0,0.24468085106382978,True,-4
previous_abort,99,7,43,1,276,93,40,1,0,0.43010752688172044,True,-4
previous_abort,99,7,44,0,602,58,7,0,0,0.1206896551724138,True,-3
previous_abort,99,7,44,1,340,68,15,1,0,0.22058823529411764,True,-3
previous_abort,99,7,45,0,596,85,17,4,0,0.2,True,-2
previous_abort,99,7,45,1,252,61,9,0,0,0.14754098360655737,True,-2
previous_abort,99,7,46,0,570,54,5,0,0,0.09259259259259259,True,-1
previous_abort,99,7,46,1,286,58,14,2,0,0.2413793103448276,True,-1
previous_abort,100,7,28,0,297,55,15,3,1,0.2727272727272727,True,-15
previous_abort,100,7,28,1,137,35,5,0,0,0.14285714285714285,True,-15
previous_abort,100,7,29,0,583,75,16,0,0,0.21333333333333335,True,-14
previous_abort,100,7,29,1,309,51,7,1,0,0.13725490196078433,True,-14
previous_abort,100,7,30,0,394,41,5,1,0,0.12195121951219512,True,-13
previous_abort,100,7,30,1,223,40,7,5,0,0.175,True,-13
previous_abort,100,7,31,0,252,24,1,3,0,0.041666666666666664,True,-12
previous_abort,100,7,31,1,141,26,2,1,0,0.07692307692307693,True,-12
previous_abort,100,7,32,0,567,56,8,2,0,0.14285714285714285,True,-11
previous_abort,100,7,32,1,274,37,3,1,0,0.08108108108108109,True,-11
previous_abort,100,7,33,0,495,41,5,1,0,0.12195121951219512,True,-10
previous_abort,100,7,33,1,242,35,7,2,0,0.2,True,-10
previous_abort,100,7,34,0,414,42,6,2,0,0.14285714285714285,True,-9
previous_abort,100,7,34,1,189,32,2,4,0,0.0625,True,-9
previous_abort,100,7,35,0,443,47,6,1,0,0.1276595744680851,True,-8
previous_abort,100,7,35,1,264,50,13,0,0,0.26,True,-8
previous_abort,100,7,36,0,330,60,10,1,0,0.16666666666666666,True,-7
previous_abort,100,7,36,1,262,24,6,0,0,0.25,True,-7
previous_abort,100,7,37,0,476,51,6,7,0,0.11764705882352941,True,-6
previous_abort,100,7,37,1,244,33,8,3,0,0.24242424242424243,True,-6
previous_abort,100,7,38,0,327,26,1,3,0,0.038461538461538464,True,-5
previous_abort,100,7,38,1,232,28,4,6,0,0.14285714285714285,True,-5
previous_abort,100,7,39,0,185,13,0,0,0,0.0,True,-4
previous_abort,100,7,39,1,126,16,2,0,0,0.125,True,-4
previous_abort,100,7,40,0,539,71,16,2,0,0.22535211267605634,True,-3
previous_abort,100,7,40,1,251,45,11,2,0,0.24444444444444444,True,-3
previous_abort,100,7,41,0,518,46,6,3,0,0.13043478260869565,True,-2
previous_abort,100,7,41,1,253,39,6,4,0,0.15384615384615385,True,-2
previous_abort,100,7,42,0,407,31,2,3,0,0.06451612903225806,True,-1
previous_abort,100,7,42,1,230,29,4,6,0,0.13793103448275862,True,-1
previous_abort,103,7,26,0,306,44,11,5,0,0.25,True,-27
previous_abort,103,7,26,1,233,60,17,11,0,0.2833333333333333,True,-27
previous_abort,103,7,27,0,419,69,23,2,0,0.3333333333333333,True,-26
previous_abort,103,7,27,1,226,56,19,1,0,0.3392857142857143,True,-26
previous_abort,103,7,28,0,505,50,5,5,0,0.1,True,-25
previous_abort,103,7,28,1,265,55,13,1,0,0.23636363636363636,True,-25
previous_abort,103,7,29,0,413,49,11,2,0,0.22448979591836735,True,-24
previous_abort,103,7,29,1,203,36,5,1,0,0.1388888888888889,True,-24
previous_abort,103,7,30,0,357,32,7,3,0,0.21875,True,-23
previous_abort,103,7,30,1,180,37,4,4,0,0.10810810810810811,True,-23
previous_abort,103,7,31,0,471,51,6,4,0,0.11764705882352941,True,-22
previous_abort,103,7,31,1,211,41,7,4,0,0.17073170731707318,True,-22
previous_abort,103,7,32,0,520,84,20,2,0,0.23809523809523808,True,-21
previous_abort,103,7,32,1,231,71,19,1,0,0.2676056338028169,True,-21
previous_abort,103,7,33,0,477,77,9,0,0,0.11688311688311688,True,-20
previous_abort,103,7,33,1,267,76,15,2,0,0.19736842105263158,True,-20
previous_abort,103,7,34,0,362,41,3,1,0,0.07317073170731707,True,-19
previous_abort,103,7,34,1,223,60,14,0,0,0.23333333333333334,True,-19
previous_abort,103,7,35,0,520,92,18,0,0,0.1956521739130435,True,-18
previous_abort,103,7,35,1,263,68,8,1,0,0.11764705882352941,True,-18
previous_abort,103,7,36,0,608,84,21,2,0,0.25,True,-17
previous_abort,103,7,36,1,235,39,6,1,0,0.15384615384615385,True,-17
previous_abort,103,7,37,0,553,66,14,3,0,0.21212121212121213,True,-16
previous_abort,103,7,37,1,248,38,5,1,0,0.13157894736842105,True,-16
previous_abort,103,7,38,0,321,37,8,1,0,0.21621621621621623,True,-15
previous_abort,103,7,38,1,171,34,4,0,0,0.11764705882352941,True,-15
previous_abort,103,7,39,0,596,101,15,2,0,0.1485148514851485,True,-14
previous_abort,103,7,39,1,286,64,11,0,0,0.171875,True,-14
previous_abort,103,7,40,0,577,43,7,1,0,0.16279069767441862,True,-13
previous_abort,103,7,40,1,294,37,3,4,0,0.08108108108108109,True,-13
previous_abort,103,7,41,0,490,53,9,2,0,0.16981132075471697,True,-12
previous_abort,103,7,41,1,258,37,4,3,0,0.10810810810810811,True,-12
previous_abort,103,7,42,0,440,48,2,2,0,0.041666666666666664,True,-11
previous_abort,103,7,42,1,189,33,5,0,0,0.15151515151515152,True,-11
previous_abort,103,7,43,0,489,57,8,3,0,0.14035087719298245,True,-10
previous_abort,103,7,43,1,264,35,2,3,0,0.05714285714285714,True,-10
previous_abort,103,7,44,0,460,69,13,4,0,0.18840579710144928,True,-9
previous_abort,103,7,44,1,204,34,2,1,0,0.058823529411764705,True,-9
previous_abort,103,7,45,0,599,100,15,3,0,0.15,True,-8
previous_abort,103,7,45,1,300,70,11,0,0,0.15714285714285714,True,-8
previous_abort,103,7,46,0,702,78,13,1,0,0.16666666666666666,True,-7
previous_abort,103,7,46,1,275,43,7,0,0,0.16279069767441862,True,-7
previous_abort,103,7,47,0,533,51,8,1,0,0.1568627450980392,True,-6
previous_abort,103,7,47,1,280,47,5,4,0,0.10638297872340426,True,-6
previous_abort,103,7,48,0,602,56,2,4,0,0.03571428571428571,True,-5
previous_abort,103,7,48,1,261,33,7,0,0,0.21212121212121213,True,-5
previous_abort,103,7,49,0,568,55,5,4,0,0.09090909090909091,True,-4
previous_abort,103,7,49,1,251,34,7,2,0,0.20588235294117646,True,-4
previous_abort,103,7,50,0,606,76,11,1,0,0.14473684210526316,True,-3
previous_abort,103,7,50,1,309,59,15,1,0,0.2542372881355932,True,-3
previous_abort,103,7,51,0,413,45,9,1,0,0.2,True,-2
previous_abort,103,7,51,1,217,46,9,1,0,0.1956521739130435,True,-2
previous_abort,103,7,52,0,488,60,8,4,0,0.13333333333333333,True,-1
previous_abort,103,7,52,1,256,39,5,2,0,0.1282051282051282,True,-1
previous_same_LED_abort,92,7,40,0,340,44,3,2,0,0.06818181818181818,True,-35
previous_same_LED_abort,92,7,40,1,179,32,2,2,0,0.0625,True,-35
previous_same_LED_abort,92,7,41,0,438,34,3,0,0,0.08823529411764706,True,-34
previous_same_LED_abort,92,7,41,1,258,23,3,3,0,0.13043478260869565,True,-34
previous_same_LED_abort,92,7,42,0,465,41,3,1,0,0.07317073170731707,True,-33
previous_same_LED_abort,92,7,42,1,238,29,6,0,0,0.20689655172413793,True,-33
previous_same_LED_abort,92,7,43,0,393,37,2,3,0,0.05405405405405406,True,-32
previous_same_LED_abort,92,7,43,1,196,31,2,1,0,0.06451612903225806,True,-32
previous_same_LED_abort,92,7,44,0,356,28,1,5,0,0.03571428571428571,True,-31
previous_same_LED_abort,92,7,44,1,180,19,1,3,0,0.05263157894736842,True,-31
previous_same_LED_abort,92,7,45,0,435,40,4,5,0,0.1,True,-30
previous_same_LED_abort,92,7,45,1,193,22,3,2,0,0.13636363636363635,True,-30
previous_same_LED_abort,92,7,46,0,434,54,6,3,1,0.1111111111111111,True,-29
previous_same_LED_abort,92,7,46,1,186,33,5,2,0,0.15151515151515152,True,-29
previous_same_LED_abort,92,7,47,0,425,58,8,2,0,0.13793103448275862,True,-28
previous_same_LED_abort,92,7,47,1,251,45,8,5,0,0.17777777777777778,True,-28
previous_same_LED_abort,92,7,48,0,492,78,8,2,0,0.10256410256410256,True,-27
previous_same_LED_abort,92,7,48,1,245,52,6,1,0,0.11538461538461539,True,-27
previous_same_LED_abort,92,7,49,0,442,67,12,2,0,0.1791044776119403,True,-26
previous_same_LED_abort,92,7,49,1,212,28,0,1,0,0.0,True,-26
previous_same_LED_abort,92,7,50,0,454,61,7,0,0,0.11475409836065574,True,-25
previous_same_LED_abort,92,7,50,1,247,44,6,1,0,0.13636363636363635,True,-25
previous_same_LED_abort,92,7,51,0,508,71,8,2,0,0.11267605633802817,True,-24
previous_same_LED_abort,92,7,51,1,214,33,5,1,0,0.15151515151515152,True,-24
previous_same_LED_abort,92,7,52,0,469,58,6,1,0,0.10344827586206896,True,-23
previous_same_LED_abort,92,7,52,1,233,43,6,1,0,0.13953488372093023,True,-23
previous_same_LED_abort,92,7,53,0,400,62,6,2,0,0.0967741935483871,True,-22
previous_same_LED_abort,92,7,53,1,238,50,5,1,0,0.1,True,-22
previous_same_LED_abort,92,7,54,0,509,67,10,3,0,0.14925373134328357,True,-21
previous_same_LED_abort,92,7,54,1,242,47,6,0,0,0.1276595744680851,True,-21
previous_same_LED_abort,92,7,55,0,393,36,1,1,0,0.027777777777777776,True,-20
previous_same_LED_abort,92,7,55,1,198,25,2,1,0,0.08,True,-20
previous_same_LED_abort,92,7,56,0,455,78,15,1,0,0.19230769230769232,True,-19
previous_same_LED_abort,92,7,56,1,245,46,4,1,0,0.08695652173913043,True,-19
previous_same_LED_abort,92,7,57,0,503,62,10,2,0,0.16129032258064516,True,-18
previous_same_LED_abort,92,7,57,1,257,30,5,1,0,0.16666666666666666,True,-18
previous_same_LED_abort,92,7,58,0,397,41,6,0,0,0.14634146341463414,True,-17
previous_same_LED_abort,92,7,58,1,174,12,1,1,0,0.08333333333333333,True,-17
previous_same_LED_abort,92,7,59,0,488,59,8,1,0,0.13559322033898305,True,-16
previous_same_LED_abort,92,7,59,1,241,52,10,1,0,0.19230769230769232,True,-16
previous_same_LED_abort,92,7,60,0,259,20,1,2,0,0.05,True,-15
previous_same_LED_abort,92,7,60,1,155,20,5,2,0,0.25,True,-15
previous_same_LED_abort,92,7,61,0,434,87,14,1,0,0.16091954022988506,True,-14
previous_same_LED_abort,92,7,61,1,250,52,9,2,0,0.17307692307692307,True,-14
previous_same_LED_abort,92,7,62,0,488,51,7,4,0,0.13725490196078433,True,-13
previous_same_LED_abort,92,7,62,1,219,37,6,4,0,0.16216216216216217,True,-13
previous_same_LED_abort,92,7,63,0,377,54,6,2,0,0.1111111111111111,True,-12
previous_same_LED_abort,92,7,63,1,238,29,2,1,0,0.06896551724137931,True,-12
previous_same_LED_abort,92,7,64,0,338,40,6,3,0,0.15,True,-11
previous_same_LED_abort,92,7,64,1,187,27,3,1,0,0.1111111111111111,True,-11
previous_same_LED_abort,92,7,65,0,438,54,7,2,0,0.12962962962962962,True,-10
previous_same_LED_abort,92,7,65,1,227,27,6,1,0,0.2222222222222222,True,-10
previous_same_LED_abort,92,7,66,0,392,59,10,3,0,0.1694915254237288,True,-9
previous_same_LED_abort,92,7,66,1,191,33,1,1,0,0.030303030303030304,True,-9
previous_same_LED_abort,92,7,67,0,419,85,13,2,0,0.15294117647058825,True,-8
previous_same_LED_abort,92,7,67,1,236,63,12,4,0,0.19047619047619047,True,-8
previous_same_LED_abort,92,7,68,0,518,70,13,1,0,0.18571428571428572,True,-7
previous_same_LED_abort,92,7,68,1,261,67,9,1,0,0.13432835820895522,True,-7
previous_same_LED_abort,92,7,69,0,441,64,9,0,0,0.140625,True,-6
previous_same_LED_abort,92,7,69,1,284,71,14,3,0,0.19718309859154928,True,-6
previous_same_LED_abort,92,7,70,0,477,67,6,3,0,0.08955223880597014,True,-5
previous_same_LED_abort,92,7,70,1,211,29,3,2,0,0.10344827586206896,True,-5
previous_same_LED_abort,92,7,71,0,454,76,13,0,0,0.17105263157894737,True,-4
previous_same_LED_abort,92,7,71,1,285,73,19,2,0,0.2602739726027397,True,-4
previous_same_LED_abort,92,7,72,0,544,60,5,3,0,0.08333333333333333,True,-3
previous_same_LED_abort,92,7,72,1,280,60,16,1,0,0.26666666666666666,True,-3
previous_same_LED_abort,92,7,73,0,355,43,5,0,0,0.11627906976744186,True,-2
previous_same_LED_abort,92,7,73,1,205,41,5,1,0,0.12195121951219512,True,-2
previous_same_LED_abort,92,7,74,0,533,68,9,2,0,0.1323529411764706,True,-1
previous_same_LED_abort,92,7,74,1,237,34,3,0,0,0.08823529411764706,True,-1
previous_same_LED_abort,93,7,28,0,439,93,24,0,0,0.25806451612903225,True,-27
previous_same_LED_abort,93,7,28,1,220,53,16,0,0,0.3018867924528302,True,-27
previous_same_LED_abort,93,7,29,0,399,62,13,1,0,0.20967741935483872,True,-26
previous_same_LED_abort,93,7,29,1,229,65,21,1,0,0.3230769230769231,True,-26
previous_same_LED_abort,93,7,30,0,438,54,6,1,0,0.1111111111111111,True,-25
previous_same_LED_abort,93,7,30,1,214,48,14,0,0,0.2916666666666667,True,-25
previous_same_LED_abort,93,7,31,0,398,58,14,2,0,0.2413793103448276,True,-24
previous_same_LED_abort,93,7,31,1,228,46,12,1,0,0.2608695652173913,True,-24
previous_same_LED_abort,93,7,32,0,346,36,8,4,0,0.2222222222222222,True,-23
previous_same_LED_abort,93,7,32,1,192,38,8,0,0,0.21052631578947367,True,-23
previous_same_LED_abort,93,7,33,0,426,60,10,2,0,0.16666666666666666,True,-22
previous_same_LED_abort,93,7,33,1,245,50,11,1,0,0.22,True,-22
previous_same_LED_abort,93,7,34,0,436,64,9,2,0,0.140625,True,-21
previous_same_LED_abort,93,7,34,1,233,49,9,5,0,0.1836734693877551,True,-21
previous_same_LED_abort,93,7,35,0,432,80,20,0,0,0.25,True,-20
previous_same_LED_abort,93,7,35,1,238,58,13,2,0,0.22413793103448276,True,-20
previous_same_LED_abort,93,7,36,0,493,63,12,5,0,0.19047619047619047,True,-19
previous_same_LED_abort,93,7,36,1,189,30,3,2,0,0.1,True,-19
previous_same_LED_abort,93,7,37,0,431,69,14,2,0,0.2028985507246377,True,-18
previous_same_LED_abort,93,7,37,1,229,48,10,1,0,0.20833333333333334,True,-18
previous_same_LED_abort,93,7,38,0,440,53,8,4,0,0.1509433962264151,True,-17
previous_same_LED_abort,93,7,38,1,213,35,6,2,0,0.17142857142857143,True,-17
previous_same_LED_abort,93,7,39,0,332,52,10,0,0,0.19230769230769232,True,-16
previous_same_LED_abort,93,7,39,1,220,52,13,1,0,0.25,True,-16
previous_same_LED_abort,93,7,40,0,444,86,21,2,0,0.2441860465116279,True,-15
previous_same_LED_abort,93,7,40,1,227,61,21,0,0,0.3442622950819672,True,-15
previous_same_LED_abort,93,7,41,0,312,49,9,0,0,0.1836734693877551,True,-14
previous_same_LED_abort,93,7,41,1,180,45,20,0,0,0.4444444444444444,True,-14
previous_same_LED_abort,93,7,42,0,441,119,35,1,0,0.29411764705882354,True,-13
previous_same_LED_abort,93,7,42,1,250,99,46,0,0,0.46464646464646464,True,-13
previous_same_LED_abort,93,7,43,0,443,87,14,2,0,0.16091954022988506,True,-12
previous_same_LED_abort,93,7,43,1,226,63,15,1,0,0.23809523809523808,True,-12
previous_same_LED_abort,93,7,44,0,459,64,10,0,0,0.15625,True,-11
previous_same_LED_abort,93,7,44,1,257,51,8,0,0,0.1568627450980392,True,-11
previous_same_LED_abort,93,7,45,0,318,42,9,0,0,0.21428571428571427,True,-10
previous_same_LED_abort,93,7,45,1,190,35,12,0,0,0.34285714285714286,True,-10
previous_same_LED_abort,93,7,46,0,440,62,16,0,0,0.25806451612903225,True,-9
previous_same_LED_abort,93,7,46,1,263,71,19,0,0,0.2676056338028169,True,-9
previous_same_LED_abort,93,7,47,0,350,53,9,1,0,0.16981132075471697,True,-8
previous_same_LED_abort,93,7,47,1,199,53,15,0,0,0.2830188679245283,True,-8
previous_same_LED_abort,93,7,48,0,414,87,19,2,0,0.21839080459770116,True,-7
previous_same_LED_abort,93,7,48,1,240,74,24,1,0,0.32432432432432434,True,-7
previous_same_LED_abort,93,7,49,0,453,66,13,3,0,0.19696969696969696,True,-6
previous_same_LED_abort,93,7,49,1,237,49,10,1,0,0.20408163265306123,True,-6
previous_same_LED_abort,93,7,50,0,492,49,5,0,0,0.10204081632653061,True,-5
previous_same_LED_abort,93,7,50,1,213,42,10,0,0,0.23809523809523808,True,-5
previous_same_LED_abort,93,7,51,0,481,46,6,3,0,0.13043478260869565,True,-4
previous_same_LED_abort,93,7,51,1,233,23,1,1,0,0.043478260869565216,True,-4
previous_same_LED_abort,93,7,52,0,471,47,8,4,0,0.1702127659574468,True,-3
previous_same_LED_abort,93,7,52,1,227,37,10,0,0,0.2702702702702703,True,-3
previous_same_LED_abort,93,7,53,0,464,56,13,1,0,0.23214285714285715,True,-2
previous_same_LED_abort,93,7,53,1,237,53,9,1,0,0.16981132075471697,True,-2
previous_same_LED_abort,93,7,54,0,502,45,7,0,0,0.15555555555555556,True,-1
previous_same_LED_abort,93,7,54,1,243,40,9,0,0,0.225,True,-1
previous_same_LED_abort,98,7,28,0,410,49,10,3,0,0.20408163265306123,True,-20
previous_same_LED_abort,98,7,28,1,225,36,8,1,0,0.2222222222222222,True,-20
previous_same_LED_abort,98,7,29,0,483,79,12,0,0,0.1518987341772152,True,-19
previous_same_LED_abort,98,7,29,1,243,48,9,2,0,0.1875,True,-19
previous_same_LED_abort,98,7,30,0,506,64,10,4,0,0.15625,True,-18
previous_same_LED_abort,98,7,30,1,228,31,3,0,0,0.0967741935483871,True,-18
previous_same_LED_abort,98,7,31,0,267,32,1,3,0,0.03125,True,-17
previous_same_LED_abort,98,7,31,1,203,31,6,1,0,0.1935483870967742,True,-17
previous_same_LED_abort,98,7,32,0,499,55,9,2,0,0.16363636363636364,True,-16
previous_same_LED_abort,98,7,32,1,239,45,7,2,0,0.15555555555555556,True,-16
previous_same_LED_abort,98,7,33,0,388,42,8,1,0,0.19047619047619047,True,-15
previous_same_LED_abort,98,7,33,1,202,30,4,0,0,0.13333333333333333,True,-15
previous_same_LED_abort,98,7,34,0,471,138,37,1,0,0.26811594202898553,True,-14
previous_same_LED_abort,98,7,34,1,244,82,28,0,0,0.34146341463414637,True,-14
previous_same_LED_abort,98,7,35,0,566,109,14,0,0,0.12844036697247707,True,-13
previous_same_LED_abort,98,7,35,1,261,50,11,0,0,0.22,True,-13
previous_same_LED_abort,98,7,36,0,540,56,6,0,0,0.10714285714285714,True,-12
previous_same_LED_abort,98,7,36,1,302,50,10,0,0,0.2,True,-12
previous_same_LED_abort,98,7,37,0,519,60,8,2,0,0.13333333333333333,True,-11
previous_same_LED_abort,98,7,37,1,253,43,12,4,0,0.27906976744186046,True,-11
previous_same_LED_abort,98,7,38,0,491,52,7,2,0,0.1346153846153846,True,-10
previous_same_LED_abort,98,7,38,1,264,35,8,1,0,0.22857142857142856,True,-10
previous_same_LED_abort,98,7,39,0,376,72,16,4,0,0.2222222222222222,True,-9
previous_same_LED_abort,98,7,39,1,167,36,6,0,0,0.16666666666666666,True,-9
previous_same_LED_abort,98,7,40,0,537,119,31,2,0,0.2605042016806723,True,-8
previous_same_LED_abort,98,7,40,1,236,73,21,0,0,0.2876712328767123,True,-8
previous_same_LED_abort,98,7,41,0,492,108,22,0,0,0.2037037037037037,True,-7
previous_same_LED_abort,98,7,41,1,275,85,28,0,0,0.32941176470588235,True,-7
previous_same_LED_abort,98,7,42,0,511,71,20,0,0,0.28169014084507044,True,-6
previous_same_LED_abort,98,7,42,1,266,61,21,1,0,0.3442622950819672,True,-6
previous_same_LED_abort,98,7,43,0,527,68,12,1,0,0.17647058823529413,True,-5
previous_same_LED_abort,98,7,43,1,271,75,23,1,0,0.30666666666666664,True,-5
previous_same_LED_abort,98,7,44,0,551,79,10,2,0,0.12658227848101267,True,-4
previous_same_LED_abort,98,7,44,1,249,44,7,0,0,0.1590909090909091,True,-4
previous_same_LED_abort,98,7,45,0,578,99,25,1,0,0.25252525252525254,True,-3
previous_same_LED_abort,98,7,45,1,239,45,5,2,0,0.1111111111111111,True,-3
previous_same_LED_abort,98,7,46,0,591,69,8,1,0,0.11594202898550725,True,-2
previous_same_LED_abort,98,7,46,1,291,45,7,0,0,0.15555555555555556,True,-2
previous_same_LED_abort,98,7,47,0,527,51,5,3,0,0.09803921568627451,True,-1
previous_same_LED_abort,98,7,47,1,257,39,8,1,0,0.20512820512820512,True,-1
previous_same_LED_abort,99,7,28,0,476,109,16,1,0,0.14678899082568808,True,-19
previous_same_LED_abort,99,7,28,1,234,70,24,0,0,0.34285714285714286,True,-19
previous_same_LED_abort,99,7,29,0,454,132,34,1,0,0.25757575757575757,True,-18
previous_same_LED_abort,99,7,29,1,224,72,24,1,0,0.3333333333333333,True,-18
previous_same_LED_abort,99,7,30,0,452,52,4,1,0,0.07692307692307693,True,-17
previous_same_LED_abort,99,7,30,1,213,43,10,0,0,0.23255813953488372,True,-17
previous_same_LED_abort,99,7,31,0,574,84,11,1,0,0.13095238095238096,True,-16
previous_same_LED_abort,99,7,31,1,287,58,12,0,0,0.20689655172413793,True,-16
previous_same_LED_abort,99,7,32,0,448,63,9,0,0,0.14285714285714285,True,-15
previous_same_LED_abort,99,7,32,1,211,26,0,1,0,0.0,True,-15
previous_same_LED_abort,99,7,33,0,516,122,34,1,0,0.2786885245901639,True,-14
previous_same_LED_abort,99,7,33,1,276,92,35,0,0,0.3804347826086957,True,-14
previous_same_LED_abort,99,7,34,0,570,58,6,3,0,0.10344827586206896,True,-13
previous_same_LED_abort,99,7,34,1,329,71,20,3,0,0.28169014084507044,True,-13
previous_same_LED_abort,99,7,35,0,378,39,6,0,0,0.15384615384615385,True,-12
previous_same_LED_abort,99,7,35,1,244,34,7,0,0,0.20588235294117646,True,-12
previous_same_LED_abort,99,7,36,0,527,76,11,2,0,0.14473684210526316,True,-11
previous_same_LED_abort,99,7,36,1,309,62,14,1,0,0.22580645161290322,True,-11
previous_same_LED_abort,99,7,37,0,580,94,19,0,0,0.20212765957446807,True,-10
previous_same_LED_abort,99,7,37,1,255,56,19,0,0,0.3392857142857143,True,-10
previous_same_LED_abort,99,7,38,0,406,63,13,4,0,0.20634920634920634,True,-9
previous_same_LED_abort,99,7,38,1,231,50,9,3,0,0.18,True,-9
previous_same_LED_abort,99,7,39,0,605,83,16,1,0,0.1927710843373494,True,-8
previous_same_LED_abort,99,7,39,1,286,56,13,0,0,0.23214285714285715,True,-8
previous_same_LED_abort,99,7,40,0,628,82,26,0,0,0.3170731707317073,True,-7
previous_same_LED_abort,99,7,40,1,331,64,18,0,0,0.28125,True,-7
previous_same_LED_abort,99,7,41,0,596,81,11,1,0,0.13580246913580246,True,-6
previous_same_LED_abort,99,7,41,1,306,62,20,0,0,0.3225806451612903,True,-6
previous_same_LED_abort,99,7,42,0,563,96,12,3,0,0.125,True,-5
previous_same_LED_abort,99,7,42,1,278,48,11,1,0,0.22916666666666666,True,-5
previous_same_LED_abort,99,7,43,0,476,94,23,4,0,0.24468085106382978,True,-4
previous_same_LED_abort,99,7,43,1,276,83,34,1,0,0.40963855421686746,True,-4
previous_same_LED_abort,99,7,44,0,602,58,7,0,0,0.1206896551724138,True,-3
previous_same_LED_abort,99,7,44,1,340,62,12,1,0,0.1935483870967742,True,-3
previous_same_LED_abort,99,7,45,0,596,85,17,4,0,0.2,True,-2
previous_same_LED_abort,99,7,45,1,252,49,7,0,0,0.14285714285714285,True,-2
previous_same_LED_abort,99,7,46,0,570,54,5,0,0,0.09259259259259259,True,-1
previous_same_LED_abort,99,7,46,1,286,50,12,2,0,0.24,True,-1
previous_same_LED_abort,100,7,28,0,297,55,15,3,1,0.2727272727272727,True,-15
previous_same_LED_abort,100,7,28,1,137,29,5,0,0,0.1724137931034483,True,-15
previous_same_LED_abort,100,7,29,0,583,75,16,0,0,0.21333333333333335,True,-14
previous_same_LED_abort,100,7,29,1,309,38,4,1,0,0.10526315789473684,True,-14
previous_same_LED_abort,100,7,30,0,394,41,5,1,0,0.12195121951219512,True,-13
previous_same_LED_abort,100,7,30,1,223,38,6,5,0,0.15789473684210525,True,-13
previous_same_LED_abort,100,7,31,0,252,24,1,3,0,0.041666666666666664,True,-12
previous_same_LED_abort,100,7,31,1,141,23,2,1,0,0.08695652173913043,True,-12
previous_same_LED_abort,100,7,32,0,567,56,8,2,0,0.14285714285714285,True,-11
previous_same_LED_abort,100,7,32,1,274,29,2,1,0,0.06896551724137931,True,-11
previous_same_LED_abort,100,7,33,0,495,41,5,1,0,0.12195121951219512,True,-10
previous_same_LED_abort,100,7,33,1,242,30,7,2,0,0.23333333333333334,True,-10
previous_same_LED_abort,100,7,34,0,414,42,6,2,0,0.14285714285714285,True,-9
previous_same_LED_abort,100,7,34,1,189,26,1,4,0,0.038461538461538464,True,-9
previous_same_LED_abort,100,7,35,0,443,47,6,1,0,0.1276595744680851,True,-8
previous_same_LED_abort,100,7,35,1,264,44,9,0,0,0.20454545454545456,True,-8
previous_same_LED_abort,100,7,36,0,330,60,10,1,0,0.16666666666666666,True,-7
previous_same_LED_abort,100,7,36,1,262,20,5,0,0,0.25,True,-7
previous_same_LED_abort,100,7,37,0,476,51,6,7,0,0.11764705882352941,True,-6
previous_same_LED_abort,100,7,37,1,244,25,8,2,0,0.32,True,-6
previous_same_LED_abort,100,7,38,0,327,26,1,3,0,0.038461538461538464,True,-5
previous_same_LED_abort,100,7,38,1,232,27,4,6,0,0.14814814814814814,True,-5
previous_same_LED_abort,100,7,39,0,185,13,0,0,0,0.0,True,-4
previous_same_LED_abort,100,7,39,1,126,13,2,0,0,0.15384615384615385,True,-4
previous_same_LED_abort,100,7,40,0,539,71,16,2,0,0.22535211267605634,True,-3
previous_same_LED_abort,100,7,40,1,251,36,8,1,0,0.2222222222222222,True,-3
previous_same_LED_abort,100,7,41,0,518,46,6,3,0,0.13043478260869565,True,-2
previous_same_LED_abort,100,7,41,1,253,36,5,4,0,0.1388888888888889,True,-2
previous_same_LED_abort,100,7,42,0,407,31,2,3,0,0.06451612903225806,True,-1
previous_same_LED_abort,100,7,42,1,230,26,3,6,0,0.11538461538461539,True,-1
previous_same_LED_abort,103,7,26,0,306,44,11,5,0,0.25,True,-27
previous_same_LED_abort,103,7,26,1,233,50,14,10,0,0.28,True,-27
previous_same_LED_abort,103,7,27,0,419,69,23,2,0,0.3333333333333333,True,-26
previous_same_LED_abort,103,7,27,1,226,47,16,1,0,0.3404255319148936,True,-26
previous_same_LED_abort,103,7,28,0,505,50,5,5,0,0.1,True,-25
previous_same_LED_abort,103,7,28,1,265,51,12,1,0,0.23529411764705882,True,-25
previous_same_LED_abort,103,7,29,0,413,49,11,2,0,0.22448979591836735,True,-24
previous_same_LED_abort,103,7,29,1,203,30,5,1,0,0.16666666666666666,True,-24
previous_same_LED_abort,103,7,30,0,357,32,7,3,0,0.21875,True,-23
previous_same_LED_abort,103,7,30,1,180,31,2,4,0,0.06451612903225806,True,-23
previous_same_LED_abort,103,7,31,0,471,51,6,4,0,0.11764705882352941,True,-22
previous_same_LED_abort,103,7,31,1,211,35,5,4,0,0.14285714285714285,True,-22
previous_same_LED_abort,103,7,32,0,520,84,20,2,0,0.23809523809523808,True,-21
previous_same_LED_abort,103,7,32,1,231,56,15,1,0,0.26785714285714285,True,-21
previous_same_LED_abort,103,7,33,0,477,77,9,0,0,0.11688311688311688,True,-20
previous_same_LED_abort,103,7,33,1,267,62,12,2,0,0.1935483870967742,True,-20
previous_same_LED_abort,103,7,34,0,362,41,3,1,0,0.07317073170731707,True,-19
previous_same_LED_abort,103,7,34,1,223,52,13,0,0,0.25,True,-19
previous_same_LED_abort,103,7,35,0,520,92,18,0,0,0.1956521739130435,True,-18
previous_same_LED_abort,103,7,35,1,263,53,7,1,0,0.1320754716981132,True,-18
previous_same_LED_abort,103,7,36,0,608,84,21,2,0,0.25,True,-17
previous_same_LED_abort,103,7,36,1,235,34,4,1,0,0.11764705882352941,True,-17
previous_same_LED_abort,103,7,37,0,553,66,14,3,0,0.21212121212121213,True,-16
previous_same_LED_abort,103,7,37,1,248,30,4,1,0,0.13333333333333333,True,-16
previous_same_LED_abort,103,7,38,0,321,37,8,1,0,0.21621621621621623,True,-15
previous_same_LED_abort,103,7,38,1,171,25,4,0,0,0.16,True,-15
previous_same_LED_abort,103,7,39,0,596,101,15,2,0,0.1485148514851485,True,-14
previous_same_LED_abort,103,7,39,1,286,50,9,0,0,0.18,True,-14
previous_same_LED_abort,103,7,40,0,577,43,7,1,0,0.16279069767441862,True,-13
previous_same_LED_abort,103,7,40,1,294,29,3,4,0,0.10344827586206896,True,-13
previous_same_LED_abort,103,7,41,0,490,53,9,2,0,0.16981132075471697,True,-12
previous_same_LED_abort,103,7,41,1,258,31,2,2,0,0.06451612903225806,True,-12
previous_same_LED_abort,103,7,42,0,440,48,2,2,0,0.041666666666666664,True,-11
previous_same_LED_abort,103,7,42,1,189,26,5,0,0,0.19230769230769232,True,-11
previous_same_LED_abort,103,7,43,0,489,57,8,3,0,0.14035087719298245,True,-10
previous_same_LED_abort,103,7,43,1,264,30,2,3,0,0.06666666666666667,True,-10
previous_same_LED_abort,103,7,44,0,460,69,13,4,0,0.18840579710144928,True,-9
previous_same_LED_abort,103,7,44,1,204,29,2,1,0,0.06896551724137931,True,-9
previous_same_LED_abort,103,7,45,0,599,100,15,3,0,0.15,True,-8
previous_same_LED_abort,103,7,45,1,300,59,10,0,0,0.1694915254237288,True,-8
previous_same_LED_abort,103,7,46,0,702,78,13,1,0,0.16666666666666666,True,-7
previous_same_LED_abort,103,7,46,1,275,34,6,0,0,0.17647058823529413,True,-7
previous_same_LED_abort,103,7,47,0,533,51,8,1,0,0.1568627450980392,True,-6
previous_same_LED_abort,103,7,47,1,280,43,5,3,0,0.11627906976744186,True,-6
previous_same_LED_abort,103,7,48,0,602,56,2,4,0,0.03571428571428571,True,-5
previous_same_LED_abort,103,7,48,1,261,30,7,0,0,0.23333333333333334,True,-5
previous_same_LED_abort,103,7,49,0,568,55,5,4,0,0.09090909090909091,True,-4
previous_same_LED_abort,103,7,49,1,251,31,6,2,0,0.1935483870967742,True,-4
previous_same_LED_abort,103,7,50,0,606,76,11,1,0,0.14473684210526316,True,-3
previous_same_LED_abort,103,7,50,1,309,48,11,1,0,0.22916666666666666,True,-3
previous_same_LED_abort,103,7,51,0,413,45,9,1,0,0.2,True,-2
previous_same_LED_abort,103,7,51,1,217,39,8,1,0,0.20512820512820512,True,-2
previous_same_LED_abort,103,7,52,0,488,60,8,4,0,0.13333333333333333,True,-1
previous_same_LED_abort,103,7,52,1,256,35,4,2,0,0.11428571428571428,True,-1
isolated,92,7,40,0,340,340,37,4,0,0.10882352941176471,True,-35
isolated,92,7,40,1,179,179,25,11,0,0.13966480446927373,True,-35
isolated,92,7,41,0,438,438,28,18,0,0.0639269406392694,True,-34
isolated,92,7,41,1,258,258,14,35,0,0.05426356589147287,True,-34
isolated,92,7,42,0,465,465,38,11,0,0.08172043010752689,True,-33
isolated,92,7,42,1,238,238,17,29,0,0.07142857142857142,True,-33
isolated,92,7,43,0,393,393,34,26,0,0.08651399491094147,True,-32
isolated,92,7,43,1,196,196,25,24,0,0.12755102040816327,True,-32
isolated,92,7,44,0,356,356,22,46,0,0.06179775280898876,True,-31
isolated,92,7,44,1,180,180,11,38,0,0.06111111111111111,True,-31
isolated,92,7,45,0,435,435,25,39,0,0.05747126436781609,True,-30
isolated,92,7,45,1,193,193,11,24,0,0.05699481865284974,True,-30
isolated,92,7,46,0,434,434,42,39,0,0.0967741935483871,True,-29
isolated,92,7,46,1,186,186,22,9,0,0.11827956989247312,True,-29
isolated,92,7,47,0,425,425,46,11,0,0.10823529411764705,True,-28
isolated,92,7,47,1,251,251,24,28,0,0.09561752988047809,True,-28
isolated,92,7,48,0,492,492,65,6,0,0.13211382113821138,True,-27
isolated,92,7,48,1,245,245,35,14,0,0.14285714285714285,True,-27
isolated,92,7,49,0,442,442,50,24,0,0.11312217194570136,True,-26
isolated,92,7,49,1,212,212,22,14,0,0.10377358490566038,True,-26
isolated,92,7,50,0,454,454,51,12,0,0.11233480176211454,True,-25
isolated,92,7,50,1,247,247,31,13,0,0.12550607287449392,True,-25
isolated,92,7,51,0,508,508,58,17,0,0.1141732283464567,True,-24
isolated,92,7,51,1,214,214,22,1,0,0.102803738317757,True,-24
isolated,92,7,52,0,469,469,52,26,0,0.11087420042643924,True,-23
isolated,92,7,52,1,233,233,28,6,0,0.12017167381974249,True,-23
isolated,92,7,53,0,400,400,54,17,0,0.135,True,-22
isolated,92,7,53,1,238,238,34,16,0,0.14285714285714285,True,-22
isolated,92,7,54,0,509,509,54,20,0,0.10609037328094302,True,-21
isolated,92,7,54,1,242,242,32,7,0,0.1322314049586777,True,-21
isolated,92,7,55,0,393,393,40,8,0,0.10178117048346055,True,-20
isolated,92,7,55,1,198,198,19,10,0,0.09595959595959595,True,-20
isolated,92,7,56,0,455,455,57,3,0,0.12527472527472527,True,-19
isolated,92,7,56,1,245,245,33,18,0,0.1346938775510204,True,-19
isolated,92,7,57,0,503,503,47,8,0,0.09343936381709742,True,-18
isolated,92,7,57,1,257,257,18,23,0,0.07003891050583658,True,-18
isolated,92,7,58,0,397,397,32,5,0,0.08060453400503778,True,-17
isolated,92,7,58,1,174,174,8,25,0,0.04597701149425287,True,-17
isolated,92,7,59,0,488,488,42,21,0,0.0860655737704918,True,-16
isolated,92,7,59,1,241,241,30,13,0,0.12448132780082988,True,-16
isolated,92,7,60,0,259,259,14,26,0,0.05405405405405406,True,-15
isolated,92,7,60,1,155,155,9,41,0,0.05806451612903226,True,-15
isolated,92,7,61,0,434,434,65,4,0,0.1497695852534562,True,-14
isolated,92,7,61,1,250,250,31,26,0,0.124,True,-14
isolated,92,7,62,0,488,488,33,16,0,0.06762295081967214,True,-13
isolated,92,7,62,1,219,219,18,25,0,0.0821917808219178,True,-13
isolated,92,7,63,0,377,377,43,20,0,0.11405835543766578,True,-12
isolated,92,7,63,1,238,238,21,39,0,0.08823529411764706,True,-12
isolated,92,7,64,0,338,338,29,18,0,0.08579881656804733,True,-11
isolated,92,7,64,1,187,187,18,18,0,0.0962566844919786,True,-11
isolated,92,7,65,0,438,438,46,14,0,0.1050228310502283,True,-10
isolated,92,7,65,1,227,227,13,35,0,0.05726872246696035,True,-10
isolated,92,7,66,0,392,392,42,9,0,0.10714285714285714,True,-9
isolated,92,7,66,1,191,191,23,10,0,0.12041884816753927,True,-9
isolated,92,7,67,0,419,419,65,16,0,0.15513126491646778,True,-8
isolated,92,7,67,1,236,236,35,18,0,0.1483050847457627,True,-8
isolated,92,7,68,0,518,518,47,11,0,0.09073359073359073,True,-7
isolated,92,7,68,1,261,261,41,7,0,0.15708812260536398,True,-7
isolated,92,7,69,0,441,441,50,9,0,0.11337868480725624,True,-6
isolated,92,7,69,1,284,284,34,22,0,0.11971830985915492,True,-6
isolated,92,7,70,0,477,477,55,21,0,0.11530398322851153,True,-5
isolated,92,7,70,1,211,211,18,23,0,0.08530805687203792,True,-5
isolated,92,7,71,0,454,454,53,5,0,0.11674008810572688,True,-4
isolated,92,7,71,1,285,285,33,23,0,0.11578947368421053,True,-4
isolated,92,7,72,0,544,544,50,13,0,0.09191176470588236,True,-3
isolated,92,7,72,1,280,280,29,9,0,0.10357142857142858,True,-3
isolated,92,7,73,0,355,355,36,3,0,0.10140845070422536,True,-2
isolated,92,7,73,1,205,205,30,27,0,0.14634146341463414,True,-2
isolated,92,7,74,0,533,533,55,13,0,0.10318949343339587,True,-1
isolated,92,7,74,1,237,237,27,17,0,0.11392405063291139,True,-1
isolated,93,7,28,0,439,439,54,8,0,0.12300683371298406,True,-27
isolated,93,7,28,1,220,220,26,15,0,0.11818181818181818,True,-27
isolated,93,7,29,0,399,399,43,4,0,0.10776942355889724,True,-26
isolated,93,7,29,1,229,229,27,16,0,0.11790393013100436,True,-26
isolated,93,7,30,0,438,438,44,16,0,0.1004566210045662,True,-25
isolated,93,7,30,1,214,214,18,8,0,0.08411214953271028,True,-25
isolated,93,7,31,0,398,398,31,21,0,0.07788944723618091,True,-24
isolated,93,7,31,1,228,228,19,12,0,0.08333333333333333,True,-24
isolated,93,7,32,0,346,346,22,25,0,0.06358381502890173,True,-23
isolated,93,7,32,1,192,192,20,8,0,0.10416666666666667,True,-23
isolated,93,7,33,0,426,426,48,16,0,0.11267605633802817,True,-22
isolated,93,7,33,1,245,245,20,9,0,0.08163265306122448,True,-22
isolated,93,7,34,0,436,436,47,6,0,0.10779816513761468,True,-21
isolated,93,7,34,1,233,233,22,24,0,0.0944206008583691,True,-21
isolated,93,7,35,0,432,432,46,13,0,0.10648148148148148,True,-20
isolated,93,7,35,1,238,238,30,12,0,0.12605042016806722,True,-20
isolated,93,7,36,0,493,493,38,40,0,0.07707910750507099,True,-19
isolated,93,7,36,1,189,189,19,5,0,0.10052910052910052,True,-19
isolated,93,7,37,0,431,431,43,10,0,0.09976798143851508,True,-18
isolated,93,7,37,1,229,229,24,16,0,0.10480349344978165,True,-18
isolated,93,7,38,0,440,440,38,13,0,0.08636363636363636,True,-17
isolated,93,7,38,1,213,213,19,16,0,0.0892018779342723,True,-17
isolated,93,7,39,0,332,332,41,12,0,0.12349397590361445,True,-16
isolated,93,7,39,1,220,220,24,10,0,0.10909090909090909,True,-16
isolated,93,7,40,0,444,444,56,19,0,0.12612612612612611,True,-15
isolated,93,7,40,1,227,227,25,3,0,0.11013215859030837,True,-15
isolated,93,7,41,0,312,312,32,9,0,0.10256410256410256,True,-14
isolated,93,7,41,1,180,180,13,16,0,0.07222222222222222,True,-14
isolated,93,7,42,0,441,441,60,10,0,0.1360544217687075,True,-13
isolated,93,7,42,1,250,250,18,6,0,0.072,True,-13
isolated,93,7,43,0,443,443,61,6,0,0.13769751693002258,True,-12
isolated,93,7,43,1,226,226,32,12,0,0.1415929203539823,True,-12
isolated,93,7,44,0,459,459,50,9,0,0.10893246187363835,True,-11
isolated,93,7,44,1,257,257,32,8,0,0.1245136186770428,True,-11
isolated,93,7,45,0,318,318,32,18,0,0.10062893081761007,True,-10
isolated,93,7,45,1,190,190,11,15,0,0.05789473684210526,True,-10
isolated,93,7,46,0,440,440,36,6,0,0.08181818181818182,True,-9
isolated,93,7,46,1,263,263,35,10,0,0.13307984790874525,True,-9
isolated,93,7,47,0,350,350,33,11,0,0.09428571428571429,True,-8
isolated,93,7,47,1,199,199,23,12,0,0.11557788944723618,True,-8
isolated,93,7,48,0,414,414,50,4,0,0.12077294685990338,True,-7
isolated,93,7,48,1,240,240,31,11,0,0.12916666666666668,True,-7
isolated,93,7,49,0,453,453,44,4,0,0.09713024282560706,True,-6
isolated,93,7,49,1,237,237,27,11,0,0.11392405063291139,True,-6
isolated,93,7,50,0,492,492,42,13,0,0.08536585365853659,True,-5
isolated,93,7,50,1,213,213,21,13,0,0.09859154929577464,True,-5
isolated,93,7,51,0,481,481,31,26,0,0.06444906444906445,True,-4
isolated,93,7,51,1,233,233,17,14,0,0.07296137339055794,True,-4
isolated,93,7,52,0,471,471,32,11,0,0.06794055201698514,True,-3
isolated,93,7,52,1,227,227,17,9,0,0.07488986784140969,True,-3
isolated,93,7,53,0,464,464,33,8,0,0.07112068965517242,True,-2
isolated,93,7,53,1,237,237,32,19,0,0.1350210970464135,True,-2
isolated,93,7,54,0,502,502,35,6,0,0.0697211155378486,True,-1
isolated,93,7,54,1,243,243,21,16,0,0.08641975308641975,True,-1
isolated,98,7,28,0,410,410,27,28,0,0.06585365853658537,True,-20
isolated,98,7,28,1,225,225,18,24,0,0.08,True,-20
isolated,98,7,29,0,483,483,60,4,0,0.12422360248447205,True,-19
isolated,98,7,29,1,243,243,26,10,0,0.10699588477366255,True,-19
isolated,98,7,30,0,506,506,47,28,0,0.09288537549407115,True,-18
isolated,98,7,30,1,228,228,23,10,0,0.10087719298245613,True,-18
isolated,98,7,31,0,267,267,31,17,0,0.11610486891385768,True,-17
isolated,98,7,31,1,203,203,19,49,0,0.09359605911330049,True,-17
isolated,98,7,32,0,499,499,43,9,0,0.08617234468937876,True,-16
isolated,98,7,32,1,239,239,26,12,0,0.1087866108786611,True,-16
isolated,98,7,33,0,388,388,29,4,0,0.07474226804123711,True,-15
isolated,98,7,33,1,202,202,20,14,0,0.09900990099009901,True,-15
isolated,98,7,34,0,471,471,79,7,0,0.16772823779193205,True,-14
isolated,98,7,34,1,244,244,30,11,0,0.12295081967213115,True,-14
isolated,98,7,35,0,566,566,86,3,0,0.1519434628975265,True,-13
isolated,98,7,35,1,261,261,27,0,0,0.10344827586206896,True,-13
isolated,98,7,36,0,540,540,51,6,0,0.09444444444444444,True,-12
isolated,98,7,36,1,302,302,28,14,0,0.09271523178807947,True,-12
isolated,98,7,37,0,519,519,44,2,0,0.08477842003853564,True,-11
isolated,98,7,37,1,253,253,19,24,0,0.07509881422924901,True,-11
isolated,98,7,38,0,491,491,37,4,0,0.07535641547861507,True,-10
isolated,98,7,38,1,264,264,20,44,0,0.07575757575757576,True,-10
isolated,98,7,39,0,376,376,42,17,0,0.11170212765957446,True,-9
isolated,98,7,39,1,167,167,22,15,0,0.1317365269461078,True,-9
isolated,98,7,40,0,537,537,66,10,0,0.12290502793296089,True,-8
isolated,98,7,40,1,236,236,34,0,0,0.1440677966101695,True,-8
isolated,98,7,41,0,492,492,77,0,0,0.1565040650406504,True,-7
isolated,98,7,41,1,275,275,35,16,0,0.12727272727272726,True,-7
isolated,98,7,42,0,511,511,42,9,0,0.0821917808219178,True,-6
isolated,98,7,42,1,266,266,28,9,0,0.10526315789473684,True,-6
isolated,98,7,43,0,527,527,48,7,0,0.09108159392789374,True,-5
isolated,98,7,43,1,271,271,31,10,0,0.11439114391143912,True,-5
isolated,98,7,44,0,551,551,55,15,0,0.0998185117967332,True,-4
isolated,98,7,44,1,249,249,24,5,0,0.0963855421686747,True,-4
isolated,98,7,45,0,578,578,57,14,0,0.0986159169550173,True,-3
isolated,98,7,45,1,239,239,30,3,0,0.12552301255230125,True,-3
isolated,98,7,46,0,591,591,60,6,0,0.10152284263959391,True,-2
isolated,98,7,46,1,291,291,28,7,0,0.09621993127147767,True,-2
isolated,98,7,47,0,527,527,36,21,0,0.0683111954459203,True,-1
isolated,98,7,47,1,257,257,23,13,0,0.08949416342412451,True,-1
isolated,99,7,28,0,476,476,80,23,0,0.16806722689075632,True,-19
isolated,99,7,28,1,234,234,28,4,0,0.11965811965811966,True,-19
isolated,99,7,29,0,454,454,78,7,0,0.17180616740088106,True,-18
isolated,99,7,29,1,224,224,29,10,0,0.12946428571428573,True,-18
isolated,99,7,30,0,452,452,46,11,0,0.10176991150442478,True,-17
isolated,99,7,30,1,213,213,28,0,0,0.13145539906103287,True,-17
isolated,99,7,31,0,574,574,72,8,0,0.1254355400696864,True,-16
isolated,99,7,31,1,287,287,34,6,0,0.11846689895470383,True,-16
isolated,99,7,32,0,448,448,49,1,0,0.109375,True,-15
isolated,99,7,32,1,211,211,21,17,0,0.0995260663507109,True,-15
isolated,99,7,33,0,516,516,69,2,0,0.13372093023255813,True,-14
isolated,99,7,33,1,276,276,27,11,0,0.09782608695652174,True,-14
isolated,99,7,34,0,570,570,46,4,0,0.08070175438596491,True,-13
isolated,99,7,34,1,329,329,34,12,0,0.1033434650455927,True,-13
isolated,99,7,35,0,378,378,28,19,0,0.07407407407407407,True,-12
isolated,99,7,35,1,244,244,17,75,0,0.06967213114754098,True,-12
isolated,99,7,36,0,527,527,59,6,0,0.11195445920303605,True,-11
isolated,99,7,36,1,309,309,30,17,0,0.0970873786407767,True,-11
isolated,99,7,37,0,580,580,67,9,0,0.11551724137931034,True,-10
isolated,99,7,37,1,255,255,25,8,0,0.09803921568627451,True,-10
isolated,99,7,38,0,406,406,39,6,0,0.0960591133004926,True,-9
isolated,99,7,38,1,231,231,26,13,0,0.11255411255411256,True,-9
isolated,99,7,39,0,605,605,55,12,0,0.09090909090909091,True,-8
isolated,99,7,39,1,286,286,32,0,0,0.11188811188811189,True,-8
isolated,99,7,40,0,628,628,45,6,0,0.07165605095541401,True,-7
isolated,99,7,40,1,331,331,32,11,0,0.09667673716012085,True,-7
isolated,99,7,41,0,596,596,68,9,0,0.11409395973154363,True,-6
isolated,99,7,41,1,306,306,27,12,0,0.08823529411764706,True,-6
isolated,99,7,42,0,563,563,74,12,0,0.13143872113676733,True,-5
isolated,99,7,42,1,278,278,25,18,0,0.08992805755395683,True,-5
isolated,99,7,43,0,476,476,56,10,0,0.11764705882352941,True,-4
isolated,99,7,43,1,276,276,21,30,0,0.07608695652173914,True,-4
isolated,99,7,44,0,602,602,48,5,0,0.07973421926910298,True,-3
isolated,99,7,44,1,340,340,36,15,0,0.10588235294117647,True,-3
isolated,99,7,45,0,596,596,60,10,0,0.10067114093959731,True,-2
isolated,99,7,45,1,252,252,36,7,0,0.14285714285714285,True,-2
isolated,99,7,46,0,570,570,46,7,0,0.08070175438596491,True,-1
isolated,99,7,46,1,286,286,25,12,0,0.08741258741258741,True,-1
isolated,100,7,28,0,297,297,29,17,0,0.09764309764309764,True,-15
isolated,100,7,28,1,137,137,19,1,0,0.1386861313868613,True,-15
isolated,100,7,29,0,583,583,52,5,0,0.08919382504288165,True,-14
isolated,100,7,29,1,309,309,26,13,0,0.08414239482200647,True,-14
isolated,100,7,30,0,394,394,30,20,0,0.07614213197969544,True,-13
isolated,100,7,30,1,223,223,18,33,0,0.08071748878923767,True,-13
isolated,100,7,31,0,252,252,21,24,0,0.08333333333333333,True,-12
isolated,100,7,31,1,141,141,19,34,0,0.1347517730496454,True,-12
isolated,100,7,32,0,567,567,44,7,0,0.07760141093474426,True,-11
isolated,100,7,32,1,274,274,22,16,0,0.08029197080291971,True,-11
isolated,100,7,33,0,495,495,34,18,0,0.06868686868686869,True,-10
isolated,100,7,33,1,242,242,12,23,0,0.049586776859504134,True,-10
isolated,100,7,34,0,414,414,30,30,0,0.07246376811594203,True,-9
isolated,100,7,34,1,189,189,19,7,0,0.10052910052910052,True,-9
isolated,100,7,35,0,443,443,37,6,0,0.0835214446952596,True,-8
isolated,100,7,35,1,264,264,24,44,0,0.09090909090909091,True,-8
isolated,100,7,36,0,330,330,43,1,0,0.1303030303030303,True,-7
isolated,100,7,36,1,262,262,10,113,0,0.03816793893129771,True,-7
isolated,100,7,37,0,476,476,38,29,0,0.07983193277310924,True,-6
isolated,100,7,37,1,244,244,9,27,0,0.036885245901639344,True,-6
isolated,100,7,38,0,327,327,20,26,0,0.06116207951070336,True,-5
isolated,100,7,38,1,232,232,12,73,0,0.05172413793103448,True,-5
isolated,100,7,39,0,185,185,16,10,0,0.08648648648648649,True,-4
isolated,100,7,39,1,126,126,6,32,0,0.047619047619047616,True,-4
isolated,100,7,40,0,539,539,44,25,0,0.08163265306122448,True,-3
isolated,100,7,40,1,251,251,19,25,0,0.07569721115537849,True,-3
isolated,100,7,41,0,518,518,32,20,0,0.06177606177606178,True,-2
isolated,100,7,41,1,253,253,18,28,0,0.07114624505928854,True,-2
isolated,100,7,42,0,407,407,24,14,0,0.05896805896805897,True,-1
isolated,100,7,42,1,230,230,14,38,0,0.06086956521739131,True,-1
isolated,103,7,26,0,306,306,21,25,0,0.06862745098039216,True,-27
isolated,103,7,26,1,233,233,13,49,0,0.055793991416309016,True,-27
isolated,103,7,27,0,419,419,35,11,0,0.08353221957040573,True,-26
isolated,103,7,27,1,226,226,16,26,0,0.07079646017699115,True,-26
isolated,103,7,28,0,505,505,35,12,0,0.06930693069306931,True,-25
isolated,103,7,28,1,265,265,23,16,0,0.08679245283018867,True,-25
isolated,103,7,29,0,413,413,30,5,0,0.07263922518159806,True,-24
isolated,103,7,29,1,203,203,19,16,0,0.09359605911330049,True,-24
isolated,103,7,30,0,357,357,20,19,0,0.056022408963585436,True,-23
isolated,103,7,30,1,180,180,21,29,0,0.11666666666666667,True,-23
isolated,103,7,31,0,471,471,40,16,0,0.08492569002123142,True,-22
isolated,103,7,31,1,211,211,19,26,0,0.09004739336492891,True,-22
isolated,103,7,32,0,520,520,56,6,0,0.1076923076923077,True,-21
isolated,103,7,32,1,231,231,26,5,0,0.11255411255411256,True,-21
isolated,103,7,33,0,477,477,73,1,0,0.1530398322851153,True,-20
isolated,103,7,33,1,267,267,31,13,0,0.11610486891385768,True,-20
isolated,103,7,34,0,362,362,38,10,0,0.10497237569060773,True,-19
isolated,103,7,34,1,223,223,29,5,0,0.13004484304932734,True,-19
isolated,103,7,35,0,520,520,76,1,0,0.14615384615384616,True,-18
isolated,103,7,35,1,263,263,35,11,0,0.13307984790874525,True,-18
isolated,103,7,36,0,608,608,45,3,0,0.07401315789473684,True,-17
isolated,103,7,36,1,235,235,24,6,0,0.10212765957446808,True,-17
isolated,103,7,37,0,553,553,44,17,0,0.07956600361663653,True,-16
isolated,103,7,37,1,248,248,20,4,0,0.08064516129032258,True,-16
isolated,103,7,38,0,321,321,28,10,0,0.08722741433021806,True,-15
isolated,103,7,38,1,171,171,17,0,0,0.09941520467836257,True,-15
isolated,103,7,39,0,596,596,84,2,0,0.14093959731543623,True,-14
isolated,103,7,39,1,286,286,30,10,0,0.1048951048951049,True,-14
isolated,103,7,40,0,577,577,35,11,0,0.060658578856152515,True,-13
isolated,103,7,40,1,294,294,16,24,0,0.05442176870748299,True,-13
isolated,103,7,41,0,490,490,33,14,0,0.0673469387755102,True,-12
isolated,103,7,41,1,258,258,21,27,0,0.08139534883720931,True,-12
isolated,103,7,42,0,440,440,43,23,0,0.09772727272727273,True,-11
isolated,103,7,42,1,189,189,15,5,0,0.07936507936507936,True,-11
isolated,103,7,43,0,489,489,41,15,0,0.08384458077709611,True,-10
isolated,103,7,43,1,264,264,23,28,0,0.08712121212121213,True,-10
isolated,103,7,44,0,460,460,44,22,0,0.09565217391304348,True,-9
isolated,103,7,44,1,204,204,22,6,0,0.10784313725490197,True,-9
isolated,103,7,45,0,599,599,81,10,0,0.1352253756260434,True,-8
isolated,103,7,45,1,300,300,40,8,0,0.13333333333333333,True,-8
isolated,103,7,46,0,702,702,59,1,0,0.08404558404558404,True,-7
isolated,103,7,46,1,275,275,19,8,0,0.06909090909090909,True,-7
isolated,103,7,47,0,533,533,37,9,0,0.06941838649155722,True,-6
isolated,103,7,47,1,280,280,27,22,0,0.09642857142857143,True,-6
isolated,103,7,48,0,602,602,48,13,0,0.07973421926910298,True,-5
isolated,103,7,48,1,261,261,18,18,0,0.06896551724137931,True,-5
isolated,103,7,49,0,568,568,43,29,0,0.07570422535211267,True,-4
isolated,103,7,49,1,251,251,20,20,0,0.0796812749003984,True,-4
isolated,103,7,50,0,606,606,62,1,0,0.10231023102310231,True,-3
isolated,103,7,50,1,309,309,22,12,0,0.07119741100323625,True,-3
isolated,103,7,51,0,413,413,30,17,0,0.07263922518159806,True,-2
isolated,103,7,51,1,217,217,21,10,0,0.0967741935483871,True,-2
isolated,103,7,52,0,488,488,42,13,0,0.0860655737704918,True,-1
isolated,103,7,52,1,256,256,23,34,0,0.08984375,True,-1
previous_abort,92,8,75,0,464,53,4,2,0,0.07547169811320754,True,0
previous_abort,92,8,75,1,228,51,5,0,0,0.09803921568627451,True,0
previous_abort,92,8,76,0,288,17,1,1,0,0.058823529411764705,True,1
previous_abort,92,8,76,1,279,41,5,7,0,0.12195121951219512,True,1
previous_abort,92,8,77,0,500,61,10,0,0,0.16393442622950818,True,2
previous_abort,92,8,77,1,240,80,17,1,0,0.2125,True,2
previous_abort,92,8,81,0,450,46,12,0,0,0.2608695652173913,True,6
previous_abort,92,8,81,1,247,66,12,0,0,0.18181818181818182,True,6
previous_abort,92,8,82,0,383,31,3,1,0,0.0967741935483871,True,7
previous_abort,92,8,82,1,256,40,3,2,0,0.075,True,7
previous_abort,92,8,83,0,117,11,0,0,0,0.0,True,8
previous_abort,92,8,83,1,70,12,0,1,0,0.0,True,8
previous_abort,92,8,84,0,454,46,5,0,0,0.10869565217391304,True,9
previous_abort,92,8,84,1,273,61,11,0,0,0.18032786885245902,True,9
previous_abort,92,8,85,0,447,43,5,0,0,0.11627906976744186,True,10
previous_abort,92,8,85,1,256,62,16,2,0,0.25806451612903225,True,10
previous_abort,92,8,88,0,216,11,0,1,0,0.0,True,13
previous_abort,92,8,88,1,127,7,1,0,0,0.14285714285714285,True,13
previous_abort,92,8,89,0,292,29,0,1,0,0.0,True,14
previous_abort,92,8,89,1,192,33,3,2,0,0.09090909090909091,True,14
previous_abort,92,8,90,0,377,48,5,2,0,0.10416666666666667,True,15
previous_abort,92,8,90,1,265,68,16,3,0,0.23529411764705882,True,15
previous_abort,92,8,91,0,489,50,5,2,0,0.1,True,16
previous_abort,92,8,91,1,288,61,10,0,0,0.16393442622950818,True,16
previous_abort,92,8,92,0,400,37,5,1,0,0.13513513513513514,True,17
previous_abort,92,8,92,1,223,56,15,2,0,0.26785714285714285,True,17
previous_abort,92,8,93,0,463,32,3,0,0,0.09375,True,18
previous_abort,92,8,93,1,264,42,3,2,0,0.07142857142857142,True,18
previous_abort,92,8,94,0,418,25,3,0,0,0.12,True,19
previous_abort,92,8,94,1,255,37,4,1,0,0.10810810810810811,True,19
previous_abort,92,8,95,1,15,3,2,1,0,0.6666666666666666,True,20
previous_abort,92,8,96,0,464,38,0,0,0,0.0,True,21
previous_abort,92,8,96,1,237,38,3,2,0,0.07894736842105263,True,21
previous_abort,92,8,97,0,339,34,3,0,0,0.08823529411764706,True,22
previous_abort,92,8,97,1,200,32,4,1,0,0.125,True,22
previous_abort,92,8,98,0,477,37,4,3,0,0.10810810810810811,True,23
previous_abort,92,8,98,1,277,41,3,2,0,0.07317073170731707,True,23
previous_abort,92,8,99,0,497,40,4,1,0,0.1,True,24
previous_abort,92,8,99,1,241,46,7,2,0,0.15217391304347827,True,24
previous_abort,92,8,100,0,452,37,5,1,0,0.13513513513513514,True,25
previous_abort,92,8,100,1,242,52,12,1,0,0.23076923076923078,True,25
previous_abort,92,8,101,0,326,20,1,0,0,0.05,True,26
previous_abort,92,8,101,1,247,31,3,1,0,0.0967741935483871,True,26
previous_abort,92,8,102,0,161,27,2,0,0,0.07407407407407407,True,27
previous_abort,92,8,102,1,92,22,1,1,0,0.045454545454545456,True,27
previous_abort,92,8,103,0,447,36,11,1,0,0.3055555555555556,True,28
previous_abort,92,8,103,1,262,57,4,4,0,0.07017543859649122,True,28
previous_abort,92,8,104,0,391,31,3,4,0,0.0967741935483871,True,29
previous_abort,92,8,104,1,267,47,6,3,0,0.1276595744680851,True,29
previous_abort,93,8,55,0,368,37,6,3,0,0.16216216216216217,True,0
previous_abort,93,8,55,1,199,45,9,3,0,0.2,True,0
previous_abort,93,8,56,0,385,26,3,2,0,0.11538461538461539,True,1
previous_abort,93,8,56,1,228,45,9,3,0,0.2,True,1
previous_abort,93,8,57,0,315,28,2,0,0,0.07142857142857142,True,2
previous_abort,93,8,57,1,199,51,10,2,1,0.19607843137254902,True,2
previous_abort,93,8,58,0,291,30,7,2,0,0.23333333333333334,True,3
previous_abort,93,8,58,1,154,35,8,2,0,0.22857142857142856,True,3
previous_abort,93,8,59,0,455,28,3,2,0,0.10714285714285714,True,4
previous_abort,93,8,59,1,261,53,9,1,0,0.16981132075471697,True,4
previous_abort,93,8,60,0,511,53,11,0,0,0.20754716981132076,True,5
previous_abort,93,8,60,1,282,79,22,5,0,0.27848101265822783,True,5
previous_abort,93,8,61,0,348,10,0,4,0,0.0,True,6
previous_abort,93,8,61,1,222,32,4,5,0,0.125,True,6
previous_abort,93,8,62,0,337,25,2,3,0,0.08,True,7
previous_abort,93,8,62,1,222,36,1,6,0,0.027777777777777776,True,7
previous_abort,93,8,63,0,484,33,9,1,0,0.2727272727272727,True,8
previous_abort,93,8,63,1,245,59,14,1,0,0.23728813559322035,True,8
previous_abort,93,8,64,0,427,35,7,0,0,0.2,True,9
previous_abort,93,8,64,1,265,77,21,2,0,0.2727272727272727,True,9
previous_abort,93,8,65,0,441,47,12,1,0,0.2553191489361702,True,10
previous_abort,93,8,65,1,221,54,5,3,0,0.09259259259259259,True,10
previous_abort,93,8,66,0,308,30,4,2,0,0.13333333333333333,True,11
previous_abort,93,8,66,1,203,68,28,5,1,0.4117647058823529,True,11
previous_abort,93,8,67,0,338,40,8,0,0,0.2,True,12
previous_abort,93,8,67,1,204,70,23,2,0,0.32857142857142857,True,12
previous_abort,93,8,68,0,424,33,6,1,0,0.18181818181818182,True,13
previous_abort,93,8,68,1,297,73,15,2,0,0.2054794520547945,True,13
previous_abort,93,8,69,0,419,39,7,1,0,0.1794871794871795,True,14
previous_abort,93,8,69,1,280,84,24,2,0,0.2857142857142857,True,14
previous_abort,93,8,70,0,507,41,6,0,0,0.14634146341463414,True,15
previous_abort,93,8,70,1,283,77,21,1,0,0.2727272727272727,True,15
previous_abort,93,8,71,0,512,41,8,0,0,0.1951219512195122,True,16
previous_abort,93,8,71,1,277,79,15,2,0,0.189873417721519,True,16
previous_abort,93,8,72,0,402,45,5,0,0,0.1111111111111111,True,17
previous_abort,93,8,72,1,279,99,25,6,0,0.25252525252525254,True,17
previous_abort,93,8,73,0,432,41,4,1,0,0.0975609756097561,True,18
previous_abort,93,8,73,1,232,52,13,2,0,0.25,True,18
previous_abort,93,8,74,0,375,41,5,1,0,0.12195121951219512,True,19
previous_abort,93,8,74,1,247,76,15,4,0,0.19736842105263158,True,19
previous_abort,93,8,75,0,436,28,4,0,0,0.14285714285714285,True,20
previous_abort,93,8,75,1,274,72,9,3,0,0.125,True,20
previous_abort,93,8,76,0,459,54,7,0,0,0.12962962962962962,True,21
previous_abort,93,8,76,1,282,104,31,5,0,0.2980769230769231,True,21
previous_abort,93,8,77,0,409,24,7,1,0,0.2916666666666667,True,22
previous_abort,93,8,77,1,308,71,16,4,0,0.22535211267605634,True,22
previous_abort,93,8,78,0,431,33,5,4,0,0.15151515151515152,True,23
previous_abort,93,8,78,1,271,75,16,1,0,0.21333333333333335,True,23
previous_abort,93,8,79,0,406,67,17,0,0,0.2537313432835821,True,24
previous_abort,93,8,79,1,279,116,28,3,0,0.2413793103448276,True,24
previous_abort,93,8,80,0,485,71,20,0,0,0.28169014084507044,True,25
previous_abort,93,8,80,1,250,95,26,2,0,0.2736842105263158,True,25
previous_abort,93,8,81,0,406,40,4,2,0,0.1,True,26
previous_abort,93,8,81,1,276,90,15,6,0,0.16666666666666666,True,26
previous_abort,93,8,82,0,371,26,2,2,0,0.07692307692307693,True,27
previous_abort,93,8,82,1,237,47,6,3,0,0.1276595744680851,True,27
previous_abort,98,8,48,0,364,33,7,1,0,0.21212121212121213,True,0
previous_abort,98,8,48,1,261,68,10,2,0,0.14705882352941177,True,0
previous_abort,98,8,49,0,288,17,0,1,0,0.0,True,1
previous_abort,98,8,49,1,243,47,14,5,0,0.2978723404255319,True,1
previous_abort,98,8,50,0,336,12,0,0,0,0.0,True,2
previous_abort,98,8,50,1,219,69,21,0,0,0.30434782608695654,True,2
previous_abort,98,8,51,0,431,32,9,2,0,0.28125,True,3
previous_abort,98,8,51,1,314,87,23,2,0,0.26436781609195403,True,3
previous_abort,98,8,52,0,424,26,1,2,0,0.038461538461538464,True,4
previous_abort,98,8,52,1,295,78,24,3,0,0.3076923076923077,True,4
previous_abort,98,8,53,0,475,53,12,0,0,0.22641509433962265,True,5
previous_abort,98,8,53,1,292,111,32,1,0,0.2882882882882883,True,5
previous_abort,98,8,54,0,394,66,12,0,0,0.18181818181818182,True,6
previous_abort,98,8,54,1,291,130,33,9,0,0.25384615384615383,True,6
previous_abort,98,8,55,0,444,60,8,1,0,0.13333333333333333,True,7
previous_abort,98,8,55,1,336,129,36,2,0,0.27906976744186046,True,7
previous_abort,98,8,56,0,372,45,8,3,0,0.17777777777777778,True,8
previous_abort,98,8,56,1,322,137,42,2,0,0.30656934306569344,True,8
previous_abort,98,8,57,0,441,61,8,1,0,0.13114754098360656,True,9
previous_abort,98,8,57,1,342,156,52,1,0,0.3333333333333333,True,9
previous_abort,98,8,58,0,346,42,8,0,0,0.19047619047619047,True,10
previous_abort,98,8,58,1,225,97,30,1,0,0.30927835051546393,True,10
previous_abort,98,8,59,0,344,43,6,0,0,0.13953488372093023,True,11
previous_abort,98,8,59,1,231,80,18,2,0,0.225,True,11
previous_abort,98,8,60,0,424,55,6,0,0,0.10909090909090909,True,12
previous_abort,98,8,60,1,313,113,25,2,0,0.22123893805309736,True,12
previous_abort,98,8,61,0,444,72,16,0,0,0.2222222222222222,True,13
previous_abort,98,8,61,1,338,159,46,0,0,0.2893081761006289,True,13
previous_abort,98,8,62,0,436,75,21,0,0,0.28,True,14
previous_abort,98,8,62,1,296,109,33,0,0,0.30275229357798167,True,14
previous_abort,98,8,63,0,419,69,15,0,0,0.21739130434782608,True,15
previous_abort,98,8,63,1,316,140,44,1,0,0.3142857142857143,True,15
previous_abort,98,8,64,0,416,49,12,0,0,0.24489795918367346,True,16
previous_abort,98,8,64,1,314,103,28,1,0,0.27184466019417475,True,16
previous_abort,98,8,65,0,393,48,11,0,0,0.22916666666666666,True,17
previous_abort,98,8,65,1,243,70,10,1,0,0.14285714285714285,True,17
previous_abort,98,8,66,0,92,8,2,3,0,0.25,True,18
previous_abort,98,8,66,1,179,16,0,6,0,0.0,True,18
previous_abort,98,8,67,0,462,66,18,0,0,0.2727272727272727,True,19
previous_abort,98,8,67,1,303,110,24,2,0,0.21818181818181817,True,19
previous_abort,98,8,68,1,4,0,0,0,0,,False,20
previous_abort,98,8,69,0,446,81,21,1,0,0.25925925925925924,True,21
previous_abort,98,8,69,1,324,133,38,0,0,0.2857142857142857,True,21
previous_abort,98,8,70,0,470,57,7,0,0,0.12280701754385964,True,22
previous_abort,98,8,70,1,310,115,29,1,0,0.25217391304347825,True,22
previous_abort,98,8,71,0,405,56,8,0,0,0.14285714285714285,True,23
previous_abort,98,8,71,1,341,149,37,2,0,0.2483221476510067,True,23
previous_abort,98,8,72,0,421,84,21,0,0,0.25,True,24
previous_abort,98,8,72,1,305,138,45,2,0,0.32608695652173914,True,24
previous_abort,98,8,73,0,506,99,24,1,0,0.24242424242424243,True,25
previous_abort,98,8,73,1,267,90,26,0,0,0.28888888888888886,True,25
previous_abort,98,8,74,0,490,64,14,1,0,0.21875,True,26
previous_abort,98,8,74,1,299,109,31,0,0,0.28440366972477066,True,26
previous_abort,99,8,47,0,434,57,10,1,0,0.17543859649122806,True,0
previous_abort,99,8,47,1,288,90,29,5,0,0.32222222222222224,True,0
previous_abort,99,8,48,0,567,53,5,2,0,0.09433962264150944,True,1
previous_abort,99,8,48,1,306,77,19,1,0,0.24675324675324675,True,1
previous_abort,99,8,49,0,387,24,4,1,0,0.16666666666666666,True,2
previous_abort,99,8,49,1,256,59,17,2,0,0.288135593220339,True,2
previous_abort,99,8,50,0,528,65,19,0,0,0.2923076923076923,True,3
previous_abort,99,8,50,1,323,102,27,1,0,0.2647058823529412,True,3
previous_abort,99,8,51,0,545,33,6,1,0,0.18181818181818182,True,4
previous_abort,99,8,51,1,341,91,24,1,0,0.26373626373626374,True,4
previous_abort,99,8,52,0,543,47,8,0,0,0.1702127659574468,True,5
previous_abort,99,8,52,1,355,131,49,0,0,0.37404580152671757,True,5
previous_abort,99,8,53,0,568,31,7,0,0,0.22580645161290322,True,6
previous_abort,99,8,53,1,360,83,20,2,0,0.24096385542168675,True,6
previous_abort,99,8,54,0,547,41,3,0,0,0.07317073170731707,True,7
previous_abort,99,8,54,1,345,104,37,3,0,0.3557692307692308,True,7
previous_abort,99,8,55,0,532,49,8,1,0,0.16326530612244897,True,8
previous_abort,99,8,55,1,331,87,27,2,0,0.3103448275862069,True,8
previous_abort,99,8,56,0,571,45,4,0,0,0.08888888888888889,True,9
previous_abort,99,8,56,1,353,95,24,2,0,0.25263157894736843,True,9
previous_abort,99,8,57,0,232,14,2,0,0,0.14285714285714285,True,10
previous_abort,99,8,57,1,168,34,2,2,0,0.058823529411764705,True,10
previous_abort,99,8,58,0,496,34,4,2,0,0.11764705882352941,True,11
previous_abort,99,8,58,1,252,50,3,0,0,0.06,True,11
previous_abort,99,8,59,0,540,44,4,1,0,0.09090909090909091,True,12
previous_abort,99,8,59,1,301,76,11,1,0,0.14473684210526316,True,12
previous_abort,99,8,60,0,549,66,7,2,0,0.10606060606060606,True,13
previous_abort,99,8,60,1,304,109,24,1,0,0.22018348623853212,True,13
previous_abort,99,8,61,0,568,54,5,1,0,0.09259259259259259,True,14
previous_abort,99,8,61,1,350,118,29,1,0,0.2457627118644068,True,14
previous_abort,99,8,62,0,566,68,15,0,0,0.22058823529411764,True,15
previous_abort,99,8,62,1,306,104,31,2,0,0.2980769230769231,True,15
previous_abort,99,8,63,0,561,43,6,1,0,0.13953488372093023,True,16
previous_abort,99,8,63,1,293,65,20,3,0,0.3076923076923077,True,16
previous_abort,99,8,64,0,436,18,3,2,0,0.16666666666666666,True,17
previous_abort,99,8,64,1,248,31,2,3,0,0.06451612903225806,True,17
previous_abort,99,8,65,0,351,27,2,0,0,0.07407407407407407,True,18
previous_abort,99,8,65,1,251,67,17,3,0,0.2537313432835821,True,18
previous_abort,99,8,66,0,496,35,4,2,0,0.11428571428571428,True,19
previous_abort,99,8,66,1,284,62,12,3,0,0.1935483870967742,True,19
previous_abort,99,8,67,0,535,51,8,0,0,0.1568627450980392,True,20
previous_abort,99,8,67,1,362,105,24,1,0,0.22857142857142856,True,20
previous_abort,99,8,68,0,470,36,5,1,0,0.1388888888888889,True,21
previous_abort,99,8,68,1,317,65,11,3,0,0.16923076923076924,True,21
previous_abort,99,8,69,0,541,27,0,4,0,0.0,True,22
previous_abort,99,8,69,1,319,76,11,3,0,0.14473684210526316,True,22
previous_abort,99,8,70,0,216,6,0,0,0,0.0,True,23
previous_abort,99,8,70,1,109,17,1,0,0,0.058823529411764705,True,23
previous_abort,99,8,71,0,578,40,6,1,0,0.15,True,24
previous_abort,99,8,71,1,311,71,10,2,0,0.14084507042253522,True,24
previous_abort,99,8,72,0,411,25,2,1,0,0.08,True,25
previous_abort,99,8,72,1,241,48,5,4,0,0.10416666666666667,True,25
previous_abort,100,8,43,0,388,33,3,1,0,0.09090909090909091,True,0
previous_abort,100,8,43,1,234,63,12,12,0,0.19047619047619047,True,0
previous_abort,100,8,44,0,387,32,4,1,0,0.125,True,1
previous_abort,100,8,44,1,245,60,14,5,0,0.23333333333333334,True,1
previous_abort,100,8,45,0,450,50,9,0,0,0.18,True,2
previous_abort,100,8,45,1,279,86,21,2,0,0.2441860465116279,True,2
previous_abort,100,8,46,0,469,29,4,2,0,0.13793103448275862,True,3
previous_abort,100,8,46,1,272,55,5,4,0,0.09090909090909091,True,3
previous_abort,100,8,47,0,501,33,3,0,0,0.09090909090909091,True,4
previous_abort,100,8,47,1,273,47,8,2,0,0.1702127659574468,True,4
previous_abort,100,8,48,0,502,38,2,2,0,0.05263157894736842,True,5
previous_abort,100,8,48,1,239,51,11,2,0,0.21568627450980393,True,5
previous_abort,100,8,49,0,467,26,3,0,0,0.11538461538461539,True,6
previous_abort,100,8,49,1,257,57,8,2,0,0.14035087719298245,True,6
previous_abort,100,8,50,0,408,24,3,3,0,0.125,True,7
previous_abort,100,8,50,1,251,52,5,5,0,0.09615384615384616,True,7
previous_abort,100,8,51,0,448,33,3,2,0,0.09090909090909091,True,8
previous_abort,100,8,51,1,268,63,15,1,0,0.23809523809523808,True,8
previous_abort,100,8,52,0,440,45,9,0,0,0.2,True,9
previous_abort,100,8,52,1,253,75,17,4,0,0.22666666666666666,True,9
previous_abort,100,8,53,0,479,42,7,1,0,0.16666666666666666,True,10
previous_abort,100,8,53,1,258,66,13,3,0,0.19696969696969696,True,10
previous_abort,100,8,54,0,468,33,6,0,0,0.18181818181818182,True,11
previous_abort,100,8,54,1,271,54,7,2,0,0.12962962962962962,True,11
previous_abort,100,8,55,0,493,40,5,3,0,0.125,True,12
previous_abort,100,8,55,1,265,36,3,0,0,0.08333333333333333,True,12
previous_abort,100,8,56,0,292,27,5,0,0,0.18518518518518517,True,13
previous_abort,100,8,56,1,162,24,3,3,0,0.125,True,13
previous_abort,100,8,58,0,428,35,6,1,0,0.17142857142857143,True,15
previous_abort,100,8,58,1,255,51,9,3,0,0.17647058823529413,True,15
previous_abort,100,8,59,0,441,34,3,0,0,0.08823529411764706,True,16
previous_abort,100,8,59,1,248,50,5,1,0,0.1,True,16
previous_abort,100,8,60,0,428,40,4,0,0,0.1,True,17
previous_abort,100,8,60,1,263,54,5,1,0,0.09259259259259259,True,17
previous_abort,100,8,61,0,511,32,6,0,0,0.1875,True,18
previous_abort,100,8,61,1,265,52,11,4,0,0.21153846153846154,True,18
previous_abort,100,8,62,0,459,28,4,0,0,0.14285714285714285,True,19
previous_abort,100,8,62,1,283,57,10,1,0,0.17543859649122806,True,19
previous_abort,100,8,63,0,464,22,3,1,0,0.13636363636363635,True,20
previous_abort,100,8,63,1,274,43,4,0,0,0.09302325581395349,True,20
previous_abort,100,8,64,0,496,36,5,1,0,0.1388888888888889,True,21
previous_abort,100,8,64,1,250,49,10,0,0,0.20408163265306123,True,21
previous_abort,100,8,65,0,462,34,3,2,0,0.08823529411764706,True,22
previous_abort,100,8,65,1,252,54,14,1,0,0.25925925925925924,True,22
previous_abort,100,8,66,0,436,32,3,0,0,0.09375,True,23
previous_abort,100,8,66,1,279,53,9,1,0,0.16981132075471697,True,23
previous_abort,100,8,67,0,459,34,4,7,0,0.11764705882352941,True,24
previous_abort,100,8,67,1,255,54,8,4,0,0.14814814814814814,True,24
previous_abort,100,8,68,0,405,41,8,3,0,0.1951219512195122,True,25
previous_abort,100,8,68,1,231,43,6,0,0,0.13953488372093023,True,25
previous_abort,100,8,69,0,339,24,5,1,0,0.20833333333333334,True,26
previous_abort,100,8,69,1,281,74,19,5,0,0.25675675675675674,True,26
previous_abort,100,8,70,0,383,26,3,2,0,0.11538461538461539,True,27
previous_abort,100,8,70,1,283,73,14,1,0,0.1917808219178082,True,27
previous_abort,100,8,71,0,435,15,1,1,0,0.06666666666666667,True,28
previous_abort,100,8,71,1,245,34,5,4,0,0.14705882352941177,True,28
previous_abort,100,8,72,0,375,14,0,0,0,0.0,True,29
previous_abort,100,8,72,1,243,52,8,5,0,0.15384615384615385,True,29
previous_abort,103,8,53,0,426,40,5,1,0,0.125,True,0
previous_abort,103,8,53,1,265,47,6,5,0,0.1276595744680851,True,0
previous_abort,103,8,54,0,469,45,8,3,0,0.17777777777777778,True,1
previous_abort,103,8,54,1,274,76,18,3,0,0.23684210526315788,True,1
previous_abort,103,8,55,0,611,54,8,0,0,0.14814814814814814,True,2
previous_abort,103,8,55,1,363,99,20,0,0,0.20202020202020202,True,2
previous_abort,103,8,56,0,372,23,1,4,0,0.043478260869565216,True,3
previous_abort,103,8,56,1,238,45,5,6,0,0.1111111111111111,True,3
previous_abort,103,8,57,0,474,39,4,2,0,0.10256410256410256,True,4
previous_abort,103,8,57,1,302,59,10,5,0,0.1694915254237288,True,4
previous_abort,103,8,58,0,520,45,3,0,0,0.06666666666666667,True,5
previous_abort,103,8,58,1,326,99,15,0,0,0.15151515151515152,True,5
previous_abort,103,8,59,0,547,37,1,1,0,0.02702702702702703,True,6
previous_abort,103,8,59,1,286,51,8,2,0,0.1568627450980392,True,6
previous_abort,103,8,60,0,553,40,5,0,0,0.125,True,7
previous_abort,103,8,60,1,290,67,12,2,0,0.1791044776119403,True,7
previous_abort,103,8,61,0,560,53,3,1,0,0.05660377358490566,True,8
previous_abort,103,8,61,1,308,71,12,1,0,0.16901408450704225,True,8
previous_abort,103,8,62,0,588,53,8,0,0,0.1509433962264151,True,9
previous_abort,103,8,62,1,291,68,12,1,0,0.17647058823529413,True,9
previous_abort,103,8,63,0,595,47,4,0,0,0.0851063829787234,True,10
previous_abort,103,8,63,1,338,88,19,0,0,0.2159090909090909,True,10
previous_abort,103,8,64,0,584,36,3,1,0,0.08333333333333333,True,11
previous_abort,103,8,64,1,316,74,14,2,0,0.1891891891891892,True,11
previous_abort,103,8,65,0,487,34,4,1,0,0.11764705882352941,True,12
previous_abort,103,8,65,1,284,63,8,1,0,0.12698412698412698,True,12
previous_abort,103,8,66,0,235,29,3,0,0,0.10344827586206896,True,13
previous_abort,103,8,66,1,145,37,3,2,0,0.08108108108108109,True,13
previous_abort,103,8,67,0,517,55,8,0,0,0.14545454545454545,True,14
previous_abort,103,8,67,1,301,82,11,2,0,0.13414634146341464,True,14
previous_abort,103,8,68,0,453,51,5,0,0,0.09803921568627451,True,15
previous_abort,103,8,68,1,327,92,17,1,0,0.18478260869565216,True,15
previous_abort,103,8,69,0,593,42,5,1,0,0.11904761904761904,True,16
previous_abort,103,8,69,1,316,68,11,3,0,0.16176470588235295,True,16
previous_abort,103,8,70,0,283,41,9,0,0,0.21951219512195122,True,17
previous_abort,103,8,70,1,190,84,26,2,0,0.30952380952380953,True,17
previous_abort,103,8,71,0,575,32,3,1,0,0.09375,True,18
previous_abort,103,8,71,1,308,67,21,0,0,0.31343283582089554,True,18
previous_abort,103,8,72,0,498,31,2,4,0,0.06451612903225806,True,19
previous_abort,103,8,72,1,260,47,6,4,0,0.1276595744680851,True,19
previous_abort,103,8,73,0,449,31,1,4,0,0.03225806451612903,True,20
previous_abort,103,8,73,1,267,55,7,4,0,0.12727272727272726,True,20
previous_abort,103,8,74,0,476,32,4,0,0,0.125,True,21
previous_abort,103,8,74,1,288,53,4,2,0,0.07547169811320754,True,21
previous_abort,103,8,75,0,502,31,3,0,0,0.0967741935483871,True,22
previous_abort,103,8,75,1,288,70,14,0,0,0.2,True,22
previous_abort,103,8,76,0,470,23,2,2,0,0.08695652173913043,True,23
previous_abort,103,8,76,1,276,52,3,4,0,0.057692307692307696,True,23
previous_abort,103,8,77,0,469,24,3,1,0,0.125,True,24
previous_abort,103,8,77,1,276,77,14,2,0,0.18181818181818182,True,24
previous_abort,103,8,78,0,359,38,10,1,0,0.2631578947368421,True,25
previous_abort,103,8,78,1,200,40,3,6,0,0.075,True,25
previous_abort,103,8,79,0,357,20,1,2,0,0.05,True,26
previous_abort,103,8,79,1,271,58,8,3,0,0.13793103448275862,True,26
previous_abort,103,8,80,0,484,57,8,0,0,0.14035087719298245,True,27
previous_abort,103,8,80,1,304,120,36,2,0,0.3,True,27
previous_abort,103,8,81,0,628,143,18,7,0,0.1258741258741259,True,28
previous_same_LED_abort,92,8,75,0,464,53,4,2,0,0.07547169811320754,True,0
previous_same_LED_abort,92,8,75,1,228,36,5,0,0,0.1388888888888889,True,0
previous_same_LED_abort,92,8,76,0,288,17,1,1,0,0.058823529411764705,True,1
previous_same_LED_abort,92,8,76,1,279,31,4,6,0,0.12903225806451613,True,1
previous_same_LED_abort,92,8,77,0,500,61,10,0,0,0.16393442622950818,True,2
previous_same_LED_abort,92,8,77,1,240,51,8,1,0,0.1568627450980392,True,2
previous_same_LED_abort,92,8,81,0,450,46,12,0,0,0.2608695652173913,True,6
previous_same_LED_abort,92,8,81,1,247,41,7,0,0,0.17073170731707318,True,6
previous_same_LED_abort,92,8,82,0,383,31,3,1,0,0.0967741935483871,True,7
previous_same_LED_abort,92,8,82,1,256,28,3,2,0,0.10714285714285714,True,7
previous_same_LED_abort,92,8,83,0,117,11,0,0,0,0.0,True,8
previous_same_LED_abort,92,8,83,1,70,9,0,1,0,0.0,True,8
previous_same_LED_abort,92,8,84,0,454,46,5,0,0,0.10869565217391304,True,9
previous_same_LED_abort,92,8,84,1,273,46,10,0,0,0.21739130434782608,True,9
previous_same_LED_abort,92,8,85,0,447,43,5,0,0,0.11627906976744186,True,10
previous_same_LED_abort,92,8,85,1,256,45,12,2,0,0.26666666666666666,True,10
previous_same_LED_abort,92,8,88,0,216,11,0,1,0,0.0,True,13
previous_same_LED_abort,92,8,88,1,127,6,1,0,0,0.16666666666666666,True,13
previous_same_LED_abort,92,8,89,0,292,29,0,1,0,0.0,True,14
previous_same_LED_abort,92,8,89,1,192,23,2,2,0,0.08695652173913043,True,14
previous_same_LED_abort,92,8,90,0,377,48,5,2,0,0.10416666666666667,True,15
previous_same_LED_abort,92,8,90,1,265,47,10,2,0,0.2127659574468085,True,15
previous_same_LED_abort,92,8,91,0,489,50,5,2,0,0.1,True,16
previous_same_LED_abort,92,8,91,1,288,42,6,0,0,0.14285714285714285,True,16
previous_same_LED_abort,92,8,92,0,400,37,5,1,0,0.13513513513513514,True,17
previous_same_LED_abort,92,8,92,1,223,42,13,1,0,0.30952380952380953,True,17
previous_same_LED_abort,92,8,93,0,463,32,3,0,0,0.09375,True,18
previous_same_LED_abort,92,8,93,1,264,33,3,2,0,0.09090909090909091,True,18
previous_same_LED_abort,92,8,94,0,418,25,3,0,0,0.12,True,19
previous_same_LED_abort,92,8,94,1,255,29,4,1,0,0.13793103448275862,True,19
previous_same_LED_abort,92,8,95,1,15,3,2,1,0,0.6666666666666666,True,20
previous_same_LED_abort,92,8,96,0,464,38,0,0,0,0.0,True,21
previous_same_LED_abort,92,8,96,1,237,26,3,2,0,0.11538461538461539,True,21
previous_same_LED_abort,92,8,97,0,339,34,3,0,0,0.08823529411764706,True,22
previous_same_LED_abort,92,8,97,1,200,18,2,1,0,0.1111111111111111,True,22
previous_same_LED_abort,92,8,98,0,477,37,4,3,0,0.10810810810810811,True,23
previous_same_LED_abort,92,8,98,1,277,28,2,2,0,0.07142857142857142,True,23
previous_same_LED_abort,92,8,99,0,497,40,4,1,0,0.1,True,24
previous_same_LED_abort,92,8,99,1,241,33,5,2,0,0.15151515151515152,True,24
previous_same_LED_abort,92,8,100,0,452,37,5,1,0,0.13513513513513514,True,25
previous_same_LED_abort,92,8,100,1,242,37,11,1,0,0.2972972972972973,True,25
previous_same_LED_abort,92,8,101,0,326,20,1,0,0,0.05,True,26
previous_same_LED_abort,92,8,101,1,247,22,3,1,0,0.13636363636363635,True,26
previous_same_LED_abort,92,8,102,0,161,27,2,0,0,0.07407407407407407,True,27
previous_same_LED_abort,92,8,102,1,92,15,0,1,0,0.0,True,27
previous_same_LED_abort,92,8,103,0,447,36,11,1,0,0.3055555555555556,True,28
previous_same_LED_abort,92,8,103,1,262,37,2,4,0,0.05405405405405406,True,28
previous_same_LED_abort,92,8,104,0,391,31,3,4,0,0.0967741935483871,True,29
previous_same_LED_abort,92,8,104,1,267,36,4,2,0,0.1111111111111111,True,29
previous_same_LED_abort,93,8,55,0,368,37,6,3,0,0.16216216216216217,True,0
previous_same_LED_abort,93,8,55,1,199,36,6,2,0,0.16666666666666666,True,0
previous_same_LED_abort,93,8,56,0,385,26,3,2,0,0.11538461538461539,True,1
previous_same_LED_abort,93,8,56,1,228,32,6,2,0,0.1875,True,1
previous_same_LED_abort,93,8,57,0,315,28,2,0,0,0.07142857142857142,True,2
previous_same_LED_abort,93,8,57,1,199,37,5,1,1,0.13513513513513514,True,2
previous_same_LED_abort,93,8,58,0,291,30,7,2,0,0.23333333333333334,True,3
previous_same_LED_abort,93,8,58,1,154,26,6,1,0,0.23076923076923078,True,3
previous_same_LED_abort,93,8,59,0,455,28,3,2,0,0.10714285714285714,True,4
previous_same_LED_abort,93,8,59,1,261,35,7,1,0,0.2,True,4
previous_same_LED_abort,93,8,60,0,511,53,11,0,0,0.20754716981132076,True,5
previous_same_LED_abort,93,8,60,1,282,60,17,2,0,0.2833333333333333,True,5
previous_same_LED_abort,93,8,61,0,348,10,0,4,0,0.0,True,6
previous_same_LED_abort,93,8,61,1,222,25,4,5,0,0.16,True,6
previous_same_LED_abort,93,8,62,0,337,25,2,3,0,0.08,True,7
previous_same_LED_abort,93,8,62,1,222,22,0,5,0,0.0,True,7
previous_same_LED_abort,93,8,63,0,484,33,9,1,0,0.2727272727272727,True,8
previous_same_LED_abort,93,8,63,1,245,43,12,1,0,0.27906976744186046,True,8
previous_same_LED_abort,93,8,64,0,427,35,7,0,0,0.2,True,9
previous_same_LED_abort,93,8,64,1,265,57,17,1,0,0.2982456140350877,True,9
previous_same_LED_abort,93,8,65,0,441,47,12,1,0,0.2553191489361702,True,10
previous_same_LED_abort,93,8,65,1,221,34,2,2,0,0.058823529411764705,True,10
previous_same_LED_abort,93,8,66,0,308,30,4,2,0,0.13333333333333333,True,11
previous_same_LED_abort,93,8,66,1,203,55,25,4,1,0.45454545454545453,True,11
previous_same_LED_abort,93,8,67,0,338,40,8,0,0,0.2,True,12
previous_same_LED_abort,93,8,67,1,204,60,20,2,0,0.3333333333333333,True,12
previous_same_LED_abort,93,8,68,0,424,33,6,1,0,0.18181818181818182,True,13
previous_same_LED_abort,93,8,68,1,297,52,13,1,0,0.25,True,13
previous_same_LED_abort,93,8,69,0,419,39,7,1,0,0.1794871794871795,True,14
previous_same_LED_abort,93,8,69,1,280,67,18,1,0,0.26865671641791045,True,14
previous_same_LED_abort,93,8,70,0,507,41,6,0,0,0.14634146341463414,True,15
previous_same_LED_abort,93,8,70,1,283,59,18,1,0,0.3050847457627119,True,15
previous_same_LED_abort,93,8,71,0,512,41,8,0,0,0.1951219512195122,True,16
previous_same_LED_abort,93,8,71,1,277,63,13,2,0,0.20634920634920634,True,16
previous_same_LED_abort,93,8,72,0,402,45,5,0,0,0.1111111111111111,True,17
previous_same_LED_abort,93,8,72,1,279,77,23,6,0,0.2987012987012987,True,17
previous_same_LED_abort,93,8,73,0,432,41,4,1,0,0.0975609756097561,True,18
previous_same_LED_abort,93,8,73,1,232,48,12,2,0,0.25,True,18
previous_same_LED_abort,93,8,74,0,375,41,5,1,0,0.12195121951219512,True,19
previous_same_LED_abort,93,8,74,1,247,62,14,4,0,0.22580645161290322,True,19
previous_same_LED_abort,93,8,75,0,436,28,4,0,0,0.14285714285714285,True,20
previous_same_LED_abort,93,8,75,1,274,57,6,3,0,0.10526315789473684,True,20
previous_same_LED_abort,93,8,76,0,459,54,7,0,0,0.12962962962962962,True,21
previous_same_LED_abort,93,8,76,1,282,83,27,4,0,0.3253012048192771,True,21
previous_same_LED_abort,93,8,77,0,409,24,7,1,0,0.2916666666666667,True,22
previous_same_LED_abort,93,8,77,1,308,54,12,4,0,0.2222222222222222,True,22
previous_same_LED_abort,93,8,78,0,431,33,5,4,0,0.15151515151515152,True,23
previous_same_LED_abort,93,8,78,1,271,58,10,1,0,0.1724137931034483,True,23
previous_same_LED_abort,93,8,79,0,406,67,17,0,0,0.2537313432835821,True,24
previous_same_LED_abort,93,8,79,1,279,87,20,2,0,0.22988505747126436,True,24
previous_same_LED_abort,93,8,80,0,485,71,20,0,0,0.28169014084507044,True,25
previous_same_LED_abort,93,8,80,1,250,68,23,1,0,0.3382352941176471,True,25
previous_same_LED_abort,93,8,81,0,406,40,4,2,0,0.1,True,26
previous_same_LED_abort,93,8,81,1,276,72,13,4,0,0.18055555555555555,True,26
previous_same_LED_abort,93,8,82,0,371,26,2,2,0,0.07692307692307693,True,27
previous_same_LED_abort,93,8,82,1,237,37,6,3,0,0.16216216216216217,True,27
previous_same_LED_abort,98,8,48,0,364,33,7,1,0,0.21212121212121213,True,0
previous_same_LED_abort,98,8,48,1,261,50,8,2,0,0.16,True,0
previous_same_LED_abort,98,8,49,0,288,17,0,1,0,0.0,True,1
previous_same_LED_abort,98,8,49,1,243,40,13,5,0,0.325,True,1
previous_same_LED_abort,98,8,50,0,336,12,0,0,0,0.0,True,2
previous_same_LED_abort,98,8,50,1,219,52,13,0,0,0.25,True,2
previous_same_LED_abort,98,8,51,0,431,32,9,2,0,0.28125,True,3
previous_same_LED_abort,98,8,51,1,314,73,21,2,0,0.2876712328767123,True,3
previous_same_LED_abort,98,8,52,0,424,26,1,2,0,0.038461538461538464,True,4
previous_same_LED_abort,98,8,52,1,295,68,19,3,0,0.27941176470588236,True,4
previous_same_LED_abort,98,8,53,0,475,53,12,0,0,0.22641509433962265,True,5
previous_same_LED_abort,98,8,53,1,292,80,20,0,0,0.25,True,5
previous_same_LED_abort,98,8,54,0,394,66,12,0,0,0.18181818181818182,True,6
previous_same_LED_abort,98,8,54,1,291,105,31,8,0,0.29523809523809524,True,6
previous_same_LED_abort,98,8,55,0,444,60,8,1,0,0.13333333333333333,True,7
previous_same_LED_abort,98,8,55,1,336,111,29,2,0,0.26126126126126126,True,7
previous_same_LED_abort,98,8,56,0,372,45,8,3,0,0.17777777777777778,True,8
previous_same_LED_abort,98,8,56,1,322,113,35,1,0,0.30973451327433627,True,8
previous_same_LED_abort,98,8,57,0,441,61,8,1,0,0.13114754098360656,True,9
previous_same_LED_abort,98,8,57,1,342,129,43,0,0,0.3333333333333333,True,9
previous_same_LED_abort,98,8,58,0,346,42,8,0,0,0.19047619047619047,True,10
previous_same_LED_abort,98,8,58,1,225,82,26,1,0,0.3170731707317073,True,10
previous_same_LED_abort,98,8,59,0,344,43,6,0,0,0.13953488372093023,True,11
previous_same_LED_abort,98,8,59,1,231,55,12,1,0,0.21818181818181817,True,11
previous_same_LED_abort,98,8,60,0,424,55,6,0,0,0.10909090909090909,True,12
previous_same_LED_abort,98,8,60,1,313,95,21,2,0,0.22105263157894736,True,12
previous_same_LED_abort,98,8,61,0,444,72,16,0,0,0.2222222222222222,True,13
previous_same_LED_abort,98,8,61,1,338,127,36,0,0,0.28346456692913385,True,13
previous_same_LED_abort,98,8,62,0,436,75,21,0,0,0.28,True,14
previous_same_LED_abort,98,8,62,1,296,84,28,0,0,0.3333333333333333,True,14
previous_same_LED_abort,98,8,63,0,419,69,15,0,0,0.21739130434782608,True,15
previous_same_LED_abort,98,8,63,1,316,103,29,1,0,0.2815533980582524,True,15
previous_same_LED_abort,98,8,64,0,416,49,12,0,0,0.24489795918367346,True,16
previous_same_LED_abort,98,8,64,1,314,77,22,1,0,0.2857142857142857,True,16
previous_same_LED_abort,98,8,65,0,393,48,11,0,0,0.22916666666666666,True,17
previous_same_LED_abort,98,8,65,1,243,51,6,1,0,0.11764705882352941,True,17
previous_same_LED_abort,98,8,66,0,92,8,2,3,0,0.25,True,18
previous_same_LED_abort,98,8,66,1,179,12,0,5,0,0.0,True,18
previous_same_LED_abort,98,8,67,0,462,66,18,0,0,0.2727272727272727,True,19
previous_same_LED_abort,98,8,67,1,303,76,14,2,0,0.18421052631578946,True,19
previous_same_LED_abort,98,8,68,1,4,0,0,0,0,,False,20
previous_same_LED_abort,98,8,69,0,446,81,21,1,0,0.25925925925925924,True,21
previous_same_LED_abort,98,8,69,1,324,100,27,0,0,0.27,True,21
previous_same_LED_abort,98,8,70,0,470,57,7,0,0,0.12280701754385964,True,22
previous_same_LED_abort,98,8,70,1,310,87,22,1,0,0.25287356321839083,True,22
previous_same_LED_abort,98,8,71,0,405,56,8,0,0,0.14285714285714285,True,23
previous_same_LED_abort,98,8,71,1,341,106,29,2,0,0.27358490566037735,True,23
previous_same_LED_abort,98,8,72,0,421,84,21,0,0,0.25,True,24
previous_same_LED_abort,98,8,72,1,305,107,35,1,0,0.32710280373831774,True,24
previous_same_LED_abort,98,8,73,0,506,99,24,1,0,0.24242424242424243,True,25
previous_same_LED_abort,98,8,73,1,267,68,18,0,0,0.2647058823529412,True,25
previous_same_LED_abort,98,8,74,0,490,64,14,1,0,0.21875,True,26
previous_same_LED_abort,98,8,74,1,299,76,24,0,0,0.3157894736842105,True,26
previous_same_LED_abort,99,8,47,0,434,57,10,1,0,0.17543859649122806,True,0
previous_same_LED_abort,99,8,47,1,288,73,24,4,0,0.3287671232876712,True,0
previous_same_LED_abort,99,8,48,0,567,53,5,2,0,0.09433962264150944,True,1
previous_same_LED_abort,99,8,48,1,306,61,16,0,0,0.26229508196721313,True,1
previous_same_LED_abort,99,8,49,0,387,24,4,1,0,0.16666666666666666,True,2
previous_same_LED_abort,99,8,49,1,256,52,16,2,0,0.3076923076923077,True,2
previous_same_LED_abort,99,8,50,0,528,65,19,0,0,0.2923076923076923,True,3
previous_same_LED_abort,99,8,50,1,323,77,22,1,0,0.2857142857142857,True,3
previous_same_LED_abort,99,8,51,0,545,33,6,1,0,0.18181818181818182,True,4
previous_same_LED_abort,99,8,51,1,341,68,16,1,0,0.23529411764705882,True,4
previous_same_LED_abort,99,8,52,0,543,47,8,0,0,0.1702127659574468,True,5
previous_same_LED_abort,99,8,52,1,355,102,34,0,0,0.3333333333333333,True,5
previous_same_LED_abort,99,8,53,0,568,31,7,0,0,0.22580645161290322,True,6
previous_same_LED_abort,99,8,53,1,360,60,17,0,0,0.2833333333333333,True,6
previous_same_LED_abort,99,8,54,0,547,41,3,0,0,0.07317073170731707,True,7
previous_same_LED_abort,99,8,54,1,345,86,30,2,0,0.3488372093023256,True,7
previous_same_LED_abort,99,8,55,0,532,49,8,1,0,0.16326530612244897,True,8
previous_same_LED_abort,99,8,55,1,331,76,25,2,0,0.32894736842105265,True,8
previous_same_LED_abort,99,8,56,0,571,45,4,0,0,0.08888888888888889,True,9
previous_same_LED_abort,99,8,56,1,353,71,19,2,0,0.2676056338028169,True,9
previous_same_LED_abort,99,8,57,0,232,14,2,0,0,0.14285714285714285,True,10
previous_same_LED_abort,99,8,57,1,168,17,2,1,0,0.11764705882352941,True,10
previous_same_LED_abort,99,8,58,0,496,34,4,2,0,0.11764705882352941,True,11
previous_same_LED_abort,99,8,58,1,252,30,3,0,0,0.1,True,11
previous_same_LED_abort,99,8,59,0,540,44,4,1,0,0.09090909090909091,True,12
previous_same_LED_abort,99,8,59,1,301,56,5,1,0,0.08928571428571429,True,12
previous_same_LED_abort,99,8,60,0,549,66,7,2,0,0.10606060606060606,True,13
previous_same_LED_abort,99,8,60,1,304,89,21,1,0,0.23595505617977527,True,13
previous_same_LED_abort,99,8,61,0,568,54,5,1,0,0.09259259259259259,True,14
previous_same_LED_abort,99,8,61,1,350,91,26,1,0,0.2857142857142857,True,14
previous_same_LED_abort,99,8,62,0,566,68,15,0,0,0.22058823529411764,True,15
previous_same_LED_abort,99,8,62,1,306,82,24,1,0,0.2926829268292683,True,15
previous_same_LED_abort,99,8,63,0,561,43,6,1,0,0.13953488372093023,True,16
previous_same_LED_abort,99,8,63,1,293,49,12,2,0,0.24489795918367346,True,16
previous_same_LED_abort,99,8,64,0,436,18,3,2,0,0.16666666666666666,True,17
previous_same_LED_abort,99,8,64,1,248,24,1,3,0,0.041666666666666664,True,17
previous_same_LED_abort,99,8,65,0,351,27,2,0,0,0.07407407407407407,True,18
previous_same_LED_abort,99,8,65,1,251,52,17,3,0,0.3269230769230769,True,18
previous_same_LED_abort,99,8,66,0,496,35,4,2,0,0.11428571428571428,True,19
previous_same_LED_abort,99,8,66,1,284,46,8,3,0,0.17391304347826086,True,19
previous_same_LED_abort,99,8,67,0,535,51,8,0,0,0.1568627450980392,True,20
previous_same_LED_abort,99,8,67,1,362,87,20,1,0,0.22988505747126436,True,20
previous_same_LED_abort,99,8,68,0,470,36,5,1,0,0.1388888888888889,True,21
previous_same_LED_abort,99,8,68,1,317,46,8,3,0,0.17391304347826086,True,21
previous_same_LED_abort,99,8,69,0,541,27,0,4,0,0.0,True,22
previous_same_LED_abort,99,8,69,1,319,54,10,2,0,0.18518518518518517,True,22
previous_same_LED_abort,99,8,70,0,216,6,0,0,0,0.0,True,23
previous_same_LED_abort,99,8,70,1,109,10,0,0,0,0.0,True,23
previous_same_LED_abort,99,8,71,0,578,40,6,1,0,0.15,True,24
previous_same_LED_abort,99,8,71,1,311,48,8,1,0,0.16666666666666666,True,24
previous_same_LED_abort,99,8,72,0,411,25,2,1,0,0.08,True,25
previous_same_LED_abort,99,8,72,1,241,38,5,4,0,0.13157894736842105,True,25
previous_same_LED_abort,100,8,43,0,388,33,3,1,0,0.09090909090909091,True,0
previous_same_LED_abort,100,8,43,1,234,46,9,8,0,0.1956521739130435,True,0
previous_same_LED_abort,100,8,44,0,387,32,4,1,0,0.125,True,1
previous_same_LED_abort,100,8,44,1,245,42,11,4,0,0.2619047619047619,True,1
previous_same_LED_abort,100,8,45,0,450,50,9,0,0,0.18,True,2
previous_same_LED_abort,100,8,45,1,279,64,18,0,0,0.28125,True,2
previous_same_LED_abort,100,8,46,0,469,29,4,2,0,0.13793103448275862,True,3
previous_same_LED_abort,100,8,46,1,272,41,4,3,0,0.0975609756097561,True,3
previous_same_LED_abort,100,8,47,0,501,33,3,0,0,0.09090909090909091,True,4
previous_same_LED_abort,100,8,47,1,273,33,6,1,0,0.18181818181818182,True,4
previous_same_LED_abort,100,8,48,0,502,38,2,2,0,0.05263157894736842,True,5
previous_same_LED_abort,100,8,48,1,239,33,7,2,0,0.21212121212121213,True,5
previous_same_LED_abort,100,8,49,0,467,26,3,0,0,0.11538461538461539,True,6
previous_same_LED_abort,100,8,49,1,257,42,5,1,0,0.11904761904761904,True,6
previous_same_LED_abort,100,8,50,0,408,24,3,3,0,0.125,True,7
previous_same_LED_abort,100,8,50,1,251,36,3,5,0,0.08333333333333333,True,7
previous_same_LED_abort,100,8,51,0,448,33,3,2,0,0.09090909090909091,True,8
previous_same_LED_abort,100,8,51,1,268,47,11,1,0,0.23404255319148937,True,8
previous_same_LED_abort,100,8,52,0,440,45,9,0,0,0.2,True,9
previous_same_LED_abort,100,8,52,1,253,57,14,1,0,0.24561403508771928,True,9
previous_same_LED_abort,100,8,53,0,479,42,7,1,0,0.16666666666666666,True,10
previous_same_LED_abort,100,8,53,1,258,44,12,2,0,0.2727272727272727,True,10
previous_same_LED_abort,100,8,54,0,468,33,6,0,0,0.18181818181818182,True,11
previous_same_LED_abort,100,8,54,1,271,37,4,1,0,0.10810810810810811,True,11
previous_same_LED_abort,100,8,55,0,493,40,5,3,0,0.125,True,12
previous_same_LED_abort,100,8,55,1,265,30,3,0,0,0.1,True,12
previous_same_LED_abort,100,8,56,0,292,27,5,0,0,0.18518518518518517,True,13
previous_same_LED_abort,100,8,56,1,162,12,2,1,0,0.16666666666666666,True,13
previous_same_LED_abort,100,8,58,0,428,35,6,1,0,0.17142857142857143,True,15
previous_same_LED_abort,100,8,58,1,255,43,9,3,0,0.20930232558139536,True,15
previous_same_LED_abort,100,8,59,0,441,34,3,0,0,0.08823529411764706,True,16
previous_same_LED_abort,100,8,59,1,248,32,2,1,0,0.0625,True,16
previous_same_LED_abort,100,8,60,0,428,40,4,0,0,0.1,True,17
previous_same_LED_abort,100,8,60,1,263,38,3,0,0,0.07894736842105263,True,17
previous_same_LED_abort,100,8,61,0,511,32,6,0,0,0.1875,True,18
previous_same_LED_abort,100,8,61,1,265,38,10,3,0,0.2631578947368421,True,18
previous_same_LED_abort,100,8,62,0,459,28,4,0,0,0.14285714285714285,True,19
previous_same_LED_abort,100,8,62,1,283,47,7,1,0,0.14893617021276595,True,19
previous_same_LED_abort,100,8,63,0,464,22,3,1,0,0.13636363636363635,True,20
previous_same_LED_abort,100,8,63,1,274,33,3,0,0,0.09090909090909091,True,20
previous_same_LED_abort,100,8,64,0,496,36,5,1,0,0.1388888888888889,True,21
previous_same_LED_abort,100,8,64,1,250,37,9,0,0,0.24324324324324326,True,21
previous_same_LED_abort,100,8,65,0,462,34,3,2,0,0.08823529411764706,True,22
previous_same_LED_abort,100,8,65,1,252,44,10,1,0,0.22727272727272727,True,22
previous_same_LED_abort,100,8,66,0,436,32,3,0,0,0.09375,True,23
previous_same_LED_abort,100,8,66,1,279,44,7,1,0,0.1590909090909091,True,23
previous_same_LED_abort,100,8,67,0,459,34,4,7,0,0.11764705882352941,True,24
previous_same_LED_abort,100,8,67,1,255,38,6,2,0,0.15789473684210525,True,24
previous_same_LED_abort,100,8,68,0,405,41,8,3,0,0.1951219512195122,True,25
previous_same_LED_abort,100,8,68,1,231,33,5,0,0,0.15151515151515152,True,25
previous_same_LED_abort,100,8,69,0,339,24,5,1,0,0.20833333333333334,True,26
previous_same_LED_abort,100,8,69,1,281,65,18,5,0,0.27692307692307694,True,26
previous_same_LED_abort,100,8,70,0,383,26,3,2,0,0.11538461538461539,True,27
previous_same_LED_abort,100,8,70,1,283,60,12,1,0,0.2,True,27
previous_same_LED_abort,100,8,71,0,435,15,1,1,0,0.06666666666666667,True,28
previous_same_LED_abort,100,8,71,1,245,27,5,4,0,0.18518518518518517,True,28
previous_same_LED_abort,100,8,72,0,375,14,0,0,0,0.0,True,29
previous_same_LED_abort,100,8,72,1,243,41,5,5,0,0.12195121951219512,True,29
previous_same_LED_abort,103,8,53,0,426,40,5,1,0,0.125,True,0
previous_same_LED_abort,103,8,53,1,265,34,5,5,0,0.14705882352941177,True,0
previous_same_LED_abort,103,8,54,0,469,45,8,3,0,0.17777777777777778,True,1
previous_same_LED_abort,103,8,54,1,274,56,14,1,0,0.25,True,1
previous_same_LED_abort,103,8,55,0,611,54,8,0,0,0.14814814814814814,True,2
previous_same_LED_abort,103,8,55,1,363,75,16,0,0,0.21333333333333335,True,2
previous_same_LED_abort,103,8,56,0,372,23,1,4,0,0.043478260869565216,True,3
previous_same_LED_abort,103,8,56,1,238,31,4,3,0,0.12903225806451613,True,3
previous_same_LED_abort,103,8,57,0,474,39,4,2,0,0.10256410256410256,True,4
previous_same_LED_abort,103,8,57,1,302,48,9,5,0,0.1875,True,4
previous_same_LED_abort,103,8,58,0,520,45,3,0,0,0.06666666666666667,True,5
previous_same_LED_abort,103,8,58,1,326,75,10,0,0,0.13333333333333333,True,5
previous_same_LED_abort,103,8,59,0,547,37,1,1,0,0.02702702702702703,True,6
previous_same_LED_abort,103,8,59,1,286,43,7,2,0,0.16279069767441862,True,6
previous_same_LED_abort,103,8,60,0,553,40,5,0,0,0.125,True,7
previous_same_LED_abort,103,8,60,1,290,54,11,2,0,0.2037037037037037,True,7
previous_same_LED_abort,103,8,61,0,560,53,3,1,0,0.05660377358490566,True,8
previous_same_LED_abort,103,8,61,1,308,54,11,1,0,0.2037037037037037,True,8
previous_same_LED_abort,103,8,62,0,588,53,8,0,0,0.1509433962264151,True,9
previous_same_LED_abort,103,8,62,1,291,52,9,1,0,0.17307692307692307,True,9
previous_same_LED_abort,103,8,63,0,595,47,4,0,0,0.0851063829787234,True,10
previous_same_LED_abort,103,8,63,1,338,65,15,0,0,0.23076923076923078,True,10
previous_same_LED_abort,103,8,64,0,584,36,3,1,0,0.08333333333333333,True,11
previous_same_LED_abort,103,8,64,1,316,57,9,2,0,0.15789473684210525,True,11
previous_same_LED_abort,103,8,65,0,487,34,4,1,0,0.11764705882352941,True,12
previous_same_LED_abort,103,8,65,1,284,47,5,1,0,0.10638297872340426,True,12
previous_same_LED_abort,103,8,66,0,235,29,3,0,0,0.10344827586206896,True,13
previous_same_LED_abort,103,8,66,1,145,29,1,2,0,0.034482758620689655,True,13
previous_same_LED_abort,103,8,67,0,517,55,8,0,0,0.14545454545454545,True,14
previous_same_LED_abort,103,8,67,1,301,58,10,2,0,0.1724137931034483,True,14
previous_same_LED_abort,103,8,68,0,453,51,5,0,0,0.09803921568627451,True,15
previous_same_LED_abort,103,8,68,1,327,74,14,1,0,0.1891891891891892,True,15
previous_same_LED_abort,103,8,69,0,593,42,5,1,0,0.11904761904761904,True,16
previous_same_LED_abort,103,8,69,1,316,52,9,2,0,0.17307692307692307,True,16
previous_same_LED_abort,103,8,70,0,283,41,9,0,0,0.21951219512195122,True,17
previous_same_LED_abort,103,8,70,1,190,63,17,2,0,0.2698412698412698,True,17
previous_same_LED_abort,103,8,71,0,575,32,3,1,0,0.09375,True,18
previous_same_LED_abort,103,8,71,1,308,53,16,0,0,0.3018867924528302,True,18
previous_same_LED_abort,103,8,72,0,498,31,2,4,0,0.06451612903225806,True,19
previous_same_LED_abort,103,8,72,1,260,32,4,2,0,0.125,True,19
previous_same_LED_abort,103,8,73,0,449,31,1,4,0,0.03225806451612903,True,20
previous_same_LED_abort,103,8,73,1,267,39,6,2,0,0.15384615384615385,True,20
previous_same_LED_abort,103,8,74,0,476,32,4,0,0,0.125,True,21
previous_same_LED_abort,103,8,74,1,288,38,4,2,0,0.10526315789473684,True,21
previous_same_LED_abort,103,8,75,0,502,31,3,0,0,0.0967741935483871,True,22
previous_same_LED_abort,103,8,75,1,288,52,10,0,0,0.19230769230769232,True,22
previous_same_LED_abort,103,8,76,0,470,23,2,2,0,0.08695652173913043,True,23
previous_same_LED_abort,103,8,76,1,276,40,3,3,0,0.075,True,23
previous_same_LED_abort,103,8,77,0,469,24,3,1,0,0.125,True,24
previous_same_LED_abort,103,8,77,1,276,55,9,1,0,0.16363636363636364,True,24
previous_same_LED_abort,103,8,78,0,359,38,10,1,0,0.2631578947368421,True,25
previous_same_LED_abort,103,8,78,1,200,21,1,3,0,0.047619047619047616,True,25
previous_same_LED_abort,103,8,79,0,357,20,1,2,0,0.05,True,26
previous_same_LED_abort,103,8,79,1,271,48,6,3,0,0.125,True,26
previous_same_LED_abort,103,8,80,0,484,57,8,0,0,0.14035087719298245,True,27
previous_same_LED_abort,103,8,80,1,304,101,34,2,0,0.33663366336633666,True,27
previous_same_LED_abort,103,8,81,0,628,143,18,7,0,0.1258741258741259,True,28
isolated,92,8,75,0,464,464,56,7,0,0.1206896551724138,True,0
isolated,92,8,75,1,228,228,24,23,0,0.10526315789473684,True,0
isolated,92,8,76,0,288,288,15,17,0,0.052083333333333336,True,1
isolated,92,8,76,1,279,279,11,39,0,0.03942652329749104,True,1
isolated,92,8,77,0,500,500,63,4,0,0.126,True,2
isolated,92,8,77,1,240,240,25,11,0,0.10416666666666667,True,2
isolated,92,8,81,0,450,450,42,6,0,0.09333333333333334,True,6
isolated,92,8,81,1,247,247,22,13,0,0.08906882591093117,True,6
isolated,92,8,82,0,383,383,35,2,0,0.09138381201044386,True,7
isolated,92,8,82,1,256,256,21,45,0,0.08203125,True,7
isolated,92,8,83,0,117,117,14,8,0,0.11965811965811966,True,8
isolated,92,8,83,1,70,70,8,13,0,0.11428571428571428,True,8
isolated,92,8,84,0,454,454,48,12,0,0.10572687224669604,True,9
isolated,92,8,84,1,273,273,22,8,0,0.08058608058608059,True,9
isolated,92,8,85,0,447,447,44,5,0,0.09843400447427293,True,10
isolated,92,8,85,1,256,256,22,24,0,0.0859375,True,10
isolated,92,8,88,0,216,216,10,22,0,0.046296296296296294,True,13
isolated,92,8,88,1,127,127,1,36,0,0.007874015748031496,True,13
isolated,92,8,89,0,292,292,37,6,0,0.1267123287671233,True,14
isolated,92,8,89,1,192,192,13,24,0,0.06770833333333333,True,14
isolated,92,8,90,0,377,377,52,7,0,0.13793103448275862,True,15
isolated,92,8,90,1,265,265,24,35,0,0.09056603773584905,True,15
isolated,92,8,91,0,489,489,54,12,0,0.11042944785276074,True,16
isolated,92,8,91,1,288,288,25,18,0,0.08680555555555555,True,16
isolated,92,8,92,0,400,400,37,5,0,0.0925,True,17
isolated,92,8,92,1,223,223,20,14,0,0.08968609865470852,True,17
isolated,92,8,93,0,463,463,34,2,0,0.0734341252699784,True,18
isolated,92,8,93,1,264,264,25,30,0,0.0946969696969697,True,18
isolated,92,8,94,0,418,418,24,3,0,0.05741626794258373,True,19
isolated,92,8,94,1,255,255,18,44,0,0.07058823529411765,True,19
isolated,92,8,95,1,15,15,0,12,0,0.0,True,20
isolated,92,8,96,0,464,464,46,5,0,0.09913793103448276,True,21
isolated,92,8,96,1,237,237,18,21,0,0.0759493670886076,True,21
isolated,92,8,97,0,339,339,40,6,0,0.11799410029498525,True,22
isolated,92,8,97,1,200,200,10,42,0,0.05,True,22
isolated,92,8,98,0,477,477,36,8,0,0.07547169811320754,True,23
isolated,92,8,98,1,277,277,20,45,0,0.07220216606498195,True,23
isolated,92,8,99,0,497,497,41,25,0,0.08249496981891348,True,24
isolated,92,8,99,1,241,241,20,19,0,0.08298755186721991,True,24
isolated,92,8,100,0,452,452,40,14,0,0.08849557522123894,True,25
isolated,92,8,100,1,242,242,19,30,0,0.07851239669421488,True,25
isolated,92,8,101,0,326,326,26,27,0,0.07975460122699386,True,26
isolated,92,8,101,1,247,247,11,42,0,0.044534412955465584,True,26
isolated,92,8,102,0,161,161,27,0,0,0.16770186335403728,True,27
isolated,92,8,102,1,92,92,12,1,0,0.13043478260869565,True,27
isolated,92,8,103,0,447,447,29,16,0,0.06487695749440715,True,28
isolated,92,8,103,1,262,262,21,26,0,0.08015267175572519,True,28
isolated,92,8,104,0,391,391,29,12,0,0.0741687979539642,True,29
isolated,92,8,104,1,267,267,22,50,0,0.08239700374531835,True,29
isolated,93,8,55,0,368,368,26,30,0,0.07065217391304347,True,0
isolated,93,8,55,1,199,199,18,15,0,0.09045226130653267,True,0
isolated,93,8,56,0,385,385,26,18,0,0.06753246753246753,True,1
isolated,93,8,56,1,228,228,12,30,0,0.05263157894736842,True,1
isolated,93,8,57,0,315,315,31,2,0,0.09841269841269841,True,2
isolated,93,8,57,1,199,199,23,14,0,0.11557788944723618,True,2
isolated,93,8,58,0,291,291,16,10,0,0.054982817869415807,True,3
isolated,93,8,58,1,154,154,11,5,0,0.07142857142857142,True,3
isolated,93,8,59,0,455,455,33,14,0,0.07252747252747253,True,4
isolated,93,8,59,1,261,261,16,16,0,0.06130268199233716,True,4
isolated,93,8,60,0,511,511,44,2,0,0.08610567514677103,True,5
isolated,93,8,60,1,282,282,27,14,0,0.09574468085106383,True,5
isolated,93,8,61,0,348,348,11,33,0,0.031609195402298854,True,6
isolated,93,8,61,1,222,222,9,39,0,0.04054054054054054,True,6
isolated,93,8,62,0,337,337,25,23,0,0.07418397626112759,True,7
isolated,93,8,62,1,222,222,11,39,0,0.04954954954954955,True,7
isolated,93,8,63,0,484,484,29,8,0,0.05991735537190083,True,8
isolated,93,8,63,1,245,245,20,16,0,0.08163265306122448,True,8
isolated,93,8,64,0,427,427,38,7,0,0.08899297423887588,True,9
isolated,93,8,64,1,265,265,20,15,0,0.07547169811320754,True,9
isolated,93,8,65,0,441,441,37,11,0,0.08390022675736962,True,10
isolated,93,8,65,1,221,221,20,27,0,0.09049773755656108,True,10
isolated,93,8,66,0,308,308,29,8,0,0.09415584415584416,True,11
isolated,93,8,66,1,203,203,12,16,0,0.059113300492610835,True,11
isolated,93,8,67,0,338,338,33,9,0,0.09763313609467456,True,12
isolated,93,8,67,1,204,204,21,9,0,0.10294117647058823,True,12
isolated,93,8,68,0,424,424,38,9,0,0.08962264150943396,True,13
isolated,93,8,68,1,297,297,25,30,0,0.08417508417508418,True,13
isolated,93,8,69,0,419,419,36,12,0,0.08591885441527446,True,14
isolated,93,8,69,1,280,280,31,17,0,0.11071428571428571,True,14
isolated,93,8,70,0,507,507,41,9,0,0.08086785009861933,True,15
isolated,93,8,70,1,283,283,20,10,0,0.0706713780918728,True,15
isolated,93,8,71,0,512,512,38,4,0,0.07421875,True,16
isolated,93,8,71,1,277,277,33,15,0,0.11913357400722022,True,16
isolated,93,8,72,0,402,402,52,4,0,0.12935323383084577,True,17
isolated,93,8,72,1,279,279,33,29,0,0.11827956989247312,True,17
isolated,93,8,73,0,432,432,35,11,0,0.08101851851851852,True,18
isolated,93,8,73,1,232,232,19,17,0,0.08189655172413793,True,18
isolated,93,8,74,0,375,375,42,4,0,0.112,True,19
isolated,93,8,74,1,247,247,31,25,0,0.12550607287449392,True,19
isolated,93,8,75,0,436,436,32,7,0,0.07339449541284404,True,20
isolated,93,8,75,1,274,274,35,24,0,0.12773722627737227,True,20
isolated,93,8,76,0,459,459,56,11,0,0.12200435729847495,True,21
isolated,93,8,76,1,282,282,32,9,0,0.11347517730496454,True,21
isolated,93,8,77,0,409,409,20,4,0,0.0488997555012225,True,22
isolated,93,8,77,1,308,308,21,36,0,0.06818181818181818,True,22
isolated,93,8,78,0,431,431,31,17,0,0.07192575406032482,True,23
isolated,93,8,78,1,271,271,29,16,0,0.1070110701107011,True,23
isolated,93,8,79,0,406,406,57,5,0,0.14039408866995073,True,24
isolated,93,8,79,1,279,279,40,16,0,0.14336917562724014,True,24
isolated,93,8,80,0,485,485,60,5,0,0.12371134020618557,True,25
isolated,93,8,80,1,250,250,27,14,0,0.108,True,25
isolated,93,8,81,0,406,406,44,21,0,0.10837438423645321,True,26
isolated,93,8,81,1,276,276,37,12,0,0.13405797101449277,True,26
isolated,93,8,82,0,371,371,29,11,0,0.07816711590296496,True,27
isolated,93,8,82,1,237,237,19,43,0,0.08016877637130802,True,27
isolated,98,8,48,0,364,364,32,11,0,0.08791208791208792,True,0
isolated,98,8,48,1,261,261,24,27,0,0.09195402298850575,True,0
isolated,98,8,49,0,288,288,15,19,0,0.052083333333333336,True,1
isolated,98,8,49,1,243,243,6,64,0,0.024691358024691357,True,1
isolated,98,8,50,0,336,336,20,4,0,0.05952380952380952,True,2
isolated,98,8,50,1,219,219,22,12,0,0.1004566210045662,True,2
isolated,98,8,51,0,431,431,24,10,0,0.05568445475638051,True,3
isolated,98,8,51,1,314,314,27,16,0,0.08598726114649681,True,3
isolated,98,8,52,0,424,424,25,9,0,0.0589622641509434,True,4
isolated,98,8,52,1,295,295,28,26,0,0.09491525423728814,True,4
isolated,98,8,53,0,475,475,53,2,0,0.11157894736842106,True,5
isolated,98,8,53,1,292,292,33,12,0,0.11301369863013698,True,5
isolated,98,8,54,0,394,394,64,0,0,0.16243654822335024,True,6
isolated,98,8,54,1,291,291,44,23,0,0.15120274914089346,True,6
isolated,98,8,55,0,444,444,55,2,0,0.12387387387387387,True,7
isolated,98,8,55,1,336,336,48,14,0,0.14285714285714285,True,7
isolated,98,8,56,0,372,372,45,9,0,0.12096774193548387,True,8
isolated,98,8,56,1,322,322,39,21,0,0.12111801242236025,True,8
isolated,98,8,57,0,441,441,60,10,0,0.1360544217687075,True,9
isolated,98,8,57,1,342,342,48,6,0,0.14035087719298245,True,9
isolated,98,8,58,0,346,346,38,6,0,0.10982658959537572,True,10
isolated,98,8,58,1,225,225,33,9,0,0.14666666666666667,True,10
isolated,98,8,59,0,344,344,47,3,0,0.13662790697674418,True,11
isolated,98,8,59,1,231,231,29,7,0,0.12554112554112554,True,11
isolated,98,8,60,0,424,424,56,10,0,0.1320754716981132,True,12
isolated,98,8,60,1,313,313,51,18,0,0.16293929712460065,True,12
isolated,98,8,61,0,444,444,65,2,0,0.1463963963963964,True,13
isolated,98,8,61,1,338,338,46,0,0,0.13609467455621302,True,13
isolated,98,8,62,0,436,436,58,0,0,0.13302752293577982,True,14
isolated,98,8,62,1,296,296,33,17,0,0.11148648648648649,True,14
isolated,98,8,63,0,419,419,61,0,0,0.14558472553699284,True,15
isolated,98,8,63,1,316,316,39,18,0,0.12341772151898735,True,15
isolated,98,8,64,0,416,416,47,4,0,0.11298076923076923,True,16
isolated,98,8,64,1,314,314,35,18,0,0.11146496815286625,True,16
isolated,98,8,65,0,393,393,43,6,0,0.10941475826972011,True,17
isolated,98,8,65,1,243,243,33,20,0,0.13580246913580246,True,17
isolated,98,8,66,0,92,92,5,13,0,0.05434782608695652,True,18
isolated,98,8,66,1,179,179,3,126,0,0.01675977653631285,True,18
isolated,98,8,67,0,462,462,61,0,0,0.13203463203463203,True,19
isolated,98,8,67,1,303,303,35,14,0,0.11551155115511551,True,19
isolated,98,8,68,1,4,4,0,3,0,0.0,True,20
isolated,98,8,69,0,446,446,63,3,0,0.1412556053811659,True,21
isolated,98,8,69,1,324,324,45,18,0,0.1388888888888889,True,21
isolated,98,8,70,0,470,470,63,2,0,0.13404255319148936,True,22
isolated,98,8,70,1,310,310,38,13,0,0.12258064516129032,True,22
isolated,98,8,71,0,405,405,73,0,0,0.18024691358024691,True,23
isolated,98,8,71,1,341,341,45,28,0,0.13196480938416422,True,23
isolated,98,8,72,0,421,421,66,2,0,0.15676959619952494,True,24
isolated,98,8,72,1,305,305,41,10,0,0.13442622950819672,True,24
isolated,98,8,73,0,506,506,69,5,0,0.13636363636363635,True,25
isolated,98,8,73,1,267,267,31,9,0,0.11610486891385768,True,25
isolated,98,8,74,0,490,490,63,2,0,0.12857142857142856,True,26
isolated,98,8,74,1,299,299,31,11,0,0.10367892976588629,True,26
isolated,99,8,47,0,434,434,47,9,0,0.10829493087557604,True,0
isolated,99,8,47,1,288,288,26,32,0,0.09027777777777778,True,0
isolated,99,8,48,0,567,567,52,14,0,0.09171075837742504,True,1
isolated,99,8,48,1,306,306,32,9,0,0.10457516339869281,True,1
isolated,99,8,49,0,387,387,20,2,0,0.05167958656330749,True,2
isolated,99,8,49,1,256,256,25,13,0,0.09765625,True,2
isolated,99,8,50,0,528,528,49,5,0,0.0928030303030303,True,3
isolated,99,8,50,1,323,323,32,13,0,0.09907120743034056,True,3
isolated,99,8,51,0,545,545,35,8,0,0.06422018348623854,True,4
isolated,99,8,51,1,341,341,28,21,0,0.08211143695014662,True,4
isolated,99,8,52,0,543,543,46,7,0,0.0847145488029466,True,5
isolated,99,8,52,1,355,355,36,7,0,0.10140845070422536,True,5
isolated,99,8,53,0,568,568,36,3,0,0.06338028169014084,True,6
isolated,99,8,53,1,360,360,25,16,0,0.06944444444444445,True,6
isolated,99,8,54,0,547,547,43,5,0,0.07861060329067641,True,7
isolated,99,8,54,1,345,345,26,15,0,0.07536231884057971,True,7
isolated,99,8,55,0,532,532,40,8,0,0.07518796992481203,True,8
isolated,99,8,55,1,331,331,30,20,0,0.09063444108761329,True,8
isolated,99,8,56,0,571,571,54,4,0,0.09457092819614711,True,9
isolated,99,8,56,1,353,353,36,17,0,0.10198300283286119,True,9
isolated,99,8,57,0,232,232,22,0,0,0.09482758620689655,True,10
isolated,99,8,57,1,168,168,8,22,0,0.047619047619047616,True,10
isolated,99,8,58,0,496,496,43,4,0,0.08669354838709678,True,11
isolated,99,8,58,1,252,252,22,9,0,0.0873015873015873,True,11
isolated,99,8,59,0,540,540,49,14,0,0.09074074074074075,True,12
isolated,99,8,59,1,301,301,40,20,0,0.132890365448505,True,12
isolated,99,8,60,0,549,549,65,13,0,0.11839708561020036,True,13
isolated,99,8,60,1,304,304,47,7,0,0.15460526315789475,True,13
isolated,99,8,61,0,568,568,65,7,0,0.11443661971830986,True,14
isolated,99,8,61,1,350,350,38,8,0,0.10857142857142857,True,14
isolated,99,8,62,0,566,566,56,3,0,0.0989399293286219,True,15
isolated,99,8,62,1,306,306,25,6,0,0.08169934640522876,True,15
isolated,99,8,63,0,561,561,34,10,0,0.06060606060606061,True,16
isolated,99,8,63,1,293,293,18,27,0,0.06143344709897611,True,16
isolated,99,8,64,0,436,436,16,13,0,0.03669724770642202,True,17
isolated,99,8,64,1,248,248,18,44,0,0.07258064516129033,True,17
isolated,99,8,65,0,351,351,38,1,0,0.10826210826210826,True,18
isolated,99,8,65,1,251,251,22,47,0,0.08764940239043825,True,18
isolated,99,8,66,0,496,496,35,18,0,0.07056451612903226,True,19
isolated,99,8,66,1,284,284,24,35,0,0.08450704225352113,True,19
isolated,99,8,67,0,535,535,50,5,0,0.09345794392523364,True,20
isolated,99,8,67,1,362,362,42,24,0,0.11602209944751381,True,20
isolated,99,8,68,0,470,470,40,7,0,0.0851063829787234,True,21
isolated,99,8,68,1,317,317,22,44,0,0.0694006309148265,True,21
isolated,99,8,69,0,541,541,43,17,0,0.07948243992606285,True,22
isolated,99,8,69,1,319,319,31,23,0,0.09717868338557993,True,22
isolated,99,8,70,0,216,216,11,0,0,0.05092592592592592,True,23
isolated,99,8,70,1,109,109,9,0,0,0.08256880733944955,True,23
isolated,99,8,71,0,578,578,47,6,0,0.08131487889273356,True,24
isolated,99,8,71,1,311,311,30,22,0,0.09646302250803858,True,24
isolated,99,8,72,0,411,411,30,4,0,0.072992700729927,True,25
isolated,99,8,72,1,241,241,26,40,0,0.1078838174273859,True,25
isolated,100,8,43,0,388,388,36,19,0,0.09278350515463918,True,0
isolated,100,8,43,1,234,234,18,42,0,0.07692307692307693,True,0
isolated,100,8,44,0,387,387,36,10,0,0.09302325581395349,True,1
isolated,100,8,44,1,245,245,13,32,0,0.053061224489795916,True,1
isolated,100,8,45,0,450,450,52,2,0,0.11555555555555555,True,2
isolated,100,8,45,1,279,279,26,30,0,0.0931899641577061,True,2
isolated,100,8,46,0,469,469,32,11,0,0.06823027718550106,True,3
isolated,100,8,46,1,272,272,23,22,0,0.08455882352941177,True,3
isolated,100,8,47,0,501,501,37,6,0,0.07385229540918163,True,4
isolated,100,8,47,1,273,273,16,28,0,0.05860805860805861,True,4
isolated,100,8,48,0,502,502,45,13,0,0.08964143426294821,True,5
isolated,100,8,48,1,239,239,15,12,0,0.06276150627615062,True,5
isolated,100,8,49,0,467,467,31,6,0,0.06638115631691649,True,6
isolated,100,8,49,1,257,257,26,18,0,0.10116731517509728,True,6
isolated,100,8,50,0,408,408,28,7,0,0.06862745098039216,True,7
isolated,100,8,50,1,251,251,20,34,0,0.0796812749003984,True,7
isolated,100,8,51,0,448,448,38,12,0,0.08482142857142858,True,8
isolated,100,8,51,1,268,268,25,13,0,0.09328358208955224,True,8
isolated,100,8,52,0,440,440,38,0,0,0.08636363636363636,True,9
isolated,100,8,52,1,253,253,28,15,0,0.11067193675889328,True,9
isolated,100,8,53,0,479,479,46,7,0,0.09603340292275574,True,10
isolated,100,8,53,1,258,258,17,13,0,0.06589147286821706,True,10
isolated,100,8,54,0,468,468,32,11,0,0.06837606837606838,True,11
isolated,100,8,54,1,271,271,22,26,0,0.08118081180811808,True,11
isolated,100,8,55,0,493,493,32,7,0,0.06490872210953347,True,12
isolated,100,8,55,1,265,265,25,20,0,0.09433962264150944,True,12
isolated,100,8,56,0,292,292,26,9,0,0.08904109589041095,True,13
isolated,100,8,56,1,162,162,6,25,0,0.037037037037037035,True,13
isolated,100,8,58,0,428,428,30,9,0,0.07009345794392523,True,15
isolated,100,8,58,1,255,255,22,24,0,0.08627450980392157,True,15
isolated,100,8,59,0,441,441,43,9,0,0.09750566893424037,True,16
isolated,100,8,59,1,248,248,22,26,0,0.08870967741935484,True,16
isolated,100,8,60,0,428,428,45,3,0,0.10514018691588785,True,17
isolated,100,8,60,1,263,263,27,23,0,0.10266159695817491,True,17
isolated,100,8,61,0,511,511,35,2,0,0.0684931506849315,True,18
isolated,100,8,61,1,265,265,17,27,0,0.06415094339622641,True,18
isolated,100,8,62,0,459,459,27,9,0,0.058823529411764705,True,19
isolated,100,8,62,1,283,283,32,18,0,0.11307420494699646,True,19
isolated,100,8,63,0,464,464,24,12,0,0.05172413793103448,True,20
isolated,100,8,63,1,274,274,25,18,0,0.09124087591240876,True,20
isolated,100,8,64,0,496,496,35,12,0,0.07056451612903226,True,21
isolated,100,8,64,1,250,250,22,12,0,0.088,True,21
isolated,100,8,65,0,462,462,32,11,0,0.06926406926406926,True,22
isolated,100,8,65,1,252,252,18,25,0,0.07142857142857142,True,22
isolated,100,8,66,0,436,436,33,11,0,0.07568807339449542,True,23
isolated,100,8,66,1,279,279,27,28,0,0.0967741935483871,True,23
isolated,100,8,67,0,459,459,29,11,0,0.06318082788671024,True,24
isolated,100,8,67,1,255,255,19,29,0,0.07450980392156863,True,24
isolated,100,8,68,0,405,405,31,12,0,0.07654320987654321,True,25
isolated,100,8,68,1,231,231,20,23,0,0.08658008658008658,True,25
isolated,100,8,69,0,339,339,18,13,0,0.05309734513274336,True,26
isolated,100,8,69,1,281,281,24,37,0,0.08540925266903915,True,26
isolated,100,8,70,0,383,383,28,3,0,0.0731070496083551,True,27
isolated,100,8,70,1,283,283,33,31,0,0.1166077738515901,True,27
isolated,100,8,71,0,435,435,18,18,0,0.041379310344827586,True,28
isolated,100,8,71,1,245,245,12,31,0,0.04897959183673469,True,28
isolated,100,8,72,0,375,375,20,13,0,0.05333333333333334,True,29
isolated,100,8,72,1,243,243,20,48,0,0.0823045267489712,True,29
isolated,103,8,53,0,426,426,39,20,0,0.09154929577464789,True,0
isolated,103,8,53,1,265,265,17,43,0,0.06415094339622641,True,0
isolated,103,8,54,0,469,469,44,14,0,0.09381663113006397,True,1
isolated,103,8,54,1,274,274,25,18,0,0.09124087591240876,True,1
isolated,103,8,55,0,611,611,57,0,0,0.09328968903436989,True,2
isolated,103,8,55,1,363,363,41,11,0,0.11294765840220386,True,2
isolated,103,8,56,0,372,372,25,29,0,0.06720430107526881,True,3
isolated,103,8,56,1,238,238,17,44,0,0.07142857142857142,True,3
isolated,103,8,57,0,474,474,36,8,0,0.0759493670886076,True,4
isolated,103,8,57,1,302,302,26,27,0,0.08609271523178808,True,4
isolated,103,8,58,0,520,520,57,3,0,0.10961538461538461,True,5
isolated,103,8,58,1,326,326,48,11,0,0.147239263803681,True,5
isolated,103,8,59,0,547,547,41,3,0,0.07495429616087751,True,6
isolated,103,8,59,1,286,286,22,26,0,0.07692307692307693,True,6
isolated,103,8,60,0,553,553,39,5,0,0.0705244122965642,True,7
isolated,103,8,60,1,290,290,31,21,0,0.10689655172413794,True,7
isolated,103,8,61,0,560,560,61,6,0,0.10892857142857143,True,8
isolated,103,8,61,1,308,308,32,13,0,0.1038961038961039,True,8
isolated,103,8,62,0,588,588,50,2,0,0.08503401360544217,True,9
isolated,103,8,62,1,291,291,33,9,0,0.1134020618556701,True,9
isolated,103,8,63,0,595,595,58,0,0,0.09747899159663866,True,10
isolated,103,8,63,1,338,338,31,11,0,0.09171597633136094,True,10
isolated,103,8,64,0,584,584,41,4,0,0.0702054794520548,True,11
isolated,103,8,64,1,316,316,35,13,0,0.11075949367088607,True,11
isolated,103,8,65,0,487,487,36,9,0,0.07392197125256673,True,12
isolated,103,8,65,1,284,284,30,23,0,0.1056338028169014,True,12
isolated,103,8,66,0,235,235,28,4,0,0.11914893617021277,True,13
isolated,103,8,66,1,145,145,22,10,0,0.15172413793103448,True,13
isolated,103,8,67,0,517,517,60,2,0,0.11605415860735009,True,14
isolated,103,8,67,1,301,301,36,26,0,0.11960132890365449,True,14
isolated,103,8,68,0,453,453,54,7,0,0.11920529801324503,True,15
isolated,103,8,68,1,327,327,42,27,0,0.12844036697247707,True,15
isolated,103,8,69,0,593,593,44,10,0,0.07419898819561552,True,16
isolated,103,8,69,1,316,316,34,17,0,0.10759493670886076,True,16
isolated,103,8,70,0,283,283,39,2,0,0.13780918727915195,True,17
isolated,103,8,70,1,190,190,24,7,0,0.12631578947368421,True,17
isolated,103,8,71,0,575,575,35,6,0,0.06086956521739131,True,18
isolated,103,8,71,1,308,308,19,15,0,0.06168831168831169,True,18
isolated,103,8,72,0,498,498,35,30,0,0.07028112449799197,True,19
isolated,103,8,72,1,260,260,20,26,0,0.07692307692307693,True,19
isolated,103,8,73,0,449,449,33,16,0,0.07349665924276169,True,20
isolated,103,8,73,1,267,267,22,36,0,0.08239700374531835,True,20
isolated,103,8,74,0,476,476,39,11,0,0.0819327731092437,True,21
isolated,103,8,74,1,288,288,24,37,0,0.08333333333333333,True,21
isolated,103,8,75,0,502,502,38,13,0,0.07569721115537849,True,22
isolated,103,8,75,1,288,288,28,11,0,0.09722222222222222,True,22
isolated,103,8,76,0,470,470,27,10,0,0.0574468085106383,True,23
isolated,103,8,76,1,276,276,29,23,0,0.10507246376811594,True,23
isolated,103,8,77,0,469,469,29,16,0,0.06183368869936034,True,24
isolated,103,8,77,1,276,276,31,21,0,0.11231884057971014,True,24
isolated,103,8,78,0,359,359,33,10,0,0.09192200557103064,True,25
isolated,103,8,78,1,200,200,12,33,0,0.06,True,25
isolated,103,8,79,0,357,357,24,17,0,0.06722689075630252,True,26
isolated,103,8,79,1,271,271,30,47,0,0.11070110701107011,True,26
isolated,103,8,80,0,484,484,58,3,0,0.11983471074380166,True,27
isolated,103,8,80,1,304,304,33,17,0,0.10855263157894737,True,27
isolated,103,8,81,0,628,628,84,38,0,0.1337579617834395,True,28
